pos_id,date_key,asset_key,units,market_value
1,20210104,6,5300.0,966349.0097045898
2,20210105,6,5300.0,969210.9741210938
3,20210106,6,5300.0,953469.9676513672
4,20210107,6,5300.0,951243.977355957
5,20210108,6,5300.0,918701.9805908203
6,20210111,6,5300.0,916900.0
7,20210112,6,5300.0,922835.9741210938
8,20210113,6,5300.0,918860.9741210938
9,20210114,6,5300.0,918383.9935302734
10,20210115,6,5300.0,906989.0258789062
11,20210119,6,5300.0,914674.0097045898
12,20210120,6,5300.0,929566.9967651367
13,20210121,6,5300.0,928983.9935302734
14,20210122,6,5300.0,921669.9676513672
15,20210125,6,5300.0,922465.0161743164
16,20210126,6,5300.0,920185.9741210938
17,20210127,6,5300.0,914356.022644043
18,20210128,6,5300.0,915203.9611816406
19,20210129,6,5300.0,914833.0032348633
20,20210201,6,5300.0,923418.977355957
21,20210202,6,5300.0,912183.0032348633
22,20210203,6,5300.0,910805.0323486328
23,20210204,6,5300.0,891194.9676513672
24,20210205,6,5300.0,899992.9870605469
25,20210208,6,5300.0,909056.022644043
26,20210209,6,5300.0,912024.0097045898
27,20210210,6,5300.0,915363.0355834961
28,20210211,6,5300.0,907413.0355834961
29,20210212,6,5300.0,904657.0129394531
30,20210216,6,5300.0,891672.0291137695
31,20210217,6,5300.0,881549.0097045898
32,20210218,6,5300.0,881496.0388183594
33,20210219,6,5300.0,885152.9708862305
34,20210222,6,5300.0,898402.9708862305
35,20210223,6,5300.0,896335.9741210938
36,20210224,6,5300.0,895700.0
37,20210225,6,5300.0,878846.0388183594
38,20210226,6,5300.0,857592.9870605469
39,20210301,6,5300.0,856108.9935302734
40,20210302,6,5300.0,860773.0194091797
41,20210303,6,5300.0,851285.9741210938
42,20210304,6,5300.0,842911.9644165039
43,20210305,6,5300.0,843441.9967651367
44,20210308,6,5300.0,834697.0291137695
45,20210309,6,5300.0,852451.9805908203
46,20210310,6,5300.0,856798.0194091797
47,20210311,6,5300.0,856056.022644043
48,20210312,6,5300.0,855897.0291137695
49,20210315,6,5300.0,859659.9838256836
50,20210316,6,5300.0,860455.0323486328
51,20210317,6,5300.0,866602.9708862305
52,20210318,6,5300.0,861567.9870605469
53,20210319,6,5300.0,865172.0291137695
54,20210322,6,5300.0,863900.0
55,20210323,6,5300.0,857592.9870605469
56,20210324,6,5300.0,860560.9741210938
57,20210325,6,5300.0,857433.9935302734
58,20210326,6,5300.0,859872.0291137695
59,20210329,6,5300.0,849642.9870605469
60,20210330,6,5300.0,835121.0388183594
61,20210331,6,5300.0,847788.0355834961
62,20210401,6,5300.0,858493.977355957
63,20210405,6,5300.0,858175.9902954102
64,20210406,6,5300.0,865066.0064697266
65,20210407,6,5300.0,862627.9708862305
66,20210408,6,5300.0,871902.9708862305
67,20210409,6,5300.0,865331.022644043
68,20210412,6,5300.0,860083.9935302734
69,20210413,6,5300.0,866178.9611816406
70,20210414,6,5300.0,862416.0064697266
71,20210415,6,5300.0,876355.0323486328
72,20210416,6,5300.0,881655.0323486328
73,20210419,6,5300.0,879216.9967651367
74,20210420,6,5300.0,882343.977355957
75,20210421,6,5300.0,891089.0258789062
76,20210422,6,5300.0,885311.9644165039
77,20210423,6,5300.0,881919.9676513672
78,20210426,6,5300.0,884251.9805908203
79,20210427,6,5300.0,882025.9902954102
80,20210428,6,5300.0,884623.0194091797
81,20210429,6,5300.0,880966.0064697266
82,20210430,6,5300.0,877998.0194091797
83,20210503,6,5300.0,889392.9870605469
84,20210504,6,5300.0,882874.0097045898
85,20210505,6,5300.0,886531.022644043
86,20210506,6,5300.0,901317.9870605469
87,20210507,6,5300.0,909426.9805908203
88,20210510,6,5300.0,912183.0032348633
89,20210511,6,5300.0,912341.9967651367
90,20210512,6,5300.0,903278.9611816406
91,20210513,6,5300.0,906989.0258789062
92,20210514,6,5300.0,915257.0129394531
93,20210517,6,5300.0,925909.9838256836
94,20210518,6,5300.0,927711.9644165039
95,20210519,6,5300.0,928348.0194091797
96,20210520,6,5300.0,932588.0355834961
97,20210521,6,5300.0,933011.9644165039
98,20210524,6,5300.0,934655.0323486328
99,20210525,6,5300.0,943134.9838256836
100,20210526,6,5300.0,941491.9967651367
101,20210527,6,5300.0,941863.0355834961
102,20210528,6,5300.0,945414.0258789062
103,20210601,6,5300.0,942869.9676513672
104,20210602,6,5300.0,947481.022644043
105,20210603,6,5300.0,928931.022644043
106,20210604,6,5300.0,938948.0194091797
107,20210607,6,5300.0,942710.9741210938
108,20210608,6,5300.0,939796.0388183594
109,20210609,6,5300.0,937993.977355957
110,20210610,6,5300.0,942022.0291137695
111,20210611,6,5300.0,931422.0291137695
112,20210614,6,5300.0,925963.0355834961
113,20210615,6,5300.0,922465.0161743164
114,20210616,6,5300.0,906883.0032348633
115,20210617,6,5300.0,879005.0323486328
116,20210618,6,5300.0,874128.9611816406
117,20210621,6,5300.0,884834.9838256836
118,20210622,6,5300.0,881125.0
119,20210623,6,5300.0,880541.9967651367
120,20210624,6,5300.0,880011.9644165039
121,20210625,6,5300.0,882926.9805908203
122,20210628,6,5300.0,882874.0097045898
123,20210629,6,5300.0,873599.0097045898
124,20210630,6,5300.0,877839.0258789062
125,20210701,6,5300.0,880859.9838256836
126,20210702,6,5300.0,886636.9644165039
127,20210706,6,5300.0,891035.9741210938
128,20210707,6,5300.0,894427.9708862305
129,20210708,6,5300.0,893844.9676513672
130,20210709,6,5300.0,896813.0355834961
131,20210712,6,5300.0,895700.0
132,20210713,6,5300.0,896866.0064697266
133,20210714,6,5300.0,906511.9644165039
134,20210715,6,5300.0,906671.0388183594
135,20210716,6,5300.0,897873.0194091797
136,20210719,6,5300.0,898933.0032348633
137,20210720,6,5300.0,897766.9967651367
138,20210721,6,5300.0,894427.9708862305
139,20210722,6,5300.0,896176.9805908203
140,20210723,6,5300.0,893367.9870605469
141,20210726,6,5300.0,891248.0194091797
142,20210727,6,5300.0,892732.0129394531
143,20210728,6,5300.0,897236.9644165039
144,20210729,6,5300.0,907200.9902954102
145,20210730,6,5300.0,900046.0388183594
146,20210802,6,5300.0,898933.0032348633
147,20210803,6,5300.0,898297.0291137695
148,20210804,6,5300.0,898508.9935302734
149,20210805,6,5300.0,894958.0032348633
150,20210806,6,5300.0,872591.9967651367
151,20210809,6,5300.0,857116.0064697266
152,20210810,6,5300.0,857381.022644043
153,20210811,6,5300.0,869200.0
154,20210812,6,5300.0,869411.9644165039
155,20210813,6,5300.0,881866.9967651367
156,20210816,6,5300.0,886266.0064697266
157,20210817,6,5300.0,884941.0064697266
158,20210818,6,5300.0,885630.0323486328
159,20210819,6,5300.0,883033.0032348633
160,20210820,6,5300.0,883509.9838256836
161,20210823,6,5300.0,894268.977355957
162,20210824,6,5300.0,893844.9676513672
163,20210825,6,5300.0,887643.977355957
164,20210826,6,5300.0,888650.9902954102
165,20210827,6,5300.0,902007.0129394531
166,20210830,6,5300.0,897555.0323486328
167,20210831,6,5300.0,899357.0129394531
168,20210901,6,5300.0,899409.9838256836
169,20210902,6,5300.0,897025.0
170,20210903,6,5300.0,906617.9870605469
171,20210907,6,5300.0,888863.0355834961
172,20210908,6,5300.0,886636.9644165039
173,20210909,6,5300.0,890558.9935302734
174,20210910,6,5300.0,886053.9611816406
175,20210913,6,5300.0,889022.0291137695
176,20210914,6,5300.0,894746.0388183594
177,20210915,6,5300.0,889499.0097045898
178,20210916,6,5300.0,869358.9935302734
179,20210917,6,5300.0,867981.022644043
180,20210920,6,5300.0,874182.0129394531
181,20210921,6,5300.0,880011.9644165039
182,20210922,6,5300.0,876725.9902954102
183,20210923,6,5300.0,866602.9708862305
184,20210924,6,5300.0,865490.0161743164
185,20210927,6,5300.0,867291.9967651367
186,20210928,6,5300.0,858865.0161743164
187,20210929,6,5300.0,854996.0388183594
188,20210930,6,5300.0,870366.0064697266
189,20211001,6,5300.0,872326.9805908203
190,20211004,6,5300.0,876408.0032348633
191,20211005,6,5300.0,872326.9805908203
192,20211006,6,5300.0,874658.9935302734
193,20211007,6,5300.0,870048.0194091797
194,20211008,6,5300.0,870418.977355957
195,20211011,6,5300.0,868775.9902954102
196,20211012,6,5300.0,872698.0194091797
197,20211013,6,5300.0,888226.9805908203
198,20211014,6,5300.0,890400.0
199,20211015,6,5300.0,876249.0097045898
200,20211018,6,5300.0,874075.9902954102
201,20211019,6,5300.0,876884.9838256836
202,20211020,6,5300.0,884569.9676513672
203,20211021,6,5300.0,883775.0
204,20211022,6,5300.0,889181.022644043
205,20211025,6,5300.0,895328.9611816406
206,20211026,6,5300.0,888703.9611816406
207,20211027,6,5300.0,891035.9741210938
208,20211028,6,5300.0,890824.0097045898
209,20211029,6,5300.0,883244.9676513672
210,20211101,6,5300.0,887856.022644043
211,20211102,6,5300.0,885948.0194091797
212,20211103,6,5300.0,878581.022644043
213,20211104,6,5300.0,888544.9676513672
214,20211105,6,5300.0,900151.9805908203
215,20211108,6,5300.0,903384.9838256836
216,20211109,6,5300.0,907836.9644165039
217,20211110,6,5300.0,917694.9676513672
218,20211111,6,5300.0,922835.9741210938
219,20211112,6,5300.0,924584.9838256836
220,20211115,6,5300.0,923153.9611816406
221,20211116,6,5300.0,916475.9902954102
222,20211117,6,5300.0,924850.0
223,20211118,6,5300.0,921882.0129394531
224,20211119,6,5300.0,914833.0032348633
225,20211122,6,5300.0,894322.0291137695
226,20211123,6,5300.0,886583.9935302734
227,20211124,6,5300.0,885735.9741210938
228,20211126,6,5300.0,884305.0323486328
229,20211129,6,5300.0,883085.9741210938
230,20211130,6,5300.0,877150.0
231,20211201,6,5300.0,880648.0194091797
232,20211202,6,5300.0,875772.0291137695
233,20211203,6,5300.0,883139.0258789062
234,20211206,6,5300.0,880966.0064697266
235,20211207,6,5300.0,884092.9870605469
236,20211208,6,5300.0,884569.9676513672
237,20211209,6,5300.0,879164.0258789062
238,20211210,6,5300.0,882874.0097045898
239,20211213,6,5300.0,885100.0
240,20211214,6,5300.0,876832.0129394531
241,20211215,6,5300.0,880594.9676513672
242,20211216,6,5300.0,891248.0194091797
243,20211217,6,5300.0,889340.0161743164
244,20211220,6,5300.0,885576.9805908203
245,20211221,6,5300.0,885206.022644043
246,20211222,6,5300.0,893526.9805908203
247,20211223,6,5300.0,895541.0064697266
248,20211227,6,5300.0,897660.9741210938
249,20211228,6,5300.0,893791.9967651367
250,20211229,6,5300.0,893526.9805908203
251,20211230,6,5300.0,899940.0161743164
252,20211231,6,5300.0,906088.0355834961
253,20220103,6,5300.0,892149.0097045898
254,20220104,6,5300.0,898721.0388183594
255,20220105,6,5300.0,896017.9870605469
256,20220106,6,5300.0,885047.0291137695
257,20220107,6,5300.0,889075.0
258,20220110,6,5300.0,891777.9708862305
259,20220111,6,5300.0,902536.9644165039
260,20220112,6,5300.0,904922.0291137695
261,20220113,6,5300.0,901848.0194091797
262,20220114,6,5300.0,899250.9902954102
263,20220118,6,5300.0,897766.9967651367
264,20220119,6,5300.0,912024.0097045898
265,20220120,6,5300.0,909744.9676513672
266,20220121,6,5300.0,906776.9805908203
267,20220124,6,5300.0,911758.9935302734
268,20220125,6,5300.0,914674.0097045898
269,20220126,6,5300.0,899886.9644165039
270,20220127,6,5300.0,888280.0323486328
271,20220128,6,5300.0,885630.0323486328
272,20220131,6,5300.0,890876.9805908203
273,20220201,6,5300.0,891618.977355957
274,20220202,6,5300.0,894851.9805908203
275,20220203,6,5300.0,893580.0323486328
276,20220204,6,5300.0,894958.0032348633
277,20220207,6,5300.0,901583.0032348633
278,20220208,6,5300.0,904339.0258789062
279,20220209,6,5300.0,907413.0355834961
280,20220210,6,5300.0,903967.9870605469
281,20220211,6,5300.0,921192.9870605469
282,20220214,6,5300.0,926122.0291137695
283,20220215,6,5300.0,917324.0097045898
284,20220216,6,5300.0,926758.0032348633
285,20220217,6,5300.0,939425.0
286,20220218,6,5300.0,938735.9741210938
287,20220222,6,5300.0,940697.0291137695
288,20220223,6,5300.0,944936.9644165039
289,20220224,6,5300.0,938841.9967651367
290,20220225,6,5300.0,935715.0161743164
291,20220228,6,5300.0,945414.0258789062
292,20220301,6,5300.0,962585.9741210938
293,20220302,6,5300.0,952568.977355957
294,20220303,6,5300.0,958240.0161743164
295,20220304,6,5300.0,973503.9611816406
296,20220307,6,5300.0,987973.0194091797
297,20220308,6,5300.0,1015002.9708862305
298,20220309,6,5300.0,984846.0388183594
299,20220310,6,5300.0,987919.9676513672
300,20220311,6,5300.0,980976.9805908203
301,20220314,6,5300.0,966190.0161743164
302,20220315,6,5300.0,948116.9967651367
303,20220316,6,5300.0,954052.9708862305
304,20220317,6,5300.0,958716.9967651367
305,20220318,6,5300.0,950290.0161743164
306,20220321,6,5300.0,957550.9902954102
307,20220322,6,5300.0,950608.0032348633
308,20220323,6,5300.0,963592.9870605469
309,20220324,6,5300.0,970589.0258789062
310,20220325,6,5300.0,966614.0258789062
311,20220328,6,5300.0,949017.9870605469
312,20220329,6,5300.0,949441.9967651367
313,20220330,6,5300.0,957074.0097045898
314,20220331,6,5300.0,957444.9676513672
315,20220401,6,5300.0,951350.0
316,20220404,6,5300.0,955960.9741210938
317,20220405,6,5300.0,949972.0291137695
318,20220406,6,5300.0,952198.0194091797
319,20220407,6,5300.0,955801.9805908203
320,20220408,6,5300.0,961791.0064697266
321,20220411,6,5300.0,966560.9741210938
322,20220412,6,5300.0,973981.022644043
323,20220413,6,5300.0,978644.9676513672
324,20220414,6,5300.0,975411.9644165039
325,20220418,6,5300.0,978433.0032348633
326,20220419,6,5300.0,963646.0388183594
327,20220420,6,5300.0,968363.0355834961
328,20220421,6,5300.0,964917.9870605469
329,20220422,6,5300.0,955536.9644165039
330,20220425,6,5300.0,938365.0161743164
331,20220426,6,5300.0,939796.0388183594
332,20220427,6,5300.0,932693.977355957
333,20220428,6,5300.0,937728.9611816406
334,20220429,6,5300.0,937623.0194091797
335,20220502,6,5300.0,920239.0258789062
336,20220503,6,5300.0,922676.9805908203
337,20220504,6,5300.0,931740.0161743164
338,20220505,6,5300.0,928189.0258789062
339,20220506,6,5300.0,929725.9902954102
340,20220509,6,5300.0,916264.0258789062
341,20220510,6,5300.0,908525.9902954102
342,20220511,6,5300.0,915946.0388183594
343,20220512,6,5300.0,901900.9902954102
344,20220513,6,5300.0,894586.9644165039
345,20220516,6,5300.0,903119.9676513672
346,20220517,6,5300.0,897449.0097045898
347,20220518,6,5300.0,897925.9902954102
348,20220519,6,5300.0,911123.0194091797
349,20220520,6,5300.0,911758.9935302734
350,20220523,6,5300.0,915999.0097045898
351,20220524,6,5300.0,922889.0258789062
352,20220525,6,5300.0,917324.0097045898
353,20220526,6,5300.0,915627.9708862305
354,20220527,6,5300.0,916105.0323486328
355,20220531,6,5300.0,907041.9967651367
356,20220601,6,5300.0,912818.977355957
357,20220602,6,5300.0,924055.0323486328
358,20220603,6,5300.0,914674.0097045898
359,20220606,6,5300.0,910646.0388183594
360,20220607,6,5300.0,916582.0129394531
361,20220608,6,5300.0,915733.9935302734
362,20220609,6,5300.0,912818.977355957
363,20220610,6,5300.0,925061.9644165039
364,20220613,6,5300.0,900628.9611816406
365,20220614,6,5300.0,893421.0388183594
366,20220615,6,5300.0,905081.022644043
367,20220616,6,5300.0,915257.0129394531
368,20220617,6,5300.0,907731.022644043
369,20220621,6,5300.0,904339.0258789062
370,20220622,6,5300.0,907942.9870605469
371,20220623,6,5300.0,902377.9708862305
372,20220624,6,5300.0,901476.9805908203
373,20220627,6,5300.0,900469.9676513672
374,20220628,6,5300.0,898985.9741210938
375,20220629,6,5300.0,898297.0291137695
376,20220630,6,5300.0,892838.0355834961
377,20220701,6,5300.0,892096.0388183594
378,20220705,6,5300.0,873175.0
379,20220706,6,5300.0,859341.9967651367
380,20220707,6,5300.0,859818.977355957
381,20220708,6,5300.0,860190.0161743164
382,20220711,6,5300.0,855578.9611816406
383,20220712,6,5300.0,852399.0097045898
384,20220713,6,5300.0,856480.0323486328
385,20220714,6,5300.0,844449.0097045898
386,20220715,6,5300.0,842752.9708862305
387,20220718,6,5300.0,843548.0194091797
388,20220719,6,5300.0,845561.9644165039
389,20220720,6,5300.0,837611.9644165039
390,20220721,6,5300.0,849431.022644043
391,20220722,6,5300.0,851550.9902954102
392,20220725,6,5300.0,849218.977355957
393,20220726,6,5300.0,848211.9644165039
394,20220727,6,5300.0,856850.9902954102
395,20220728,6,5300.0,867291.9967651367
396,20220729,6,5300.0,869730.0323486328
397,20220801,6,5300.0,874658.9935302734
398,20220802,6,5300.0,869465.0161743164
399,20220803,6,5300.0,871584.9838256836
400,20220804,6,5300.0,886000.9902954102
401,20220805,6,5300.0,876036.9644165039
402,20220808,6,5300.0,883457.0129394531
403,20220809,6,5300.0,886159.9838256836
404,20220810,6,5300.0,883933.9935302734
405,20220811,6,5300.0,881601.9805908203
406,20220812,6,5300.0,889710.9741210938
407,20220815,6,5300.0,878263.0355834961
408,20220816,6,5300.0,876725.9902954102
409,20220817,6,5300.0,871055.0323486328
410,20220818,6,5300.0,868775.9902954102
411,20220819,6,5300.0,862416.0064697266
412,20220822,6,5300.0,856691.9967651367
413,20220823,6,5300.0,862681.022644043
414,20220824,6,5300.0,865225.0
415,20220825,6,5300.0,867875.0
416,20220826,6,5300.0,857327.9708862305
417,20220829,6,5300.0,857858.0032348633
418,20220830,6,5300.0,850702.9708862305
419,20220831,6,5300.0,844131.022644043
420,20220901,6,5300.0,836710.9741210938
421,20220902,6,5300.0,844077.9708862305
422,20220906,6,5300.0,839149.0097045898
423,20220907,6,5300.0,847682.0129394531
424,20220908,6,5300.0,842593.977355957
425,20220909,6,5300.0,847046.0388183594
426,20220912,6,5300.0,851339.0258789062
427,20220913,6,5300.0,840261.9644165039
428,20220914,6,5300.0,837028.9611816406
429,20220915,6,5300.0,821393.977355957
430,20220916,6,5300.0,825951.9805908203
431,20220919,6,5300.0,826588.0355834961
432,20220920,6,5300.0,821871.0388183594
433,20220921,6,5300.0,825686.9644165039
434,20220922,6,5300.0,825209.9838256836
435,20220923,6,5300.0,810952.9708862305
436,20220926,6,5300.0,801518.977355957
437,20220927,6,5300.0,803161.9644165039
438,20220928,6,5300.0,819857.0129394531
439,20220929,6,5300.0,819698.0194091797
440,20220930,6,5300.0,819750.9902954102
441,20221003,6,5300.0,839678.9611816406
442,20221004,6,5300.0,851709.9838256836
443,20221005,6,5300.0,846992.9870605469
444,20221006,6,5300.0,846039.0258789062
445,20221007,6,5300.0,836764.0258789062
446,20221010,6,5300.0,824043.977355957
447,20221011,6,5300.0,822348.0194091797
448,20221012,6,5300.0,826747.0291137695
449,20221013,6,5300.0,821023.0194091797
450,20221014,6,5300.0,810793.977355957
451,20221017,6,5300.0,813125.9902954102
452,20221018,6,5300.0,814875.0
453,20221019,6,5300.0,803957.0129394531
454,20221020,6,5300.0,802684.9838256836
455,20221021,6,5300.0,816994.9676513672
456,20221024,6,5300.0,814344.9676513672
457,20221025,6,5300.0,816200.0
458,20221026,6,5300.0,821393.977355957
459,20221027,6,5300.0,820122.0291137695
460,20221028,6,5300.0,811748.0194091797
461,20221031,6,5300.0,805123.0194091797
462,20221101,6,5300.0,813338.0355834961
463,20221102,6,5300.0,807666.9967651367
464,20221103,6,5300.0,804592.9870605469
465,20221104,6,5300.0,829291.0064697266
466,20221107,6,5300.0,826005.0323486328
467,20221108,6,5300.0,845084.9838256836
468,20221109,6,5300.0,840844.9676513672
469,20221110,6,5300.0,866443.977355957
470,20221111,6,5300.0,872167.9870605469
471,20221114,6,5300.0,874075.9902954102
472,20221115,6,5300.0,877150.0
473,20221116,6,5300.0,875135.9741210938
474,20221117,6,5300.0,868775.9902954102
475,20221118,6,5300.0,862786.9644165039
476,20221121,6,5300.0,857964.0258789062
477,20221122,6,5300.0,858971.0388183594
478,20221123,6,5300.0,864324.0097045898
479,20221125,6,5300.0,865066.0064697266
480,20221128,6,5300.0,858228.9611816406
481,20221129,6,5300.0,862468.977355957
482,20221130,6,5300.0,873492.9870605469
483,20221201,6,5300.0,889551.9805908203
484,20221202,6,5300.0,886477.9708862305
485,20221205,6,5300.0,871266.9967651367
486,20221206,6,5300.0,873651.9805908203
487,20221207,6,5300.0,881549.0097045898
488,20221208,6,5300.0,882291.0064697266
489,20221209,6,5300.0,885417.9870605469
490,20221212,6,5300.0,878103.9611816406
491,20221213,6,5300.0,893102.9708862305
492,20221214,6,5300.0,890930.0323486328
493,20221215,6,5300.0,876355.0323486328
494,20221216,6,5300.0,883986.9644165039
495,20221219,6,5300.0,881496.0388183594
496,20221220,6,5300.0,896124.0097045898
497,20221221,6,5300.0,894640.0161743164
498,20221222,6,5300.0,883827.9708862305
499,20221223,6,5300.0,886477.9708862305
500,20221227,6,5300.0,893950.9902954102
501,20221228,6,5300.0,889923.0194091797
502,20221229,6,5300.0,894905.0323486328
503,20221230,6,5300.0,899091.9967651367
504,20230103,6,5300.0,906617.9870605469
505,20230104,6,5300.0,915150.9902954102
506,20230105,6,5300.0,903756.022644043
507,20230106,6,5300.0,920663.0355834961
508,20230109,6,5300.0,922730.0323486328
509,20230110,6,5300.0,926122.0291137695
510,20230111,6,5300.0,925485.9741210938
511,20230112,6,5300.0,936191.9967651367
512,20230113,6,5300.0,947427.9708862305
513,20230117,6,5300.0,941226.9805908203
514,20230118,6,5300.0,938524.0097045898
515,20230119,6,5300.0,953416.9967651367
516,20230120,6,5300.0,950236.9644165039
517,20230123,6,5300.0,952039.0258789062
518,20230124,6,5300.0,955483.9935302734
519,20230125,6,5300.0,959883.0032348633
520,20230126,6,5300.0,951191.0064697266
521,20230127,6,5300.0,949866.0064697266
522,20230130,6,5300.0,947427.9708862305
523,20230131,6,5300.0,950873.0194091797
524,20230201,6,5300.0,962850.9902954102
525,20230202,6,5300.0,942869.9676513672
526,20230203,6,5300.0,919338.0355834961
527,20230206,6,5300.0,921246.0388183594
528,20230207,6,5300.0,922093.977355957
529,20230208,6,5300.0,924373.0194091797
530,20230209,6,5300.0,917058.9935302734
531,20230210,6,5300.0,918808.0032348633
532,20230213,6,5300.0,914143.977355957
533,20230214,6,5300.0,914833.0032348633
534,20230215,6,5300.0,905716.9967651367
535,20230216,6,5300.0,904975.0
536,20230217,6,5300.0,907677.9708862305
537,20230221,6,5300.0,904285.9741210938
538,20230222,6,5300.0,899198.0194091797
539,20230223,6,5300.0,898721.0388183594
540,20230224,6,5300.0,892255.0323486328
541,20230227,6,5300.0,895752.9708862305
542,20230228,6,5300.0,899833.9935302734
543,20230301,6,5300.0,905027.9708862305
544,20230302,6,5300.0,904498.0194091797
545,20230303,6,5300.0,914197.0291137695
546,20230306,6,5300.0,909585.9741210938
547,20230307,6,5300.0,893685.9741210938
548,20230308,6,5300.0,893261.9644165039
549,20230309,6,5300.0,902059.9838256836
550,20230310,6,5300.0,921510.9741210938
551,20230313,6,5300.0,942658.0032348633
552,20230314,6,5300.0,937199.0097045898
553,20230315,6,5300.0,944513.0355834961
554,20230316,6,5300.0,946421.0388183594
555,20230317,6,5300.0,973981.022644043
556,20230320,6,5300.0,974351.9805908203
557,20230321,6,5300.0,955960.9741210938
558,20230322,6,5300.0,972232.0129394531
559,20230323,6,5300.0,984422.0291137695
560,20230324,6,5300.0,973344.9676513672
561,20230327,6,5300.0,964334.9838256836
562,20230328,6,5300.0,972232.0129394531
563,20230329,6,5300.0,967408.9935302734
564,20230330,6,5300.0,976153.9611816406
565,20230331,6,5300.0,971066.0064697266
566,20230403,6,5300.0,978061.9644165039
567,20230404,6,5300.0,996293.977355957
568,20230405,6,5300.0,995499.0097045898
569,20230406,6,5300.0,988397.0291137695
570,20230410,6,5300.0,981083.0032348633
571,20230411,6,5300.0,987283.9935302734
572,20230412,6,5300.0,992107.0129394531
573,20230413,6,5300.0,1005516.0064697266
574,20230414,6,5300.0,987708.0032348633
575,20230417,6,5300.0,983308.9935302734
576,20230418,6,5300.0,987125.0
577,20230419,6,5300.0,982408.0032348633
578,20230420,6,5300.0,986276.9805908203
579,20230421,6,5300.0,976525.0
580,20230424,6,5300.0,979492.9870605469
581,20230425,6,5300.0,984475.0
582,20230426,6,5300.0,979122.0291137695
583,20230427,6,5300.0,979175.0
584,20230428,6,5300.0,979440.0161743164
585,20230501,6,5300.0,975041.0064697266
586,20230502,6,5300.0,993856.022644043
587,20230503,6,5300.0,1002283.0032348633
588,20230504,6,5300.0,1009332.0129394531
589,20230505,6,5300.0,993538.0355834961
590,20230508,6,5300.0,994757.0129394531
591,20230509,6,5300.0,1001806.022644043
592,20230510,6,5300.0,1000375.0
593,20230511,6,5300.0,991789.0258789062
594,20230512,6,5300.0,990092.9870605469
595,20230515,6,5300.0,992213.0355834961
596,20230516,6,5300.0,979810.9741210938
597,20230517,6,5300.0,976418.977355957
598,20230518,6,5300.0,963751.9805908203
599,20230519,6,5300.0,973291.9967651367
600,20230522,6,5300.0,971013.0355834961
601,20230523,6,5300.0,972178.9611816406
602,20230524,6,5300.0,964334.9838256836
603,20230525,6,5300.0,955059.9838256836
604,20230526,6,5300.0,958875.9902954102
605,20230530,6,5300.0,964811.9644165039
606,20230531,6,5300.0,966296.0388183594
607,20230601,6,5300.0,973927.9708862305
608,20230602,6,5300.0,959565.0161743164
609,20230605,6,5300.0,965341.9967651367
610,20230606,6,5300.0,966401.9805908203
611,20230607,6,5300.0,954794.9676513672
612,20230608,6,5300.0,967408.9935302734
613,20230609,6,5300.0,964811.9644165039
614,20230612,6,5300.0,963964.0258789062
615,20230613,6,5300.0,956861.9644165039
616,20230614,6,5300.0,957391.9967651367
617,20230615,6,5300.0,964123.0194091797
618,20230616,6,5300.0,962639.0258789062
619,20230620,6,5300.0,952675.0
620,20230621,6,5300.0,951297.0291137695
621,20230622,6,5300.0,941863.0355834961
622,20230623,6,5300.0,944459.9838256836
623,20230626,6,5300.0,946102.9708862305
624,20230627,6,5300.0,941757.0129394531
625,20230628,6,5300.0,939583.9935302734
626,20230629,6,5300.0,938576.9805908203
627,20230630,6,5300.0,944831.022644043
628,20230703,6,5300.0,945891.0064697266
629,20230705,6,5300.0,942551.9805908203
630,20230706,6,5300.0,939742.9870605469
631,20230707,6,5300.0,946791.9967651367
632,20230710,6,5300.0,947533.9935302734
633,20230711,6,5300.0,951084.9838256836
634,20230712,6,5300.0,963964.0258789062
635,20230713,6,5300.0,964652.9708862305
636,20230714,6,5300.0,961578.9611816406
637,20230717,6,5300.0,962267.9870605469
638,20230718,6,5300.0,973291.9967651367
639,20230719,6,5300.0,973450.9902954102
640,20230720,6,5300.0,968522.0291137695
641,20230721,6,5300.0,965553.9611816406
642,20230724,6,5300.0,961419.9676513672
643,20230725,6,5300.0,966773.0194091797
644,20230726,6,5300.0,971490.0161743164
645,20230727,6,5300.0,956225.9902954102
646,20230728,6,5300.0,963858.0032348633
647,20230731,6,5300.0,966455.0323486328
648,20230801,6,5300.0,956438.0355834961
649,20230802,6,5300.0,951880.0323486328
650,20230803,6,5300.0,951561.9644165039
651,20230804,6,5300.0,955007.0129394531
652,20230807,6,5300.0,952833.9935302734
653,20230808,6,5300.0,946791.9967651367
654,20230809,6,5300.0,942286.9644165039
655,20230810,6,5300.0,941280.0323486328
656,20230811,6,5300.0,941280.0323486328
657,20230814,6,5300.0,938417.9870605469
658,20230815,6,5300.0,935926.9805908203
659,20230816,6,5300.0,930521.0388183594
660,20230817,6,5300.0,929090.0161743164
661,20230818,6,5300.0,929249.0097045898
662,20230821,6,5300.0,931792.9870605469
663,20230822,6,5300.0,933330.0323486328
664,20230823,6,5300.0,942816.9967651367
665,20230824,6,5300.0,942605.0323486328
666,20230825,6,5300.0,941385.9741210938
667,20230828,6,5300.0,944089.0258789062
668,20230829,6,5300.0,953310.9741210938
669,20230830,6,5300.0,955696.0388183594
670,20230831,6,5300.0,954106.022644043
671,20230901,6,5300.0,954583.0032348633
672,20230905,6,5300.0,946791.9967651367
673,20230906,6,5300.0,942499.0097045898
674,20230907,6,5300.0,943506.022644043
675,20230908,6,5300.0,943824.0097045898
676,20230911,6,5300.0,945573.0194091797
677,20230912,6,5300.0,940697.0291137695
678,20230913,6,5300.0,938524.0097045898
679,20230914,6,5300.0,939000.9902954102
680,20230915,6,5300.0,945201.9805908203
681,20230918,6,5300.0,950766.9967651367
682,20230919,6,5300.0,949866.0064697266
683,20230920,6,5300.0,950555.0323486328
684,20230921,6,5300.0,943665.0161743164
685,20230922,6,5300.0,946685.9741210938
686,20230925,6,5300.0,941809.9838256836
687,20230926,6,5300.0,934283.9935302734
688,20230927,6,5300.0,922730.0323486328
689,20230928,6,5300.0,918118.977355957
690,20230929,6,5300.0,908684.9838256836
691,20231002,6,5300.0,899144.9676513672
692,20231003,6,5300.0,896548.0194091797
693,20231004,6,5300.0,896441.9967651367
694,20231005,6,5300.0,894799.0097045898
695,20231006,6,5300.0,899409.9838256836
696,20231009,6,5300.0,915946.0388183594
697,20231010,6,5300.0,914408.9935302734
698,20231011,6,5300.0,921086.9644165039
699,20231012,6,5300.0,918277.9708862305
700,20231013,6,5300.0,947799.0097045898
701,20231016,6,5300.0,943188.0355834961
702,20231017,6,5300.0,944936.9644165039
703,20231018,6,5300.0,958610.9741210938
704,20231019,6,5300.0,970376.9805908203
705,20231020,6,5300.0,973026.9805908203
706,20231023,6,5300.0,969741.0064697266
707,20231024,6,5300.0,969634.9838256836
708,20231025,6,5300.0,973716.0064697266
709,20231026,6,5300.0,975252.9708862305
710,20231027,6,5300.0,986594.9676513672
711,20231030,6,5300.0,981030.0323486328
712,20231031,6,5300.0,975676.9805908203
713,20231101,6,5300.0,972602.9708862305
714,20231102,6,5300.0,975835.9741210938
715,20231103,6,5300.0,979386.9644165039
716,20231106,6,5300.0,971755.0323486328
717,20231107,6,5300.0,967726.9805908203
718,20231108,6,5300.0,958081.022644043
719,20231109,6,5300.0,961897.0291137695
720,20231110,6,5300.0,951402.9708862305
721,20231113,6,5300.0,956702.9708862305
722,20231114,6,5300.0,965235.9741210938
723,20231115,6,5300.0,962691.9967651367
724,20231116,6,5300.0,973557.0129394531
725,20231117,6,5300.0,973450.9902954102
726,20231120,6,5300.0,971860.9741210938
727,20231121,6,5300.0,982355.0323486328
728,20231122,6,5300.0,978167.9870605469
729,20231124,6,5300.0,983256.022644043
730,20231127,6,5300.0,989881.022644043
731,20231128,6,5300.0,1003077.9708862305
732,20231129,6,5300.0,1004561.9644165039
733,20231130,6,5300.0,1000375.0
734,20231201,6,5300.0,1017652.9708862305
735,20231204,6,5300.0,995658.0032348633
736,20231205,6,5300.0,991894.9676513672
737,20231206,6,5300.0,995551.9805908203
738,20231207,6,5300.0,997194.9676513672
739,20231208,6,5300.0,983891.9967651367
740,20231211,6,5300.0,973026.9805908203
741,20231212,6,5300.0,972497.0291137695
742,20231213,6,5300.0,994439.0258789062
743,20231214,6,5300.0,1000268.977355957
744,20231215,6,5300.0,991100.0
745,20231218,6,5300.0,995605.0323486328
746,20231219,6,5300.0,1002389.0258789062
747,20231220,6,5300.0,996930.0323486328
748,20231221,6,5300.0,1003978.9611816406
749,20231222,6,5300.0,1008431.022644043
750,20231226,6,5300.0,1016116.0064697266
751,20231227,6,5300.0,1020726.9805908203
752,20231228,6,5300.0,1014791.0064697266
753,20231229,6,5300.0,1013200.9902954102
754,20240102,6,5300.0,1010816.0064697266
755,20240103,6,5300.0,1002389.0258789062
756,20240104,6,5300.0,1003396.0388183594
757,20240105,6,5300.0,1003555.0323486328
758,20240108,6,5300.0,995710.9741210938
759,20240109,6,5300.0,996028.9611816406
760,20240110,6,5300.0,993750.0
761,20240111,6,5300.0,995710.9741210938
762,20240112,6,5300.0,1005463.0355834961
763,20240116,6,5300.0,995923.0194091797
764,20240117,6,5300.0,984951.9805908203
765,20240118,6,5300.0,993060.9741210938
766,20240119,6,5300.0,996028.9611816406
767,20240122,6,5300.0,992266.0064697266
768,20240123,6,5300.0,996134.9838256836
769,20240124,6,5300.0,987919.9676513672
770,20240125,6,5300.0,991841.9967651367
771,20240126,6,5300.0,991152.9708862305
772,20240129,6,5300.0,998149.0097045898
773,20240130,6,5300.0,999526.9805908203
774,20240131,6,5300.0,998784.9838256836
775,20240201,6,5300.0,1009173.0194091797
776,20240202,6,5300.0,999633.0032348633
777,20240205,6,5300.0,994121.0388183594
778,20240206,6,5300.0,999315.0161743164
779,20240207,6,5300.0,999050.0
780,20240208,6,5300.0,998149.0097045898
781,20240209,6,5300.0,994280.0323486328
782,20240212,6,5300.0,991683.0032348633
783,20240213,6,5300.0,978008.9935302734
784,20240214,6,5300.0,977425.9902954102
785,20240215,6,5300.0,983998.0194091797
786,20240216,6,5300.0,987601.9805908203
787,20240220,6,5300.0,993591.0064697266
788,20240221,6,5300.0,993643.977355957
789,20240222,6,5300.0,994067.9870605469
790,20240223,6,5300.0,999685.9741210938
791,20240226,6,5300.0,997459.9838256836
792,20240227,6,5300.0,996400.0
793,20240228,6,5300.0,998201.9805908203
794,20240229,6,5300.0,1003342.9870605469
795,20240301,6,5300.0,1022316.9967651367
796,20240304,6,5300.0,1038852.9708862305
797,20240305,6,5300.0,1045107.0129394531
798,20240306,6,5300.0,1053692.9870605469
799,20240307,6,5300.0,1059682.0129394531
800,20240308,6,5300.0,1068639.0258789062
801,20240311,6,5300.0,1070600.0
802,20240312,6,5300.0,1058886.964416504
803,20240313,6,5300.0,1066307.0129394531
804,20240314,6,5300.0,1061855.0323486328
805,20240315,6,3800.0,758898.0255126953
806,20240318,6,3800.0,760113.9953613281
807,20240319,6,3800.0,759240.0115966797
808,20240320,6,3800.0,768283.9721679688
809,20240321,6,3800.0,767486.0046386719
810,20240322,6,3800.0,761330.0231933594
811,20240325,6,3800.0,763762.0208740234
812,20240326,6,3800.0,766231.9976806641
813,20240327,6,3800.0,771780.0231933594
814,20240328,6,3800.0,781736.0046386719
815,20240401,6,3800.0,789716.0278320312
816,20240402,6,3800.0,801381.9976806641
817,20240403,6,3800.0,808412.0208740234
818,20240404,6,3800.0,803776.0162353516
819,20240405,6,3800.0,817531.9976806641
820,20240408,6,3800.0,822623.9837646484
821,20240409,6,3800.0,827145.9930419922
822,20240410,6,3800.0,819318.0023193359
823,20240411,6,3800.0,835240.0115966797
824,20240412,6,3800.0,824181.9976806641
825,20240415,6,3800.0,839609.9884033203
826,20240416,6,3800.0,840636.0046386719
827,20240417,6,3800.0,834441.9860839844
828,20240418,6,3800.0,837291.9860839844
829,20240419,6,3800.0,839913.9953613281
830,20240422,6,3800.0,819166.0278320312
831,20240423,6,3800.0,817151.9744873047
832,20240424,6,3800.0,815631.9976806641
833,20240425,6,3800.0,820495.9930419922
834,20240426,6,3800.0,823155.9814453125
835,20240429,6,3800.0,821483.9721679688
836,20240430,6,3800.0,805105.9814453125
837,20240501,6,3800.0,812401.9744873047
838,20240502,6,3800.0,809894.0185546875
839,20240503,6,3800.0,809248.0255126953
840,20240506,6,3800.0,817759.9884033203
841,20240507,6,3800.0,813998.0255126953
842,20240508,6,3800.0,811604.0069580078
843,20240509,6,3800.0,824409.9884033203
844,20240510,6,3800.0,831098.0255126953
845,20240513,6,3800.0,821787.9791259766
846,20240514,6,3800.0,828741.9860839844
847,20240515,6,3800.0,839381.9976806641
848,20240516,6,3800.0,836113.9953613281
849,20240517,6,3800.0,849908.0139160156
850,20240520,6,3800.0,853327.9907226562
851,20240521,6,3800.0,852073.9837646484
852,20240522,6,3800.0,836418.0023193359
853,20240523,6,3800.0,819736.0046386719
854,20240524,6,3800.0,820495.9930419922
855,20240528,6,3800.0,829122.0092773438
856,20240529,6,3800.0,821408.0139160156
857,20240530,6,3800.0,822966.0278320312
858,20240531,6,3800.0,818140.0115966797
859,20240603,6,3800.0,825436.0046386719
860,20240604,6,3800.0,818026.0162353516
861,20240605,6,3800.0,827716.0278320312
862,20240606,6,3800.0,833833.9721679688
863,20240607,6,3800.0,804080.0231933594
864,20240610,6,3800.0,811451.9744873047
865,20240611,6,3800.0,813769.9768066406
866,20240612,6,3800.0,815936.0046386719
867,20240613,6,3800.0,809286.0046386719
868,20240614,6,3800.0,819773.9837646484
869,20240617,6,3800.0,815518.0023193359
870,20240618,6,3800.0,818786.0046386719
871,20240620,6,3800.0,829008.0139160156
872,20240621,6,3800.0,816163.9953613281
873,20240624,6,3800.0,819394.0185546875
874,20240625,6,3800.0,815327.9907226562
875,20240626,6,3800.0,807804.0069580078
876,20240627,6,3800.0,816962.0208740234
877,20240628,6,3800.0,817037.9791259766
878,20240701,6,3800.0,819166.0278320312
879,20240702,6,3800.0,819127.9907226562
880,20240703,6,3800.0,828362.0208740234
881,20240705,6,3800.0,839533.9721679688
882,20240708,6,3800.0,829122.0092773438
883,20240709,6,3800.0,830527.9907226562
884,20240710,6,3800.0,833568.0023193359
885,20240711,6,3800.0,848350.0
886,20240712,6,3800.0,847818.0023193359
887,20240715,6,3800.0,850554.0069580078
888,20240716,6,3800.0,867501.9744873047
889,20240717,6,3800.0,863473.9837646484
890,20240718,6,3800.0,857963.9953613281
891,20240719,6,3800.0,842573.9837646484
892,20240722,6,3800.0,842840.0115966797
893,20240723,6,3800.0,845804.0069580078
894,20240724,6,3800.0,842840.0115966797
895,20240725,6,3800.0,829654.0069580078
896,20240726,6,3800.0,838394.0185546875
897,20240729,6,3800.0,837216.0278320312
898,20240730,6,3800.0,845576.0162353516
899,20240731,6,3800.0,860890.0115966797
900,20240801,6,3800.0,857926.0162353516
901,20240802,6,3800.0,856291.9860839844
902,20240805,6,3800.0,845423.9837646484
903,20240806,6,3800.0,838659.9884033203
904,20240807,6,3800.0,838090.0115966797
905,20240808,6,3800.0,851237.9791259766
906,20240809,6,3800.0,853327.9907226562
907,20240812,6,3800.0,867958.0139160156
908,20240813,6,3800.0,866627.9907226562
909,20240814,6,3800.0,859559.9884033203
910,20240815,6,3800.0,862258.0139160156
911,20240816,6,3800.0,881562.0208740234
912,20240819,6,3800.0,880118.0023193359
913,20240820,6,3800.0,883348.0255126953
914,20240821,6,3800.0,882169.9768066406
915,20240822,6,3800.0,871605.9814453125
916,20240823,6,3800.0,881676.0162353516
917,20240826,6,3800.0,884487.9791259766
918,20240827,6,3800.0,886881.9976806641
919,20240828,6,3800.0,880650.0
920,20240829,6,3800.0,885209.9884033203
921,20240830,6,3800.0,878901.9744873047
922,20240903,6,3800.0,875101.9744873047
923,20240904,6,3800.0,875633.9721679688
924,20240905,6,3800.0,882930.0231933594
925,20240906,6,3800.0,876394.0185546875
926,20240909,6,3800.0,880080.0231933594
927,20240910,6,3800.0,883955.9814453125
928,20240911,6,3800.0,882550.0
929,20240912,6,3800.0,898054.0069580078
930,20240913,6,3800.0,906983.9721679688
931,20240916,6,3800.0,906908.0139160156
932,20240917,6,3800.0,901891.9860839844
933,20240918,6,3800.0,894937.9791259766
934,20240919,6,3800.0,908845.9930419922
935,20240920,6,3800.0,920398.0255126953
936,20240923,6,3800.0,922183.9721679688
937,20240924,6,3800.0,935066.0278320312
938,20240925,6,3800.0,933773.9837646484
939,20240926,6,3800.0,938523.9837646484
940,20240927,6,3800.0,931076.0162353516
941,20240930,6,3800.0,923627.9907226562
942,20241001,6,3800.0,933318.0023193359
943,20241002,6,3800.0,933508.0139160156
944,20241003,6,3800.0,932862.0208740234
945,20241004,6,3800.0,931000.0
946,20241007,6,3800.0,927845.9930419922
947,20241008,6,3800.0,921005.9814453125
948,20241009,6,3800.0,915990.0115966797
949,20241010,6,3800.0,922716.0278320312
950,20241011,6,3800.0,932786.0046386719
951,20241014,6,3800.0,931266.0278320312
952,20241015,6,3800.0,934495.9930419922
953,20241016,6,3800.0,939169.9768066406
954,20241017,6,3800.0,944794.0185546875
955,20241018,6,3800.0,954826.0162353516
956,20241021,6,3800.0,954636.0046386719
957,20241022,6,3800.0,964933.9721679688
958,20241023,6,3800.0,953305.9814453125
959,20241024,6,3800.0,960640.0115966797
960,20241025,6,3800.0,962616.0278320312
961,20241028,6,3800.0,962654.0069580078
962,20241029,6,3800.0,973141.9860839844
963,20241030,6,3800.0,978500.0
964,20241031,6,3800.0,963337.9791259766
965,20241101,6,3800.0,959386.0046386719
966,20241104,6,3800.0,960754.0069580078
967,20241105,6,3800.0,962919.9768066406
968,20241106,6,3800.0,933659.9884033203
969,20241107,6,3800.0,948669.9768066406
970,20241108,6,3800.0,942248.0255126953
971,20241111,6,3800.0,920131.9976806641
972,20241112,6,3800.0,912190.0115966797
973,20241113,6,3800.0,902994.0185546875
974,20241114,6,3800.0,900637.9791259766
975,20241115,6,3800.0,899041.9860839844
976,20241118,6,3800.0,916141.9860839844
977,20241119,6,3800.0,924350.0
978,20241120,6,3800.0,929555.9814453125
979,20241121,6,3800.0,937308.0139160156
980,20241122,6,3800.0,949391.9860839844
981,20241125,6,3800.0,921423.9837646484
982,20241126,6,3800.0,923209.9884033203
983,20241127,6,3800.0,925262.0208740234
984,20241129,6,3800.0,933241.9860839844
985,20241202,6,3800.0,925072.0092773438
986,20241203,6,3800.0,926933.9721679688
987,20241204,6,3800.0,929745.9930419922
988,20241205,6,3800.0,922868.0023193359
989,20241206,6,3800.0,923209.9884033203
990,20241209,6,3800.0,932368.0023193359
991,20241210,6,3800.0,944641.9860839844
992,20241211,6,3800.0,953648.0255126953
993,20241212,6,3800.0,939663.9953613281
994,20241213,6,3800.0,928301.9744873047
995,20241216,6,3800.0,930544.0185546875
996,20241217,6,3800.0,926972.0092773438
997,20241218,6,3800.0,909187.9791259766
998,20241219,6,3800.0,910480.0231933594
999,20241220,6,3800.0,919980.0231933594
1000,20241223,6,3800.0,915648.0255126953
1001,20241224,6,3800.0,917472.0092773438
1002,20241226,6,3800.0,923666.0278320312
1003,20241227,6,3800.0,917319.9768066406
1004,20241230,6,3800.0,914394.0185546875
1005,20241231,6,3800.0,920094.0185546875
1006,20250102,6,3800.0,932595.9930419922
1007,20250103,6,3800.0,925262.0208740234
1008,20250106,6,3800.0,924122.0092773438
1009,20250107,6,3800.0,929327.9907226562
1010,20250108,6,3800.0,934268.0023193359
1011,20250110,6,3800.0,943198.0255126953
1012,20250113,6,3800.0,933812.0208740234
1013,20250114,6,3800.0,938713.9953613281
1014,20250115,6,3800.0,945744.0185546875
1015,20250116,6,3800.0,952280.0231933594
1016,20250117,6,3800.0,947226.0162353516
1017,20250121,6,3800.0,961894.0185546875
1018,20250122,6,3800.0,966833.9721679688
1019,20250123,6,3800.0,965466.0278320312
1020,20250124,6,3800.0,971469.9768066406
1021,20250127,6,3800.0,961362.0208740234
1022,20250128,6,3800.0,969683.9721679688
1023,20250129,6,3800.0,965959.9884033203
1024,20250130,6,3800.0,980589.9536132812
1025,20250131,6,3800.0,982527.9907226562
1026,20250203,6,3800.0,987772.0092773438
1027,20250204,6,3800.0,997500.0
1028,20250205,6,3800.0,1003694.0185546875
1029,20250206,6,3800.0,1001033.9721679688
1030,20250207,6,3800.0,1002819.9768066406
1031,20250210,6,3800.0,1019805.9814453125
1032,20250211,6,3800.0,1016082.0556640625
1033,20250212,6,3800.0,1017146.0510253906
1034,20250213,6,3800.0,1027177.9907226562
1035,20250214,6,3800.0,1011902.0324707031
1036,20250218,6,3800.0,1028660.0463867188
1037,20250219,6,3800.0,1029230.0231933594
1038,20250220,6,3800.0,1029761.962890625
1039,20250221,6,3800.0,1028811.962890625
1040,20250224,6,3800.0,1034397.9675292969
1041,20250225,6,3800.0,1020755.9814453125
1042,20250226,6,3800.0,1022313.9953613281
1043,20250227,6,3800.0,1006733.9721679688
1044,20250228,6,3800.0,1000425.9582519531
1045,20250303,6,3800.0,1013611.962890625
1046,20250304,6,3800.0,1022427.9907226562
1047,20250305,6,3800.0,1024555.9814453125
1048,20250306,6,3800.0,1019350.0
1049,20250307,6,3800.0,1019882.0556640625
1050,20250310,6,3800.0,1010952.0324707031
1051,20250311,6,3800.0,1022808.0139160156
1052,20250312,6,3800.0,1027253.9489746094
1053,20250313,6,3800.0,1045494.0185546875
1054,20250314,6,3800.0,1045911.962890625
1055,20250317,6,3800.0,1051574.0417480469
1056,20250318,6,3800.0,1063847.9675292969
1057,20250319,6,3800.0,1068217.9443359375
1058,20250320,6,3800.0,1066850.0
1059,20250321,6,3800.0,1058261.962890625
1060,20250324,6,3800.0,1053550.0
1061,20250325,6,3800.0,1058186.0046386719
1062,20250326,6,3800.0,1057311.962890625
1063,20250327,6,3800.0,1071486.0046386719
1064,20250328,6,3800.0,1079427.9907226562
1065,20250331,6,3800.0,1094932.0556640625
1066,20250401,6,3800.0,1092766.0278320312
1067,20250402,6,3800.0,1095008.0139160156
1068,20250403,6,3800.0,1088396.0510253906
1069,20250404,6,3800.0,1062936.0046386719
1070,20250407,6,3800.0,1040097.9675292969
1071,20250408,6,3800.0,1045760.0463867188
1072,20250409,6,3800.0,1084444.0185546875
1073,20250410,6,3800.0,1110930.0231933594
1074,20250411,6,3800.0,1132133.9721679688
1075,20250414,6,3800.0,1125674.0417480469
1076,20250415,6,3800.0,1131563.9953613281
1077,20250416,6,3800.0,1168386.0046386719
1078,20250417,6,3800.0,1163255.9814453125
1079,20250421,6,3800.0,1199241.9860839844
1080,20250422,6,3800.0,1182217.9443359375
1081,20250423,6,3800.0,1153869.9768066406
1082,20250424,6,3800.0,1170666.0278320312
1083,20250425,6,3800.0,1157974.0417480469
1084,20250428,6,3800.0,1174466.0278320312
1085,20250429,6,3800.0,1163027.9907226562
1086,20250430,6,3800.0,1154325.9582519531
1087,20250501,6,3800.0,1130347.9675292969
1088,20250502,6,3800.0,1132324.0417480469
1089,20250505,6,3800.0,1166144.0185546875
1090,20250506,6,3800.0,1198824.0417480469
1091,20250507,6,3800.0,1180850.0
1092,20250508,6,3800.0,1157594.0185546875
1093,20250509,6,3800.0,1165991.9860839844
1094,20250512,6,3800.0,1133122.0092773438
1095,20250513,6,3800.0,1137947.9675292969
1096,20250514,6,3800.0,1114008.0139160156
1097,20250515,6,3800.0,1131791.9860839844
1098,20250516,6,3800.0,1118111.962890625
1099,20250519,6,3800.0,1132513.9953613281
1100,20250520,6,3800.0,1153603.9489746094
1101,20250521,6,3800.0,1162116.0278320312
1102,20250522,6,3800.0,1151817.9443359375
1103,20250523,6,3800.0,1177050.0
1104,20250527,6,3800.0,1157100.0
1105,20250528,6,3800.0,1154477.9907226562
1106,20250529,6,3800.0,1161317.9443359375
1107,20250530,6,3800.0,1153680.0231933594
1108,20250602,6,3800.0,1184346.0510253906
1109,20250603,6,3800.0,1173858.0139160156
1110,20250604,6,3800.0,1181419.9768066406
1111,20250605,6,3800.0,1175453.9489746094
1112,20250606,6,3800.0,1159683.9721679688
1113,20250609,6,3800.0,1165155.9814453125
1114,20250610,6,3800.0,1165497.9675292969
1115,20250611,6,3800.0,1171805.9814453125
1116,20250612,6,3800.0,1186360.0463867188
1117,20250613,6,3800.0,1201902.0324707031
1118,20250616,6,3800.0,1184763.9953613281
1119,20250617,6,3800.0,1185372.0092773438
1120,20250618,6,3800.0,1178988.037109375
1121,20250620,6,3800.0,1178494.0185546875
1122,20250623,6,3800.0,1182103.9489746094
1123,20250624,6,3800.0,1163522.0092773438
1124,20250625,6,3800.0,1167055.9814453125
1125,20250626,6,3800.0,1165763.9953613281
1126,20250627,6,3800.0,1144636.0046386719
1127,20250630,6,3800.0,1158353.9489746094
1128,20250701,6,3800.0,1168689.9536132812
1129,20250702,6,3800.0,1175150.0
1130,20250703,6,3800.0,1167132.0556640625
1131,20250707,6,3800.0,1168005.9814453125
1132,20250708,6,3800.0,1155808.0139160156
1133,20250709,6,3800.0,1160975.9582519531
1134,20250710,6,3800.0,1163560.0463867188
1135,20250711,6,3800.0,1174732.0556640625
1136,20250714,6,3800.0,1170438.037109375
1137,20250715,6,3800.0,1165574.0417480469
1138,20250716,6,3800.0,1171388.037109375
1139,20250717,6,3800.0,1168841.9860839844
1140,20250718,6,3800.0,1171882.0556640625
1141,20250721,6,3800.0,1189894.0185546875
1142,20250722,6,3800.0,1201180.0231933594
1143,20250723,6,3800.0,1186283.9721679688
1144,20250724,6,3800.0,1179025.9582519531
1145,20250725,6,3800.0,1168119.9768066406
1146,20250728,6,3800.0,1160558.0139160156
1147,20250729,6,3800.0,1163750.0
1148,20250730,6,3800.0,1143647.9675292969
1149,20250731,6,3800.0,1151247.9675292969
1150,20250801,6,3800.0,1174617.9443359375
1151,20250804,6,3800.0,1181458.0139160156
1152,20250805,6,3800.0,1182408.0139160156
1153,20250806,6,3800.0,1179900.0
1154,20250807,6,3800.0,1189855.9814453125
1155,20250808,6,3800.0,1189589.9536132812
1156,20250811,6,3800.0,1172489.9536132812
1157,20250812,6,3800.0,1171425.9582519531
1158,20250813,6,3800.0,1174997.9675292969
1159,20250814,6,3800.0,1167550.0
1160,20250815,6,3800.0,1168233.9721679688
1161,20250818,6,3800.0,1166410.0463867188
1162,20250819,6,3800.0,1160025.9582519531
1163,20250820,6,3800.0,1171767.9443359375
1164,20250821,6,3800.0,1167702.0324707031
1165,20250822,6,3800.0,1180203.9489746094
1166,20250825,6,3800.0,1177353.9489746094
1167,20250826,6,3800.0,1185903.9489746094
1168,20250827,6,3800.0,1188297.9675292969
1169,20250828,6,3800.0,1197113.9953613281
1170,20250829,6,3800.0,1208666.0278320312
1171,20250902,6,3800.0,1237241.9860839844
1172,20250903,6,3800.0,1246932.0556640625
1173,20250904,6,3800.0,1241422.0092773438
1174,20250905,6,3800.0,1257989.9536132812
1175,20250908,6,3800.0,1272316.0278320312
1176,20250909,6,3800.0,1269427.9907226562
1177,20250910,6,3800.0,1273988.037109375
1178,20250911,6,3800.0,1272088.037109375
1179,20250912,6,3800.0,1274596.0510253906
1180,20250915,6,3800.0,1287858.0139160156
1181,20250916,6,3800.0,1290441.9860839844
1182,20250917,6,3800.0,1280486.0046386719
1183,20250918,6,3800.0,1275355.9814453125
1184,20250919,6,3800.0,1288883.9721679688
1185,20250922,6,3800.0,1311189.9536132812
1186,20250923,6,3800.0,1316547.9675292969
1187,20250924,6,3800.0,1304616.0278320312
1188,20250925,6,3800.0,1310050.0
1189,20250926,6,3800.0,1317611.962890625
1190,20250929,6,3800.0,1339347.9675292969
1191,20250930,6,3800.0,1350786.0046386719
1192,20251001,6,3800.0,1352913.9953613281
1193,20251002,6,3800.0,1348202.0324707031
1194,20251003,6,3800.0,1359032.0556640625
1195,20251006,6,3800.0,1384644.0185546875
1196,20251007,6,3800.0,1391788.037109375
1197,20251008,6,3800.0,1414739.9536132812
1198,20251009,6,3800.0,1388633.9721679688
1199,20251010,6,3800.0,1402655.9814453125
1200,20251013,6,3800.0,1436741.9860839844
1201,20251014,6,3800.0,1447002.0324707031
1202,20251015,6,3800.0,1472082.0556640625
1203,20251016,6,3800.0,1506510.0463867188
1204,20251017,6,3800.0,1478161.962890625
1205,20251020,6,3800.0,1531969.9768066406
1206,20251021,6,3800.0,1433511.962890625
1207,20251022,6,3800.0,1433663.9953613281
1208,20251023,6,3800.0,1439402.0324707031
1209,20251024,6,3800.0,1434575.9582519531
1210,20251027,6,3800.0,1394638.037109375
1211,20251028,6,3800.0,1384644.0185546875
1212,20251029,6,3800.0,1379400.0
1213,20251030,6,3800.0,1406494.0185546875
1214,20251031,6,3800.0,1398855.9814453125
1215,20251103,6,3800.0,1401363.9953613281
1216,20251104,6,3800.0,1376816.0278320312
1217,20251105,6,3800.0,1392738.037109375
1218,20251106,6,3800.0,1391066.0278320312
1219,20251107,6,3800.0,1399577.9907226562
1220,20251110,6,3800.0,1437844.0185546875
1221,20251111,6,3800.0,1443505.9814453125
1222,20251112,6,3800.0,1466761.962890625
1223,20251113,6,3800.0,1454905.9814453125
1224,20251114,6,3800.0,1428647.9675292969
1225,20251117,6,3800.0,1412269.9768066406
1226,20251118,6,3800.0,1422530.0231933594
1227,20251119,6,3800.0,1424847.9675292969
1228,20251120,6,3800.0,1424430.0231933594
1229,20251121,6,3800.0,1422225.9582519531
1230,20251124,6,3800.0,1444760.0463867188
1231,20251125,6,3800.0,1444303.9489746094
1232,20251126,6,3800.0,1455855.9814453125
1233,20251128,6,3800.0,1473944.0185546875
1234,20251201,6,3800.0,1481050.0
1235,20251202,6,3800.0,1471511.962890625
1236,20251203,6,3800.0,1470144.0185546875
1237,20251204,6,3800.0,1471094.0185546875
1238,20251205,6,3800.0,1468472.0092773438
1239,20251208,6,3800.0,1464596.0510253906
1240,20251209,6,3800.0,1472119.9768066406
1241,20251210,6,3800.0,1478389.9536132812
1242,20251211,6,3800.0,1494311.962890625
1243,20251212,6,3800.0,1502672.0092773438
1244,20251215,6,3800.0,1504039.9536132812
1245,20251216,6,3800.0,1504382.0556640625
1246,20251217,6,3800.0,1517302.0324707031
1247,20251218,6,3800.0,1514566.0278320312
1248,20251219,6,3800.0,1516275.9582519531
1249,20251222,6,3800.0,1551274.0417480469
1250,20251223,6,3800.0,1571832.0556640625
1251,20251224,6,3800.0,1565333.9721679688
1252,20251226,6,3800.0,1583611.962890625
1253,20251229,6,3800.0,1514680.0231933594
1254,20251230,6,3800.0,1515782.0556640625
1255,20251231,6,3800.0,1505977.9907226562
1256,20260102,6,3800.0,1513463.9953613281
1257,20260105,6,3800.0,1553288.037109375
1258,20260106,6,3800.0,1570083.9721679688
1259,20260107,6,3800.0,1555074.0417480469
1260,20260108,6,3800.0,1563661.962890625
1261,20260109,6,3800.0,1574986.0046386719
1262,20260112,6,3800.0,1604474.0417480469
1263,20260113,6,3800.0,1602194.0185546875
1264,20260114,6,3800.0,1618572.0092773438
1265,20260115,6,3800.0,1608653.9489746094
1266,20260116,6,3800.0,1600902.0324707031
1267,20260120,6,3800.0,1661474.0417480469
1268,20260121,6,3800.0,1685680.0231933594
1269,20260122,6,3800.0,1716802.0324707031
1270,20260123,6,3800.0,1740400.0
1271,20260126,6,3800.0,1765860.0463867188
1272,20260127,6,3800.0,1809180.0231933594
1273,20260128,6,3800.0,1879327.9907226562
1274,20260129,6,3800.0,1884419.9768066406
1275,20260130,6,3800.0,1690810.0463867188
1276,20260202,6,3800.0,1623094.0185546875
1277,20260203,6,3800.0,1726302.0324707031
1278,20260204,6,3800.0,1725086.0046386719
1279,20260205,6,3800.0,1679144.0185546875
1280,20260206,6,3800.0,1730747.9675292969
1281,20260209,6,3800.0,1774713.9953613281
1282,20260210,6,3800.0,1757119.9768066406
1283,20260211,6,3800.0,1776994.0185546875
1284,20260212,6,3800.0,1715282.0556640625
1285,20260213,6,3800.0,1757955.9814453125
1286,20260217,6,3800.0,1703160.0463867188
1287,20260218,6,3800.0,1741463.9953613281
1288,20260219,6,3800.0,1746327.9907226562
1289,20260220,6,3800.0,1780755.9814453125
1290,20260223,6,3800.0,1828863.9953613281
1291,20260224,6,3800.0,1803517.9443359375
1292,20260225,6,3800.0,1798996.0510253906
1293,20260226,6,3800.0,1814424.0417480469
1294,20260227,6,3800.0,1838250.0
1295,20260302,6,3800.0,1862000.0
1296,20260303,6,3800.0,1778932.0556640625
1297,20260304,6,3800.0,1792839.9536132812
1298,20260305,6,3800.0,1771294.0185546875
1299,20260306,6,3800.0,1799338.037109375
1300,20260309,6,3800.0,1795613.9953613281
1301,20260310,6,3800.0,1815867.9443359375
1302,20260311,6,3800.0,1809711.962890625
1303,20260312,6,3800.0,1774144.0185546875
1304,20260313,6,3800.0,1751191.9860839844
1305,20260316,6,3800.0,1749633.9721679688
1306,20260317,6,3800.0,1745225.9582519531
1307,20260318,6,3800.0,1690011.962890625
1308,20260319,6,3800.0,1620358.0139160156
1309,20260320,6,3800.0,1570844.0185546875
1310,20260323,6,3800.0,1535352.0324707031
1311,20260324,6,3800.0,1535694.0185546875
1312,20260325,6,3800.0,1581902.0324707031
1313,20260326,6,3800.0,1522432.0556640625
1314,20260327,6,3800.0,1575860.0463867188
1315,20260330,6,3800.0,1575403.9489746094
1316,20260331,6,3800.0,1635102.0324707031
1317,20260401,6,3800.0,1663716.0278320312
1318,20260402,6,3800.0,1631758.0139160156
1319,20260406,6,3800.0,1625069.9768066406
1320,20260407,6,3800.0,1640877.9907226562
1321,20260408,6,3800.0,1651213.9953613281
1322,20260409,6,3800.0,1664058.0139160156
1323,20260410,6,3800.0,1661094.0185546875
1324,20260413,6,3800.0,1654367.9443359375
1325,20260414,6,3800.0,1691341.9860839844
1326,20260415,6,3800.0,1673747.9675292969
1327,20260416,6,3800.0,1672303.9489746094
1328,20260417,6,3800.0,1694533.9721679688
1329,20260420,6,3800.0,1679941.9860839844
1330,20260421,6,3800.0,1632366.0278320312
1331,20260422,6,3800.0,1653988.037109375
1332,20260423,6,3800.0,1637952.0324707031
1333,20260424,6,3800.0,1646350.0
1334,20260427,6,3800.0,1633582.0556640625
1335,20260428,6,3800.0,1603258.0139160156
1336,20260429,6,3800.0,1586158.0139160156
1337,20260430,6,3800.0,1609908.0139160156
1338,20260501,6,3800.0,1608083.9721679688
1339,20260504,6,3800.0,1575897.9675292969
1340,20260505,6,3800.0,1589425.9582519531
1341,20260506,6,3800.0,1637647.9675292969
1342,20260507,6,3800.0,1640383.9721679688
1343,20260508,6,3800.0,1648325.9582519531
1344,20260511,6,3800.0,1651669.9768066406
1345,20260512,6,3800.0,1645133.9721679688
1346,20260513,6,3800.0,1635900.0
1347,20260514,6,3800.0,1623397.9675292969
1348,20260515,6,3800.0,1585702.0324707031
1349,20260518,6,3800.0,1590033.9721679688
1350,20260519,6,3800.0,1563700.0
1351,20260520,6,3800.0,1586119.9768066406
1352,20260521,6,3800.0,1584561.962890625
1353,20260522,6,3800.0,1572516.0278320312
1354,20260526,6,3800.0,1573200.0
1355,20260527,6,3800.0,1552261.962890625
1356,20260528,6,3800.0,1568525.9582519531
1357,20260529,6,3800.0,1585055.9814453125
1358,20260601,6,3800.0,1562788.037109375
1359,20260602,6,3800.0,1565410.0463867188
1360,20260603,6,3800.0,1549905.9814453125
1361,20260604,6,3800.0,1562825.9582519531
1362,20260605,6,3800.0,1505711.962890625
1363,20260608,6,3800.0,1509625.9582519531
1364,20260609,6,3800.0,1484963.9953613281
1365,20260610,6,3800.0,1423403.9489746094
1366,20260611,6,3800.0,1468016.0278320312
1367,20260612,6,3800.0,1468852.0324707031
1368,20260615,6,3800.0,1506889.9536132812
1369,20260616,6,3800.0,1510994.0185546875
1370,20260617,6,3800.0,1476680.0231933594
1371,20260618,6,3800.0,1471055.9814453125
1372,20260622,6,3800.0,1461441.9860839844
1373,20260623,6,3800.0,1433816.0278320312
1374,20260624,6,3800.0,1390496.0510253906
1375,20260625,6,3800.0,1403947.9675292969
1376,20260626,6,3800.0,1419794.0185546875
1377,20260629,6,3800.0,1400603.9489746094
1378,20260630,6,3800.0,1399844.0185546875
1379,20260701,6,3800.0,1408280.0231933594
1380,20260702,6,3800.0,1436894.0185546875
1381,20260706,6,3800.0,1452094.0185546875
1382,20260707,6,3800.0,1434461.962890625
1383,20260708,6,3800.0,1422910.0463867188
1384,20260709,6,3800.0,1437083.9721679688
1385,20260710,6,3800.0,1432638.037109375
1386,20260713,6,3800.0,1395094.0185546875
1387,20260714,6,3800.0,1414169.9768066406
1388,20260715,6,3800.0,1414930.0231933594
1389,20260716,6,3800.0,1386847.9675292969
1390,20260717,6,3800.0,1399958.0139160156
1391,20260720,6,3800.0,1396880.0231933594
1392,20260721,6,3800.0,1424277.9907226562
1393,20260722,6,3800.0,1440655.9814453125
1394,20260723,6,3800.0,1411775.9582519531
1395,20260724,6,3800.0,1413219.9768066406
1396,20260727,6,3800.0,1423594.0185546875
1397,20260728,6,3800.0,1403605.9814453125
1398,20260729,6,3800.0,1410103.9489746094
1399,20260730,6,3800.0,1433208.0139160156
1400,20260731,6,3800.0,1411852.0324707031
1401,20260803,6,3800.0,1412497.9675292969
1402,20260804,6,3800.0,1421808.0139160156
1403,20260805,6,3800.0,1480632.0556640625
1404,20260806,6,3800.0,1480746.0510253906
1405,20260807,6,3800.0,1514186.0046386719
1406,20260810,6,3800.0,1529652.0324707031
1407,20260811,6,3800.0,1523647.9675292969
1408,20260812,6,3800.0,1538696.0510253906
1409,20260813,6,3800.0,1516047.9675292969
1410,20260814,6,3800.0,1525624.0417480469
1411,20260817,6,3800.0,1540861.962890625
1412,20260818,6,3800.0,1514489.9536132812
1413,20260819,6,3800.0,1572591.9860839844
1414,20260820,6,3800.0,1577988.037109375
1415,20260821,6,3800.0,1608767.9443359375
1416,20260824,6,3800.0,1621422.0092773438
1417,20260825,6,3800.0,1626666.0278320312
1418,20260826,6,3800.0,1601016.0278320312
1419,20260827,6,3800.0,1605880.0231933594
1420,20260828,6,3800.0,1553782.0556640625
1421,20260831,6,3800.0,1551996.0510253906
1422,20210104,4,9500.0,1241624.168395996
1423,20210105,4,9500.0,1232402.9235839844
1424,20210106,4,9500.0,1207104.8393249512
1425,20210107,4,9500.0,1196464.3058776855
1426,20210108,4,9500.0,1192602.9739379883
1427,20210111,4,9500.0,1190632.4081420898
1428,20210112,4,9500.0,1189686.7713928223
1429,20210113,4,9500.0,1203084.560394287
1430,20210114,4,9500.0,1191814.2547607422
1431,20210115,4,9500.0,1196543.1632995605
1432,20210119,4,9500.0,1200405.2925109863
1433,20210120,4,9500.0,1201587.2840881348
1434,20210121,4,9500.0,1193154.0336608887
1435,20210122,4,9500.0,1197016.0903930664
1436,20210125,4,9500.0,1211123.8136291504
1437,20210126,4,9500.0,1208838.6878967285
1438,20210127,4,9500.0,1211911.3731384277
1439,20210128,4,9500.0,1205212.4786376953
1440,20210129,4,9500.0,1197962.0170593262
1441,20210201,4,9500.0,1199351.4442443848
1442,20210202,4,9500.0,1191617.473602295
1443,20210203,4,9500.0,1181044.563293457
1444,20210204,4,9500.0,1177889.0342712402
1445,20210205,4,9500.0,1168025.6233215332
1446,20210208,4,9500.0,1173154.182434082
1447,20210209,4,9500.0,1174021.686553955
1448,20210210,4,9500.0,1181833.5723876953
1449,20210211,4,9500.0,1175363.712310791
1450,20210212,4,9500.0,1160766.0293579102
1451,20210216,4,9500.0,1143091.5298461914
1452,20210217,4,9500.0,1150350.6889343262
1453,20210218,4,9500.0,1145695.3468322754
1454,20210219,4,9500.0,1130467.2393798828
1455,20210222,4,9500.0,1121866.6343688965
1456,20210223,4,9500.0,1118631.30569458
1457,20210224,4,9500.0,1111292.92678833
1458,20210225,4,9500.0,1093145.0653076172
1459,20210226,4,9500.0,1129282.7835083008
1460,20210301,4,9500.0,1114367.6414489746
1461,20210302,4,9500.0,1114447.4411010742
1462,20210303,4,9500.0,1102360.0044250488
1463,20210304,4,9500.0,1095250.4425048828
1464,20210305,4,9500.0,1097382.999420166
1465,20210308,4,9500.0,1088851.1772155762
1466,20210309,4,9500.0,1103940.1969909668
1467,20210310,4,9500.0,1106152.7709960938
1468,20210311,4,9500.0,1098173.6755371094
1469,20210312,4,9500.0,1074868.6256408691
1470,20210315,4,9500.0,1081188.3811950684
1471,20210316,4,9500.0,1076843.1777954102
1472,20210317,4,9500.0,1068785.3698730469
1473,20210318,4,9500.0,1057962.3336791992
1474,20210319,4,9500.0,1064519.386291504
1475,20210322,4,9500.0,1076448.4558105469
1476,20210323,4,9500.0,1086165.4586791992
1477,20210324,4,9500.0,1092010.9100341797
1478,20210325,4,9500.0,1083400.302886963
1479,20210326,4,9500.0,1079608.4060668945
1480,20210329,4,9500.0,1070444.4198608398
1481,20210330,4,9500.0,1076053.5163879395
1482,20210331,4,9500.0,1070049.5529174805
1483,20210401,4,9500.0,1087808.63571167
1484,20210405,4,9500.0,1083063.2019042969
1485,20210406,4,9500.0,1090419.4107055664
1486,20210407,4,9500.0,1082825.325012207
1487,20210408,4,9500.0,1091764.045715332
1488,20210409,4,9500.0,1087808.63571167
1489,20210412,4,9500.0,1087334.6214294434
1490,20210413,4,9500.0,1095482.666015625
1491,20210414,4,9500.0,1092002.212524414
1492,20210415,4,9500.0,1110276.3328552246
1493,20210416,4,9500.0,1101652.9693603516
1494,20210419,4,9500.0,1098488.452911377
1495,20210420,4,9500.0,1103551.1283874512
1496,20210421,4,9500.0,1105766.456604004
1497,20210422,4,9500.0,1110592.5598144531
1498,20210423,4,9500.0,1107981.7123413086
1499,20210426,4,9500.0,1106399.7077941895
1500,20210427,4,9500.0,1096748.4436035156
1501,20210428,4,9500.0,1097460.117340088
1502,20210429,4,9500.0,1094216.8159484863
1503,20210430,4,9500.0,1096748.4436035156
1504,20210503,4,9500.0,1097405.7579040527
1505,20210504,4,9500.0,1104853.0006408691
1506,20210505,4,9500.0,1106675.2014160156
1507,20210506,4,9500.0,1108497.257232666
1508,20210507,4,9500.0,1103030.9448242188
1509,20210510,4,9500.0,1091860.5155944824
1510,20210511,4,9500.0,1085680.2825927734
1511,20210512,4,9500.0,1074272.2663879395
1512,20210513,4,9500.0,1075936.5348815918
1513,20210514,4,9500.0,1085997.959136963
1514,20210517,4,9500.0,1083700.439453125
1515,20210518,4,9500.0,1080927.3834228516
1516,20210519,4,9500.0,1078313.274383545
1517,20210520,4,9500.0,1087186.3288879395
1518,20210521,4,9500.0,1090671.8559265137
1519,20210524,4,9500.0,1094712.501525879
1520,20210525,4,9500.0,1104853.0006408691
1521,20210526,4,9500.0,1102951.5075683594
1522,20210527,4,9500.0,1098515.6326293945
1523,20210528,4,9500.0,1096772.361755371
1524,20210601,4,9500.0,1096525.9323120117
1525,20210602,4,9500.0,1099065.0253295898
1526,20210603,4,9500.0,1094939.2166137695
1527,20210604,4,9500.0,1109934.0133666992
1528,20210607,4,9500.0,1106522.560119629
1529,20210608,4,9500.0,1114297.9164123535
1530,20210609,4,9500.0,1124135.7421875
1531,20210610,4,9500.0,1130878.993988037
1532,20210611,4,9500.0,1129054.6913146973
1533,20210614,4,9500.0,1120406.322479248
1534,20210615,4,9500.0,1119058.06350708
1535,20210616,4,9500.0,1118105.613708496
1536,20210617,4,9500.0,1134846.363067627
1537,20210618,4,9500.0,1156188.819885254
1538,20210621,4,9500.0,1136829.3228149414
1539,20210622,4,9500.0,1139606.2202453613
1540,20210623,4,9500.0,1136671.100616455
1541,20210624,4,9500.0,1138495.620727539
1542,20210625,4,9500.0,1126674.9076843262
1543,20210628,4,9500.0,1138257.5988769531
1544,20210629,4,9500.0,1140161.5562438965
1545,20210630,4,9500.0,1145239.7422790527
1546,20210701,4,9500.0,1145302.7992248535
1547,20210702,4,9500.0,1152214.0579223633
1548,20210706,4,9500.0,1165719.4061279297
1549,20210707,4,9500.0,1176046.8292236328
1550,20210708,4,9500.0,1180653.6827087402
1551,20210709,4,9500.0,1164051.368713379
1552,20210712,4,9500.0,1162541.8434143066
1553,20210713,4,9500.0,1153643.711090088
1554,20210714,4,9500.0,1166752.0179748535
1555,20210715,4,9500.0,1179621.868133545
1556,20210716,4,9500.0,1177397.4800109863
1557,20210719,4,9500.0,1203215.3129577637
1558,20210720,4,9500.0,1191616.8937683105
1559,20210721,4,9500.0,1176523.380279541
1560,20210722,4,9500.0,1187644.3786621094
1561,20210723,4,9500.0,1179701.5953063965
1562,20210726,4,9500.0,1176206.0661315918
1563,20210727,4,9500.0,1188757.4424743652
1564,20210728,4,9500.0,1188836.4448547363
1565,20210729,4,9500.0,1182242.935180664
1566,20210730,4,9500.0,1187804.1954040527
1567,20210802,4,9500.0,1198398.9219665527
1568,20210803,4,9500.0,1199034.6374511719
1569,20210804,4,9500.0,1201500.3814697266
1570,20210805,4,9500.0,1195376.319885254
1571,20210806,4,9500.0,1175412.0559692383
1572,20210809,4,9500.0,1171196.0830688477
1573,20210810,4,9500.0,1165787.4641418457
1574,20210811,4,9500.0,1165071.949005127
1575,20210812,4,9500.0,1163163.2080078125
1576,20210813,4,9500.0,1181536.334991455
1577,20210816,4,9500.0,1184400.2799987793
1578,20210817,4,9500.0,1183922.7142333984
1579,20210818,4,9500.0,1187899.3606567383
1580,20210819,4,9500.0,1196648.6930847168
1581,20210820,4,9500.0,1197444.0803527832
1582,20210823,4,9500.0,1196648.6930847168
1583,20210824,4,9500.0,1187342.6475524902
1584,20210825,4,9500.0,1177480.323791504
1585,20210826,4,9500.0,1180741.2376403809
1586,20210827,4,9500.0,1188774.9824523926
1587,20210830,4,9500.0,1191876.4419555664
1588,20210831,4,9500.0,1183763.9846801758
1589,20210901,4,9500.0,1185746.654510498
1590,20210902,4,9500.0,1190922.3251342773
1591,20210903,4,9500.0,1180092.7658081055
1592,20210907,4,9500.0,1170136.7263793945
1593,20210908,4,9500.0,1178101.4709472656
1594,20210909,4,9500.0,1192356.1820983887
1595,20210910,4,9500.0,1181844.2268371582
1596,20210913,4,9500.0,1189011.5547180176
1597,20210914,4,9500.0,1203426.22756958
1598,20210915,4,9500.0,1199205.5435180664
1599,20210916,4,9500.0,1193710.3118896484
1600,20210917,4,9500.0,1187976.333618164
1601,20210920,4,9500.0,1202709.6252441406
1602,20210921,4,9500.0,1201674.4766235352
1603,20210922,4,9500.0,1208842.1669006348
1604,20210923,4,9500.0,1181525.6080627441
1605,20210924,4,9500.0,1169977.7793884277
1606,20210927,4,9500.0,1165677.0057678223
1607,20210928,4,9500.0,1147519.9394226074
1608,20210929,4,9500.0,1149510.2195739746
1609,20210930,4,9500.0,1149351.490020752
1610,20211001,4,9500.0,1159024.0631103516
1611,20211004,4,9500.0,1156073.7228393555
1612,20211005,4,9500.0,1144910.1791381836
1613,20211006,4,9500.0,1151368.5150146484
1614,20211007,4,9500.0,1139328.0448913574
1615,20211008,4,9500.0,1131354.0229797363
1616,20211011,4,9500.0,1128483.1199645996
1617,20211012,4,9500.0,1147780.2124023438
1618,20211013,4,9500.0,1158944.3359375
1619,20211014,4,9500.0,1163249.8931884766
1620,20211015,4,9500.0,1156472.1412658691
1621,20211018,4,9500.0,1161894.603729248
1622,20211019,4,9500.0,1145866.6877746582
1623,20211020,4,9500.0,1138131.6299438477
1624,20211021,4,9500.0,1136776.3404846191
1625,20211022,4,9500.0,1149295.753479004
1626,20211025,4,9500.0,1147541.1758422852
1627,20211026,4,9500.0,1157030.7388305664
1628,20211027,4,9500.0,1178081.901550293
1629,20211028,4,9500.0,1174094.8905944824
1630,20211029,4,9500.0,1177683.2656860352
1631,20211101,4,9500.0,1169204.2808532715
1632,20211102,4,9500.0,1174393.5050964355
1633,20211103,4,9500.0,1162257.3623657227
1634,20211104,4,9500.0,1174473.014831543
1635,20211105,4,9500.0,1192038.5055541992
1636,20211108,4,9500.0,1189802.7381896973
1637,20211109,4,9500.0,1205292.423248291
1638,20211110,4,9500.0,1183255.9776306152
1639,20211111,4,9500.0,1181499.8054504395
1640,20211112,4,9500.0,1176310.001373291
1641,20211115,4,9500.0,1161538.730621338
1642,20211116,4,9500.0,1158585.0563049316
1643,20211117,4,9500.0,1167766.944885254
1644,20211118,4,9500.0,1172157.8102111816
1645,20211119,4,9500.0,1184533.7867736816
1646,20211122,4,9500.0,1170641.0369873047
1647,20211123,4,9500.0,1153714.958190918
1648,20211124,4,9500.0,1172237.8997802734
1649,20211126,4,9500.0,1201859.3711853027
1650,20211129,4,9500.0,1192198.3947753906
1651,20211130,4,9500.0,1210322.6280212402
1652,20211201,4,9500.0,1217788.3529663086
1653,20211202,4,9500.0,1219307.518005371
1654,20211203,4,9500.0,1233856.1325073242
1655,20211206,4,9500.0,1216909.9044799805
1656,20211207,4,9500.0,1207076.4274597168
1657,20211208,4,9500.0,1186213.2034301758
1658,20211209,4,9500.0,1192847.8813171387
1659,20211210,4,9500.0,1189969.440460205
1660,20211213,4,9500.0,1207556.4575195312
1661,20211214,4,9500.0,1204678.2341003418
1662,20211215,4,9500.0,1193088.005065918
1663,20211216,4,9500.0,1193551.944732666
1664,20211217,4,9500.0,1207076.4274597168
1665,20211220,4,9500.0,1198033.7715148926
1666,20211221,4,9500.0,1193472.0001220703
1667,20211222,4,9500.0,1198993.6866760254
1668,20211223,4,9500.0,1188589.7979736328
1669,20211227,4,9500.0,1191471.3554382324
1670,20211228,4,9500.0,1186748.9700317383
1671,20211229,4,9500.0,1173784.7518920898
1672,20211230,4,9500.0,1183627.7961730957
1673,20211231,4,9500.0,1185949.016571045
1674,20220103,4,9500.0,1154817.7299499512
1675,20220104,4,9500.0,1150015.6173706055
1676,20220105,4,9500.0,1143774.284362793
1677,20220106,4,9500.0,1146734.9166870117
1678,20220107,4,9500.0,1138491.4894104004
1679,20220110,4,9500.0,1141292.594909668
1680,20220111,4,9500.0,1148895.7405090332
1681,20220112,4,9500.0,1144494.2207336426
1682,20220113,4,9500.0,1154658.058166504
1683,20220114,4,9500.0,1137210.8535766602
1684,20220118,4,9500.0,1121205.0437927246
1685,20220119,4,9500.0,1128968.4410095215
1686,20220120,4,9500.0,1135931.0874938965
1687,20220121,4,9500.0,1149456.3674926758
1688,20220124,4,9500.0,1140012.6838684082
1689,20220125,4,9500.0,1138171.4210510254
1690,20220126,4,9500.0,1124407.2494506836
1691,20220127,4,9500.0,1145054.3403625488
1692,20220128,4,9500.0,1145454.4982910156
1693,20220131,4,9500.0,1139532.4363708496
1694,20220201,4,9500.0,1135749.6719360352
1695,20220202,4,9500.0,1139596.7979431152
1696,20220203,4,9500.0,1130700.839996338
1697,20220204,4,9500.0,1114031.7726135254
1698,20220207,4,9500.0,1114753.0136108398
1699,20220208,4,9500.0,1107299.7550964355
1700,20220209,4,9500.0,1109383.0261230469
1701,20220210,4,9500.0,1091752.5939941406
1702,20220211,4,9500.0,1107940.761566162
1703,20220214,4,9500.0,1094156.5856933594
1704,20220215,4,9500.0,1081735.019683838
1705,20220216,4,9500.0,1088146.7514038086
1706,20220217,4,9500.0,1096240.436553955
1707,20220218,4,9500.0,1107780.4374694824
1708,20220222,4,9500.0,1110665.7638549805
1709,20220223,4,9500.0,1095359.2338562012
1710,20220224,4,9500.0,1096080.1124572754
1711,20220225,4,9500.0,1096881.7329406738
1712,20220228,4,9500.0,1120923.6793518066
1713,20220301,4,9500.0,1133883.4762573242
1714,20220302,4,9500.0,1095124.5460510254
1715,20220303,4,9500.0,1106278.7399291992
1716,20220304,4,9500.0,1125377.6741027832
1717,20220307,4,9500.0,1116791.202545166
1718,20220308,4,9500.0,1105556.411743164
1719,20220309,4,9500.0,1094723.445892334
1720,20220310,4,9500.0,1078994.9417114258
1721,20220311,4,9500.0,1082605.785369873
1722,20220314,4,9500.0,1057327.922821045
1723,20220315,4,9500.0,1055482.5286865234
1724,20220316,4,9500.0,1065834.5222473145
1725,20220317,4,9500.0,1057890.2168273926
1726,20220318,4,9500.0,1070809.5703125
1727,20220321,4,9500.0,1046013.6947631836
1728,20220322,4,9500.0,1032612.4267578125
1729,20220323,4,9500.0,1055241.8975830078
1730,20220324,4,9500.0,1046976.7265319824
1731,20220325,4,9500.0,1032451.9577026367
1732,20220328,4,9500.0,1041279.0603637695
1733,20220329,4,9500.0,1049143.2037353516
1734,20220330,4,9500.0,1057327.922821045
1735,20220331,4,9500.0,1059896.369934082
1736,20220401,4,9500.0,1063930.6373596191
1737,20220404,4,9500.0,1056536.9567871094
1738,20220405,4,9500.0,1032667.1485900879
1739,20220406,4,9500.0,1024308.479309082
1740,20220407,4,9500.0,1016593.2807922363
1741,20220408,4,9500.0,1005582.5958251953
1742,20220411,4,9500.0,989669.3420410156
1743,20220412,4,9500.0,988303.2531738281
1744,20220413,4,9500.0,990312.1604919434
1745,20220414,4,9500.0,970461.0366821289
1746,20220418,4,9500.0,965638.9923095703
1747,20220419,4,9500.0,958405.6358337402
1748,20220420,4,9500.0,977694.465637207
1749,20220421,4,9500.0,970461.0366821289
1750,20220422,4,9500.0,964352.7755737305
1751,20220425,4,9500.0,973997.371673584
1752,20220426,4,9500.0,983802.4368286133
1753,20220427,4,9500.0,971184.0896606445
1754,20220428,4,9500.0,972630.9204101562
1755,20220429,4,9500.0,960013.0805969238
1756,20220502,4,9500.0,943372.0626831055
1757,20220503,4,9500.0,949732.479095459
1758,20220504,4,9500.0,954965.3358459473
1759,20220505,4,9500.0,928801.0520935059
1760,20220506,4,9500.0,915114.5782470703
1761,20220509,4,9500.0,923165.4281616211
1762,20220510,4,9500.0,931538.2308959961
1763,20220511,4,9500.0,949491.0507202148
1764,20220512,4,9500.0,947719.6578979492
1765,20220513,4,9500.0,933711.7385864258
1766,20220516,4,9500.0,932745.3727722168
1767,20220517,4,9500.0,921474.8497009277
1768,20220518,4,9500.0,941118.3204650879
1769,20220519,4,9500.0,943372.0626831055
1770,20220520,4,9500.0,954079.6394348145
1771,20220523,4,9500.0,938380.8517456055
1772,20220524,4,9500.0,956897.4151611328
1773,20220525,4,9500.0,960681.1943054199
1774,20220526,4,9500.0,956333.5266113281
1775,20220527,4,9500.0,958668.4455871582
1776,20220531,4,9500.0,938380.8517456055
1777,20220601,4,9500.0,937308.2313537598
1778,20220602,4,9500.0,937792.2477722168
1779,20220603,4,9500.0,935776.4549255371
1780,20220606,4,9500.0,918517.1890258789
1781,20220607,4,9500.0,928437.0613098145
1782,20220608,4,9500.0,920210.6666564941
1783,20220609,4,9500.0,923275.5241394043
1784,20220610,4,9500.0,917549.1561889648
1785,20220613,4,9500.0,888757.209777832
1786,20220614,4,9500.0,877546.989440918
1787,20220615,4,9500.0,893918.9643859863
1788,20220616,4,9500.0,901016.1323547363
1789,20220617,4,9500.0,903919.2161560059
1790,20220621,4,9500.0,888596.0884094238
1791,20220622,4,9500.0,913033.0467224121
1792,20220623,4,9500.0,920533.4167480469
1793,20220624,4,9500.0,907790.5502319336
1794,20220627,4,9500.0,900048.2444763184
1795,20220628,4,9500.0,904241.8937683105
1796,20220629,4,9500.0,918355.5603027344
1797,20220630,4,9500.0,926420.5436706543
1798,20220701,4,9500.0,935931.7779541016
1799,20220705,4,9500.0,943285.6674194336
1800,20220706,4,9500.0,927446.704864502
1801,20220707,4,9500.0,919285.0341796875
1802,20220708,4,9500.0,909103.2943725586
1803,20220711,4,9500.0,924780.2658081055
1804,20220712,4,9500.0,930275.2799987793
1805,20220713,4,9500.0,940942.0509338379
1806,20220714,4,9500.0,933265.193939209
1807,20220715,4,9500.0,938518.0549621582
1808,20220718,4,9500.0,928739.8071289062
1809,20220719,4,9500.0,923729.5341491699
1810,20220720,4,9500.0,926153.8925170898
1811,20220721,4,9500.0,942154.0489196777
1812,20220722,4,9500.0,957992.5765991211
1813,20220725,4,9500.0,948619.0528869629
1814,20220726,4,9500.0,949346.1647033691
1815,20220727,4,9500.0,944012.7792358398
1816,20220728,4,9500.0,951528.2974243164
1817,20220729,4,9500.0,948942.0928955078
1818,20220801,4,9500.0,971795.9594726562
1819,20220802,4,9500.0,951233.0894470215
1820,20220803,4,9500.0,966210.0563049316
1821,20220804,4,9500.0,965886.2915039062
1822,20220805,4,9500.0,942894.8593139648
1823,20220808,4,9500.0,958114.631652832
1824,20220809,4,9500.0,954390.5029296875
1825,20220810,4,9500.0,948156.925201416
1826,20220811,4,9500.0,926055.8280944824
1827,20220812,4,9500.0,935446.891784668
1828,20220815,4,9500.0,934636.9361877441
1829,20220816,4,9500.0,938523.0560302734
1830,20220817,4,9500.0,928727.4856567383
1831,20220818,4,9500.0,930103.7216186523
1832,20220819,4,9500.0,915127.1171569824
1833,20220822,4,9500.0,912050.7354736328
1834,20220823,4,9500.0,907030.8227539062
1835,20220824,4,9500.0,900393.0282592773
1836,20220825,4,9500.0,912940.9980773926
1837,20220826,4,9500.0,919822.395324707
1838,20220829,4,9500.0,912212.2192382812
1839,20220830,4,9500.0,914479.2976379395
1840,20220831,4,9500.0,905735.8360290527
1841,20220901,4,9500.0,889153.8162231445
1842,20220902,4,9500.0,894183.4411621094
1843,20220906,4,9500.0,872035.5224609375
1844,20220907,4,9500.0,885827.3086547852
1845,20220908,4,9500.0,876741.1651611328
1846,20220909,4,9500.0,878688.3201599121
1847,20220912,4,9500.0,871467.8649902344
1848,20220913,4,9500.0,873496.0517883301
1849,20220914,4,9500.0,876497.6348876953
1850,20220915,4,9500.0,875929.3975830078
1851,20220916,4,9500.0,868628.345489502
1852,20220919,4,9500.0,870656.5322875977
1853,20220920,4,9500.0,861975.9826660156
1854,20220921,4,9500.0,876416.6030883789
1855,20220922,4,9500.0,854025.5889892578
1856,20220923,4,9500.0,857514.0151977539
1857,20220926,4,9500.0,841126.3847351074
1858,20220927,4,9500.0,818978.6834716797
1859,20220928,4,9500.0,846399.4674682617
1860,20220929,4,9500.0,842018.5317993164
1861,20220930,4,9500.0,831147.6593017578
1862,20221003,4,9500.0,844354.1030883789
1863,20221004,4,9500.0,841995.7733154297
1864,20221005,4,9500.0,833944.995880127
1865,20221006,4,9500.0,829309.8754882812
1866,20221007,4,9500.0,821259.0255737305
1867,20221010,4,9500.0,808491.6610717773
1868,20221011,4,9500.0,812069.8890686035
1869,20221012,4,9500.0,816054.5806884766
1870,20221013,4,9500.0,808247.6959228516
1871,20221014,4,9500.0,801579.3876647949
1872,20221017,4,9500.0,797675.8728027344
1873,20221018,4,9500.0,799546.1273193359
1874,20221019,4,9500.0,784989.8300170898
1875,20221020,4,9500.0,771572.1092224121
1876,20221021,4,9500.0,757666.0957336426
1877,20221024,4,9500.0,751404.541015625
1878,20221025,4,9500.0,773279.7203063965
1879,20221026,4,9500.0,784420.7229614258
1880,20221027,4,9500.0,792633.9988708496
1881,20221028,4,9500.0,787185.5888366699
1882,20221031,4,9500.0,781574.390411377
1883,20221101,4,9500.0,788878.5591125488
1884,20221102,4,9500.0,785454.8568725586
1885,20221103,4,9500.0,781215.9080505371
1886,20221104,4,9500.0,768090.8584594727
1887,20221107,4,9500.0,760427.9174804688
1888,20221108,4,9500.0,768743.0267333984
1889,20221109,4,9500.0,771270.3056335449
1890,20221110,4,9500.0,800943.962097168
1891,20221111,4,9500.0,798009.0599060059
1892,20221114,4,9500.0,796052.4101257324
1893,20221115,4,9500.0,808932.9147338867
1894,20221116,4,9500.0,826622.9248046875
1895,20221117,4,9500.0,817900.1197814941
1896,20221118,4,9500.0,812275.4402160645
1897,20221121,4,9500.0,815699.0699768066
1898,20221122,4,9500.0,827275.0930786133
1899,20221123,4,9500.0,841704.3342590332
1900,20221125,4,9500.0,838850.8987426758
1901,20221128,4,9500.0,841215.1718139648
1902,20221129,4,9500.0,831351.2535095215
1903,20221130,4,9500.0,837465.3854370117
1904,20221201,4,9500.0,864218.563079834
1905,20221202,4,9500.0,875086.8988037109
1906,20221205,4,9500.0,862829.5707702637
1907,20221206,4,9500.0,873942.9588317871
1908,20221207,4,9500.0,894535.1104736328
1909,20221208,4,9500.0,892083.4999084473
1910,20221209,4,9500.0,868876.5144348145
1911,20221212,4,9500.0,871654.6440124512
1912,20221213,4,9500.0,880071.5141296387
1913,20221214,4,9500.0,883830.3604125977
1914,20221215,4,9500.0,887278.923034668
1915,20221216,4,9500.0,877367.3858642578
1916,20221219,4,9500.0,862623.2948303223
1917,20221220,4,9500.0,847305.5305480957
1918,20221221,4,9500.0,849435.3332519531
1919,20221222,4,9500.0,849271.3851928711
1920,20221223,4,9500.0,836820.8274841309
1921,20221227,4,9500.0,820274.1775512695
1922,20221228,4,9500.0,815441.478729248
1923,20221229,4,9500.0,824697.5860595703
1924,20221230,4,9500.0,815523.307800293
1925,20230103,4,9500.0,831086.6317749023
1926,20230104,4,9500.0,842472.3968505859
1927,20230105,4,9500.0,845995.1782226562
1928,20230106,4,9500.0,861558.4297180176
1929,20230109,4,9500.0,866145.5688476562
1930,20230110,4,9500.0,851810.9130859375
1931,20230111,4,9500.0,865653.9421081543
1932,20230112,4,9500.0,882692.0738220215
1933,20230113,4,9500.0,874418.6401367188
1934,20230117,4,9500.0,868766.6358947754
1935,20230118,4,9500.0,889818.0885314941
1936,20230119,4,9500.0,884248.348236084
1937,20230120,4,9500.0,869913.4750366211
1938,20230123,4,9500.0,865817.5277709961
1939,20230124,4,9500.0,878268.5928344727
1940,20230125,4,9500.0,880398.323059082
1941,20230126,4,9500.0,876302.8106689453
1942,20230127,4,9500.0,874090.7440185547
1943,20230130,4,9500.0,870896.5110778809
1944,20230131,4,9500.0,877859.0126037598
1945,20230201,4,9500.0,888411.7736816406
1946,20230202,4,9500.0,889561.5844726562
1947,20230203,4,9500.0,876257.438659668
1948,20230206,4,9500.0,869769.8936462402
1949,20230207,4,9500.0,862789.4172668457
1950,20230208,4,9500.0,866895.3666687012
1951,20230209,4,9500.0,858683.10546875
1952,20230210,4,9500.0,849074.6765136719
1953,20230213,4,9500.0,856219.6083068848
1954,20230214,4,9500.0,854248.462677002
1955,20230215,4,9500.0,846282.4859619141
1956,20230216,4,9500.0,834292.3164367676
1957,20230217,4,9500.0,840780.0064086914
1958,20230221,4,9500.0,824437.5305175781
1959,20230222,4,9500.0,831992.9122924805
1960,20230223,4,9500.0,840123.4893798828
1961,20230224,4,9500.0,829200.8666992188
1962,20230227,4,9500.0,831500.3433227539
1963,20230228,4,9500.0,835278.1066894531
1964,20230301,4,9500.0,826304.5234680176
1965,20230302,4,9500.0,818977.596282959
1966,20230303,4,9500.0,838817.9931640625
1967,20230306,4,9500.0,832314.2127990723
1968,20230307,4,9500.0,837418.5638427734
1969,20230308,4,9500.0,838241.7106628418
1970,20230309,4,9500.0,840299.976348877
1971,20230310,4,9500.0,869278.4843444824
1972,20230313,4,9500.0,871254.4860839844
1973,20230314,4,9500.0,856929.8324584961
1974,20230315,4,9500.0,873477.1347045898
1975,20230316,4,9500.0,866644.2260742188
1976,20230317,4,9500.0,879651.6418457031
1977,20230320,4,9500.0,871913.1050109863
1978,20230321,4,9500.0,864421.4324951172
1979,20230322,4,9500.0,875946.9375610352
1980,20230323,4,9500.0,875946.9375610352
1981,20230324,4,9500.0,879651.6418457031
1982,20230327,4,9500.0,858987.735748291
1983,20230328,4,9500.0,860551.9828796387
1984,20230329,4,9500.0,858823.5702514648
1985,20230330,4,9500.0,862774.8489379883
1986,20230331,4,9500.0,875700.1457214355
1987,20230403,4,9500.0,879818.489074707
1988,20230404,4,9500.0,884192.8291320801
1989,20230405,4,9500.0,893436.5425109863
1990,20230406,4,9500.0,895747.8332519531
1991,20230410,4,9500.0,881304.0962219238
1992,20230411,4,9500.0,883119.9188232422
1993,20230412,4,9500.0,882212.1162414551
1994,20230413,4,9500.0,875279.0412902832
1995,20230414,4,9500.0,867273.1285095215
1996,20230417,4,9500.0,856956.5048217773
1997,20230418,4,9500.0,860010.0555419922
1998,20230419,4,9500.0,859184.8068237305
1999,20230420,4,9500.0,866530.6510925293
2000,20230421,4,9500.0,861660.7704162598
2001,20230424,4,9500.0,869997.1160888672
2002,20230425,4,9500.0,882789.6308898926
2003,20230426,4,9500.0,873380.7373046875
2004,20230427,4,9500.0,864714.7560119629
2005,20230428,4,9500.0,878663.0249023438
2006,20230501,4,9500.0,853327.1064758301
2007,20230502,4,9500.0,874592.0104980469
2008,20230503,4,9500.0,879473.8502502441
2009,20230504,4,9500.0,870786.0527038574
2010,20230505,4,9500.0,867889.5645141602
2011,20230508,4,9500.0,855726.6044616699
2012,20230509,4,9500.0,852664.8635864258
2013,20230510,4,9500.0,860939.6743774414
2014,20230511,4,9500.0,870041.1834716797
2015,20230512,4,9500.0,862759.7732543945
2016,20230515,4,9500.0,853823.8067626953
2017,20230516,4,9500.0,851258.6212158203
2018,20230517,4,9500.0,848776.1344909668
2019,20230518,4,9500.0,842487.6899719238
2020,20230519,4,9500.0,836530.2581787109
2021,20230522,4,9500.0,833551.5060424805
2022,20230523,4,9500.0,835951.0040283203
2023,20230524,4,9500.0,831814.0335083008
2024,20230525,4,9500.0,829745.548248291
2025,20230526,4,9500.0,836447.4868774414
2026,20230530,4,9500.0,844804.5616149902
2027,20230531,4,9500.0,852168.7431335449
2028,20230601,4,9500.0,855512.2108459473
2029,20230602,4,9500.0,846137.3100280762
2030,20230605,4,9500.0,844560.9588623047
2031,20230606,4,9500.0,849538.688659668
2032,20230607,4,9500.0,836928.5316467285
2033,20230608,4,9500.0,846717.8688049316
2034,20230609,4,9500.0,845556.6062927246
2035,20230612,4,9500.0,848045.5436706543
2036,20230613,4,9500.0,839666.2902832031
2037,20230614,4,9500.0,846386.058807373
2038,20230615,4,9500.0,854516.3459777832
2039,20230616,4,9500.0,851197.883605957
2040,20230620,4,9500.0,857088.4170532227
2041,20230621,4,9500.0,859162.5556945801
2042,20230622,4,9500.0,848792.0799255371
2043,20230623,4,9500.0,857254.39453125
2044,20230626,4,9500.0,858167.0532226562
2045,20230627,4,9500.0,855926.8646240234
2046,20230628,4,9500.0,859577.0645141602
2047,20230629,4,9500.0,844063.1713867188
2048,20230630,4,9500.0,854018.7034606934
2049,20230703,4,9500.0,849177.5245666504
2050,20230705,4,9500.0,841108.2649230957
2051,20230706,4,9500.0,829212.4633789062
2052,20230707,4,9500.0,824221.3249206543
2053,20230710,4,9500.0,825302.3529052734
2054,20230711,4,9500.0,829544.9256896973
2055,20230712,4,9500.0,838778.8543701172
2056,20230713,4,9500.0,847596.607208252
2057,20230714,4,9500.0,842605.46875
2058,20230717,4,9500.0,843021.427154541
2059,20230718,4,9500.0,846848.1140136719
2060,20230719,4,9500.0,856414.6499633789
2061,20230720,4,9500.0,846016.1972045898
2062,20230721,4,9500.0,846265.7432556152
2063,20230724,4,9500.0,843188.1294250488
2064,20230725,4,9500.0,841607.3570251465
2065,20230726,4,9500.0,842439.3463134766
2066,20230727,4,9500.0,826051.3534545898
2067,20230728,4,9500.0,830293.7812805176
2068,20230731,4,9500.0,832290.3671264648
2069,20230801,4,9500.0,818651.5846252441
2070,20230802,4,9500.0,809892.8298950195
2071,20230803,4,9500.0,791207.5347900391
2072,20230804,4,9500.0,805221.4698791504
2073,20230807,4,9500.0,797296.8788146973
2074,20230808,4,9500.0,806556.1752319336
2075,20230809,4,9500.0,810726.8486022949
2076,20230810,4,9500.0,797380.3749084473
2077,20230811,4,9500.0,795545.3453063965
2078,20230814,4,9500.0,793793.4494018555
2079,20230815,4,9500.0,788955.0971984863
2080,20230816,4,9500.0,782782.4745178223
2081,20230817,4,9500.0,779445.7473754883
2082,20230818,4,9500.0,782198.5816955566
2083,20230821,4,9500.0,771771.354675293
2084,20230822,4,9500.0,777693.9239501953
2085,20230823,4,9500.0,796963.4742736816
2086,20230824,4,9500.0,791707.9315185547
2087,20230825,4,9500.0,794293.8461303711
2088,20230828,4,9500.0,795128.0097961426
2089,20230829,4,9500.0,803386.1503601074
2090,20230830,4,9500.0,802552.2041320801
2091,20230831,4,9500.0,806139.0571594238
2092,20230901,4,9500.0,793580.5053710938
2093,20230905,4,9500.0,782452.9838562012
2094,20230906,4,9500.0,784377.1629333496
2095,20230907,4,9500.0,786552.7000427246
2096,20230908,4,9500.0,789564.6476745605
2097,20230911,4,9500.0,783875.3890991211
2098,20230912,4,9500.0,788393.310546875
2099,20230913,4,9500.0,788225.9559631348
2100,20230914,4,9500.0,782536.6973876953
2101,20230915,4,9500.0,777767.4903869629
2102,20230918,4,9500.0,782201.8432617188
2103,20230919,4,9500.0,776429.0885925293
2104,20230920,4,9500.0,778855.1864624023
2105,20230921,4,9500.0,758858.6692810059
2106,20230922,4,9500.0,764966.5679931641
2107,20230925,4,9500.0,746141.4604187012
2108,20230926,4,9500.0,743547.9354858398
2109,20230927,4,9500.0,739699.0699768066
2110,20230928,4,9500.0,741958.1756591797
2111,20230929,4,9500.0,742042.106628418
2112,20231002,4,9500.0,729619.743347168
2113,20231003,4,9500.0,713924.6520996094
2114,20231004,4,9500.0,723996.5133666992
2115,20231005,4,9500.0,720387.4816894531
2116,20231006,4,9500.0,711658.5159301758
2117,20231009,4,9500.0,728360.9962463379
2118,20231010,4,9500.0,727353.8246154785
2119,20231011,4,9500.0,742545.6924438477
2120,20231012,4,9500.0,722401.6799926758
2121,20231013,4,9500.0,735327.1942138672
2122,20231016,4,9500.0,723492.7825927734
2123,20231017,4,9500.0,715519.3405151367
2124,20231018,4,9500.0,709224.5903015137
2125,20231019,4,9500.0,694704.3876647949
2126,20231020,4,9500.0,698648.92578125
2127,20231023,4,9500.0,707042.1676635742
2128,20231024,4,9500.0,716358.5777282715
2129,20231025,4,9500.0,700411.7660522461
2130,20231026,4,9500.0,711155.1475524902
2131,20231027,4,9500.0,708133.7051391602
2132,20231030,4,9500.0,704944.1108703613
2133,20231031,4,9500.0,701502.7236938477
2134,20231101,4,9500.0,716713.1462097168
2135,20231102,4,9500.0,733051.5632629395
2136,20231103,4,9500.0,738020.5955505371
2137,20231106,4,9500.0,730861.7477416992
2138,20231107,4,9500.0,741642.0211791992
2139,20231108,4,9500.0,754274.8641967773
2140,20231109,4,9500.0,736925.9414672852
2141,20231110,4,9500.0,741052.3300170898
2142,20231113,4,9500.0,739368.1297302246
2143,20231114,4,9500.0,756127.9411315918
2144,20231115,4,9500.0,745516.0369873047
2145,20231116,4,9500.0,754780.5519104004
2146,20231117,4,9500.0,758317.684173584
2147,20231120,4,9500.0,762949.8329162598
2148,20231121,4,9500.0,762613.0218505859
2149,20231122,4,9500.0,765307.9452514648
2150,20231124,4,9500.0,756296.4553833008
2151,20231127,4,9500.0,768929.443359375
2152,20231128,4,9500.0,770445.3468322754
2153,20231129,4,9500.0,780130.6037902832
2154,20231130,4,9500.0,771119.0414428711
2155,20231201,4,9500.0,785642.3606872559
2156,20231204,4,9500.0,782516.3307189941
2157,20231205,4,9500.0,799329.1244506836
2158,20231206,4,9500.0,809974.5864868164
2159,20231207,4,9500.0,805327.7969360352
2160,20231208,4,9500.0,798737.6937866211
2161,20231211,4,9500.0,797047.9125976562
2162,20231212,4,9500.0,799413.6352539062
2163,20231213,4,9500.0,818169.8875427246
2164,20231214,4,9500.0,839452.8388977051
2165,20231215,4,9500.0,840385.066986084
2166,20231218,4,9500.0,833688.9266967773
2167,20231219,4,9500.0,838181.3354492188
2168,20231220,4,9500.0,843860.3744506836
2169,20231221,4,9500.0,838520.4658508301
2170,20231222,4,9500.0,834706.5353393555
2171,20231226,4,9500.0,837079.4334411621
2172,20231227,4,9500.0,851912.4565124512
2173,20231228,4,9500.0,845725.1930236816
2174,20231229,4,9500.0,838096.607208252
2175,20240102,4,9500.0,833265.4304504395
2176,20240103,4,9500.0,836740.665435791
2177,20240104,4,9500.0,824026.5731811523
2178,20240105,4,9500.0,816144.0925598145
2179,20240108,4,9500.0,824195.9571838379
2180,20240109,4,9500.0,818941.0667419434
2181,20240110,4,9500.0,815127.1362304688
2182,20240111,4,9500.0,819703.8383483887
2183,20240112,4,9500.0,818093.4944152832
2184,20240116,4,9500.0,803684.4749450684
2185,20240117,4,9500.0,802413.1889343262
2186,20240118,4,9500.0,794954.3495178223
2187,20240119,4,9500.0,797496.9215393066
2188,20240122,4,9500.0,802243.7324523926
2189,20240123,4,9500.0,795886.5776062012
2190,20240124,4,9500.0,791225.0747680664
2191,20240125,4,9500.0,796395.2369689941
2192,20240126,4,9500.0,794869.4038391113
2193,20240129,4,9500.0,804023.6053466797
2194,20240130,4,9500.0,811312.8433227539
2195,20240131,4,9500.0,819280.2696228027
2196,20240201,4,9500.0,835351.0208129883
2197,20240202,4,9500.0,816899.1813659668
2198,20240205,4,9500.0,800403.1219482422
2199,20240206,4,9500.0,808226.1695861816
2200,20240207,4,9500.0,804314.6820068359
2201,20240208,4,9500.0,799637.7410888672
2202,20240209,4,9500.0,798022.3960876465
2203,20240212,4,9500.0,798957.5958251953
2204,20240213,4,9500.0,785267.3530578613
2205,20240214,4,9500.0,789263.9312744141
2206,20240215,4,9500.0,793345.5276489258
2207,20240216,4,9500.0,788754.0397644043
2208,20240220,4,9500.0,789433.967590332
2209,20240221,4,9500.0,783821.9718933105
2210,20240222,4,9500.0,787648.2238769531
2211,20240223,4,9500.0,798192.3599243164
2212,20240226,4,9500.0,795811.4166259766
2213,20240227,4,9500.0,790199.275970459
2214,20240228,4,9500.0,795216.2170410156
2215,20240229,4,9500.0,800828.3576965332
2216,20240301,4,9500.0,805818.3364868164
2217,20240304,4,9500.0,802576.7021179199
2218,20240305,4,9500.0,814007.0419311523
2219,20240306,4,9500.0,818783.7867736816
2220,20240307,4,9500.0,818016.0865783691
2221,20240308,4,9500.0,816565.8493041992
2222,20240311,4,9500.0,816139.5263671875
2223,20240312,4,9500.0,809315.6051635742
2224,20240313,4,9500.0,805391.7961120605
2225,20240314,4,9500.0,793023.5023498535
2226,20240315,4,9500.0,792767.650604248
2227,20240318,4,9500.0,790379.2419433594
2228,20240319,4,9500.0,792596.8170166016
2229,20240320,4,9500.0,792341.1102294922
2230,20240321,4,9500.0,794047.1992492676
2231,20240322,4,9500.0,801638.6032104492
2232,20240325,4,9500.0,797629.3411254883
2233,20240326,4,9500.0,799847.2785949707
2234,20240327,4,9500.0,807780.1322937012
2235,20240328,4,9500.0,807097.8126525879
2236,20240401,4,9500.0,792052.5703430176
2237,20240402,4,9500.0,787687.9425048828
2238,20240403,4,9500.0,787516.8190002441
2239,20240404,4,9500.0,793165.0543212891
2240,20240405,4,9500.0,782125.2326965332
2241,20240408,4,9500.0,782039.4897460938
2242,20240409,4,9500.0,789314.0869140625
2243,20240410,4,9500.0,772112.0796203613
2244,20240411,4,9500.0,768603.3592224121
2245,20240412,4,9500.0,772711.1206054688
2246,20240415,4,9500.0,760729.9385070801
2247,20240416,4,9500.0,755680.7441711426
2248,20240417,4,9500.0,764067.6803588867
2249,20240418,4,9500.0,760216.423034668
2250,20240419,4,9500.0,762955.0514221191
2251,20240422,4,9500.0,761671.1540222168
2252,20240423,4,9500.0,761927.8755187988
2253,20240424,4,9500.0,756536.506652832
2254,20240425,4,9500.0,751230.3733825684
2255,20240426,4,9500.0,755167.0112609863
2256,20240429,4,9500.0,761500.3929138184
2257,20240430,4,9500.0,754996.1051940918
2258,20240501,4,9500.0,760561.0618591309
2259,20240502,4,9500.0,763824.6574401855
2260,20240503,4,9500.0,771553.6994934082
2261,20240506,4,9500.0,774559.7763061523
2262,20240507,4,9500.0,779283.1039428711
2263,20240508,4,9500.0,774559.7763061523
2264,20240509,4,9500.0,778338.4094238281
2265,20240510,4,9500.0,773958.6334228516
2266,20240513,4,9500.0,775933.765411377
2267,20240514,4,9500.0,780313.7588500977
2268,20240515,4,9500.0,790962.9173278809
2269,20240516,4,9500.0,790189.998626709
2270,20240517,4,9500.0,784865.4556274414
2271,20240520,4,9500.0,782546.6270446777
2272,20240521,4,9500.0,786582.9238891602
2273,20240522,4,9500.0,787527.5459289551
2274,20240523,4,9500.0,782460.6666564941
2275,20240524,4,9500.0,784779.2778015137
2276,20240528,4,9500.0,773528.9764404297
2277,20240529,4,9500.0,764168.1365966797
2278,20240530,4,9500.0,771553.6994934082
2279,20240531,4,9500.0,776792.5720214844
2280,20240603,4,9500.0,789356.632232666
2281,20240604,4,9500.0,798577.4421691895
2282,20240605,4,9500.0,804437.3893737793
2283,20240606,4,9500.0,803230.9722900391
2284,20240607,4,9500.0,788495.1438903809
2285,20240610,4,9500.0,783238.224029541
2286,20240611,4,9500.0,791338.939666748
2287,20240612,4,9500.0,797284.8472595215
2288,20240613,4,9500.0,809004.6691894531
2289,20240614,4,9500.0,815812.2825622559
2290,20240617,4,9500.0,807711.784362793
2291,20240618,4,9500.0,815122.7874755859
2292,20240620,4,9500.0,809694.019317627
2293,20240621,4,9500.0,809694.019317627
2294,20240624,4,9500.0,812968.6317443848
2295,20240625,4,9500.0,814347.4769592285
2296,20240626,4,9500.0,802713.9778137207
2297,20240627,4,9500.0,805901.9050598145
2298,20240628,4,9500.0,790908.1230163574
2299,20240701,4,9500.0,777257.8887939453
2300,20240702,4,9500.0,783309.1087341309
2301,20240703,4,9500.0,793596.5232849121
2302,20240705,4,9500.0,800166.4772033691
2303,20240708,4,9500.0,801895.4696655273
2304,20240709,4,9500.0,798350.944519043
2305,20240710,4,9500.0,800858.2191467285
2306,20240711,4,9500.0,808638.5765075684
2307,20240712,4,9500.0,812096.4889526367
2308,20240715,4,9500.0,802759.8571777344
2309,20240716,4,9500.0,814084.6672058105
2310,20240717,4,9500.0,814257.6026916504
2311,20240718,4,9500.0,808033.374786377
2312,20240719,4,9500.0,803278.5186767578
2313,20240722,4,9500.0,800944.6144104004
2314,20240723,4,9500.0,799820.6062316895
2315,20240724,4,9500.0,791175.8613586426
2316,20240725,4,9500.0,797659.3475341797
2317,20240726,4,9500.0,803883.7203979492
2318,20240729,4,9500.0,808206.1653137207
2319,20240730,4,9500.0,811318.4242248535
2320,20240731,4,9500.0,819617.3706054688
2321,20240801,4,9500.0,826686.4891052246
2322,20240802,4,9500.0,852447.2808837891
2323,20240805,4,9500.0,856957.447052002
2324,20240806,4,9500.0,837788.7153625488
2325,20240807,4,9500.0,831890.6440734863
2326,20240808,4,9500.0,826773.1018066406
2327,20240809,4,9500.0,834926.4373779297
2328,20240812,4,9500.0,837962.085723877
2329,20240813,4,9500.0,843773.4718322754
2330,20240814,4,9500.0,849064.3844604492
2331,20240815,4,9500.0,842212.2688293457
2332,20240816,4,9500.0,845161.449432373
2333,20240819,4,9500.0,849064.3844604492
2334,20240820,4,9500.0,855829.8149108887
2335,20240821,4,9500.0,856350.3608703613
2336,20240822,4,9500.0,847850.212097168
2337,20240823,4,9500.0,853401.252746582
2338,20240826,4,9500.0,851232.8910827637
2339,20240827,4,9500.0,849758.4457397461
2340,20240828,4,9500.0,848717.4987792969
2341,20240829,4,9500.0,845942.1234130859
2342,20240830,4,9500.0,836921.2112426758
2343,20240903,4,9500.0,850609.4970703125
2344,20240904,4,9500.0,861573.7228393555
2345,20240905,4,9500.0,866446.8650817871
2346,20240906,4,9500.0,866359.8899841309
2347,20240909,4,9500.0,870101.7036437988
2348,20240910,4,9500.0,876192.9321289062
2349,20240911,4,9500.0,875496.8414306641
2350,20240912,4,9500.0,871406.982421875
2351,20240913,4,9500.0,873756.6871643066
2352,20240916,4,9500.0,881762.3100280762
2353,20240917,4,9500.0,877498.3558654785
2354,20240918,4,9500.0,866620.6703186035
2355,20240919,4,9500.0,863749.3324279785
2356,20240920,4,9500.0,860442.5392150879
2357,20240923,4,9500.0,858615.047454834
2358,20240924,4,9500.0,858441.0972595215
2359,20240925,4,9500.0,851305.5152893066
2360,20240926,4,9500.0,853307.1022033691
2361,20240927,4,9500.0,857744.8616027832
2362,20240930,4,9500.0,853655.2200317383
2363,20241001,4,9500.0,859818.3479309082
2364,20241002,4,9500.0,852572.6699829102
2365,20241003,4,9500.0,844541.0270690918
2366,20241004,4,9500.0,834152.286529541
2367,20241007,4,9500.0,827866.6687011719
2368,20241008,4,9500.0,829263.6337280273
2369,20241009,4,9500.0,824549.4384765625
2370,20241010,4,9500.0,821319.3283081055
2371,20241011,4,9500.0,818001.6632080078
2372,20241014,4,9500.0,818612.9531860352
2373,20241015,4,9500.0,828565.1512145996
2374,20241016,4,9500.0,832057.056427002
2375,20241017,4,9500.0,818874.7482299805
2376,20241018,4,9500.0,819486.0382080078
2377,20241021,4,9500.0,805168.6325073242
2378,20241022,4,9500.0,805954.3075561523
2379,20241023,4,9500.0,803771.8124389648
2380,20241024,4,9500.0,808922.7676391602
2381,20241025,4,9500.0,804382.9574584961
2382,20241028,4,9500.0,802200.3898620605
2383,20241029,4,9500.0,803422.679901123
2384,20241030,4,9500.0,805779.8500061035
2385,20241031,4,9500.0,807089.2601013184
2386,20241101,4,9500.0,795710.5255126953
2387,20241104,4,9500.0,808061.5692138672
2388,20241105,4,9500.0,812353.7178039551
2389,20241106,4,9500.0,790104.6905517578
2390,20241107,4,9500.0,800002.9640197754
2391,20241108,4,9500.0,810163.9022827148
2392,20241111,4,9500.0,806222.1183776855
2393,20241112,4,9500.0,794133.8844299316
2394,20241113,4,9500.0,786600.8262634277
2395,20241114,4,9500.0,791155.7121276855
2396,20241115,4,9500.0,789053.524017334
2397,20241118,4,9500.0,790454.8377990723
2398,20241119,4,9500.0,794484.1766357422
2399,20241120,4,9500.0,791944.2138671875
2400,20241121,4,9500.0,791330.8944702148
2401,20241122,4,9500.0,791768.8865661621
2402,20241125,4,9500.0,812266.3803100586
2403,20241126,4,9500.0,809112.735748291
2404,20241127,4,9500.0,814718.7156677246
2405,20241129,4,9500.0,823127.9029846191
2406,20241202,4,9500.0,825105.5717468262
2407,20241203,4,9500.0,817985.9352111816
2408,20241204,4,9500.0,826775.7110595703
2409,20241205,4,9500.0,828445.8503723145
2410,20241206,4,9500.0,829676.3305664062
2411,20241209,4,9500.0,822029.0451049805
2412,20241210,4,9500.0,818161.6973876953
2413,20241211,4,9500.0,810426.5670776367
2414,20241212,4,9500.0,800581.8557739258
2415,20241213,4,9500.0,792407.2113037109
2416,20241216,4,9500.0,794780.5442810059
2417,20241217,4,9500.0,796714.2906188965
2418,20241218,4,9500.0,786751.7280578613
2419,20241219,4,9500.0,774839.4737243652
2420,20241220,4,9500.0,779251.2855529785
2421,20241223,4,9500.0,772104.0344238281
2422,20241224,4,9500.0,775369.0071105957
2423,20241226,4,9500.0,774927.6809692383
2424,20241227,4,9500.0,768574.5124816895
2425,20241230,4,9500.0,774751.1215209961
2426,20241231,4,9500.0,770603.8589477539
2427,20250102,4,9500.0,772721.7750549316
2428,20250103,4,9500.0,770251.0299682617
2429,20250106,4,9500.0,766809.642791748
2430,20250107,4,9500.0,758162.0712280273
2431,20250108,4,9500.0,759132.568359375
2432,20250110,4,9500.0,754103.0158996582
2433,20250113,4,9500.0,753838.321685791
2434,20250114,4,9500.0,752602.840423584
2435,20250115,4,9500.0,765574.3064880371
2436,20250116,4,9500.0,768044.9066162109
2437,20250117,4,9500.0,769368.595123291
2438,20250121,4,9500.0,776251.3694763184
2439,20250122,4,9500.0,772192.1691894531
2440,20250123,4,9500.0,766191.9021606445
2441,20250124,4,9500.0,769633.2893371582
2442,20250127,4,9500.0,778722.0420837402
2443,20250128,4,9500.0,778192.6536560059
2444,20250129,4,9500.0,776604.1984558105
2445,20250130,4,9500.0,779516.1247253418
2446,20250131,4,9500.0,774398.365020752
2447,20250203,4,9500.0,780703.5522460938
2448,20250204,4,9500.0,783094.352722168
2449,20250205,4,9500.0,796023.3459472656
2450,20250206,4,9500.0,795669.3572998047
2451,20250207,4,9500.0,790532.8979492188
2452,20250210,4,9500.0,788142.0974731445
2453,20250211,4,9500.0,783094.352722168
2454,20250212,4,9500.0,772467.8077697754
2455,20250213,4,9500.0,785308.2313537598
2456,20250214,4,9500.0,789470.3521728516
2457,20250218,4,9500.0,780171.989440918
2458,20250219,4,9500.0,781146.110534668
2459,20250220,4,9500.0,784068.6187744141
2460,20250221,4,9500.0,793543.830871582
2461,20250224,4,9500.0,795846.4241027832
2462,20250225,4,9500.0,809572.3991394043
2463,20250226,4,9500.0,814354.434967041
2464,20250227,4,9500.0,808598.2780456543
2465,20250228,4,9500.0,818516.3383483887
2466,20250303,4,9500.0,822336.5020751953
2467,20250304,4,9500.0,812209.4116210938
2468,20250305,4,9500.0,805724.3309020996
2469,20250306,4,9500.0,803059.4863891602
2470,20250307,4,9500.0,800483.211517334
2471,20250310,4,9500.0,808833.5456848145
2472,20250311,4,9500.0,803059.4863891602
2473,20250312,4,9500.0,798262.3023986816
2474,20250313,4,9500.0,805280.3955078125
2475,20250314,4,9500.0,801016.2239074707
2476,20250317,4,9500.0,805013.8893127441
2477,20250318,4,9500.0,805813.1904602051
2478,20250319,4,9500.0,809988.4300231934
2479,20250320,4,9500.0,810521.4424133301
2480,20250321,4,9500.0,805724.3309020996
2481,20250324,4,9500.0,797462.8562927246
2482,20250325,4,9500.0,797374.0692138672
2483,20250326,4,9500.0,792132.6599121094
2484,20250327,4,9500.0,789823.1086730957
2485,20250328,4,9500.0,800749.5727539062
2486,20250331,4,9500.0,808656.0440063477
2487,20250401,4,9500.0,815663.3377075195
2488,20250402,4,9500.0,815128.5133361816
2489,20250403,4,9500.0,818873.0087280273
2490,20250404,4,9500.0,827788.3911132812
2491,20250407,4,9500.0,802825.3784179688
2492,20250408,4,9500.0,787669.2428588867
2493,20250409,4,9500.0,792305.3779602051
2494,20250410,4,9500.0,770462.7418518066
2495,20250411,4,9500.0,774653.0570983887
2496,20250414,4,9500.0,780180.4695129395
2497,20250415,4,9500.0,782944.1032409668
2498,20250416,4,9500.0,787312.572479248
2499,20250417,4,9500.0,780358.7684631348
2500,20250421,4,9500.0,766718.2464599609
2501,20250422,4,9500.0,770997.5662231445
2502,20250423,4,9500.0,778486.5570068359
2503,20250424,4,9500.0,786688.3811950684
2504,20250425,4,9500.0,792483.6769104004
2505,20250428,4,9500.0,797476.1199951172
2506,20250429,4,9500.0,804162.6205444336
2507,20250430,4,9500.0,797654.3464660645
2508,20250501,4,9500.0,793610.0044250488
2509,20250502,4,9500.0,785019.6914672852
2510,20250505,4,9500.0,780634.9868774414
2511,20250506,4,9500.0,783229.9613952637
2512,20250507,4,9500.0,786540.8134460449
2513,20250508,4,9500.0,777771.7666625977
2514,20250509,4,9500.0,778935.05859375
2515,20250512,4,9500.0,771686.9888305664
2516,20250513,4,9500.0,768555.0155639648
2517,20250514,4,9500.0,763454.6508789062
2518,20250515,4,9500.0,770165.8668518066
2519,20250516,4,9500.0,772223.7701416016
2520,20250519,4,9500.0,769986.6981506348
2521,20250520,4,9500.0,764439.136505127
2522,20250521,4,9500.0,751374.7520446777
2523,20250522,4,9500.0,755311.897277832
2524,20250523,4,9500.0,756564.6286010742
2525,20250527,4,9500.0,767123.477935791
2526,20250528,4,9500.0,763812.4809265137
2527,20250529,4,9500.0,770881.5994262695
2528,20250530,4,9500.0,772044.7463989258
2529,20250602,4,9500.0,764859.733581543
2530,20250603,4,9500.0,763512.5617980957
2531,20250604,4,9500.0,775906.9480895996
2532,20250605,4,9500.0,776445.686340332
2533,20250606,4,9500.0,766566.2574768066
2534,20250609,4,9500.0,767374.6185302734
2535,20250610,4,9500.0,771326.1871337891
2536,20250611,4,9500.0,773661.5409851074
2537,20250612,4,9500.0,782912.5022888184
2538,20250613,4,9500.0,775368.1373596191
2539,20250616,4,9500.0,767554.1496276855
2540,20250617,4,9500.0,776894.8402404785
2541,20250618,4,9500.0,778242.0845031738
2542,20250620,4,9500.0,776805.1834106445
2543,20250623,4,9500.0,779319.9234008789
2544,20250624,4,9500.0,784978.1608581543
2545,20250625,4,9500.0,785966.1254882812
2546,20250626,4,9500.0,789918.0564880371
2547,20250627,4,9500.0,784888.2865905762
2548,20250630,4,9500.0,792612.4000549316
2549,20250701,4,9500.0,794577.5299072266
2550,20250702,4,9500.0,789529.3502807617
2551,20250703,4,9500.0,784030.2772521973
2552,20250707,4,9500.0,776547.737121582
2553,20250708,4,9500.0,775556.1485290527
2554,20250709,4,9500.0,783669.4755554199
2555,20250710,4,9500.0,784210.3881835938
2556,20250711,4,9500.0,773392.4980163574
2557,20250714,4,9500.0,771769.832611084
2558,20250715,4,9500.0,766360.9237670898
2559,20250716,4,9500.0,767442.7490234375
2560,20250717,4,9500.0,767262.3481750488
2561,20250718,4,9500.0,768434.1926574707
2562,20250721,4,9500.0,775285.7284545898
2563,20250722,4,9500.0,779973.3238220215
2564,20250723,4,9500.0,775646.312713623
2565,20250724,4,9500.0,774293.9224243164
2566,20250725,4,9500.0,779162.1360778809
2567,20250728,4,9500.0,774113.5940551758
2568,20250729,4,9500.0,787185.4438781738
2569,20250730,4,9500.0,783128.7078857422
2570,20250731,4,9500.0,783579.4563293457
2571,20250801,4,9500.0,794719.2268371582
2572,20250804,4,9500.0,796890.9950256348
2573,20250805,4,9500.0,799334.415435791
2574,20250806,4,9500.0,794719.2268371582
2575,20250807,4,9500.0,793361.7630004883
2576,20250808,4,9500.0,789923.0575561523
2577,20250811,4,9500.0,790827.8884887695
2578,20250812,4,9500.0,786846.0960388184
2579,20250813,4,9500.0,793361.7630004883
2580,20250814,4,9500.0,787479.7096252441
2581,20250815,4,9500.0,781869.0910339355
2582,20250818,4,9500.0,779606.6513061523
2583,20250819,4,9500.0,784131.3133239746
2584,20250820,4,9500.0,785850.8110046387
2585,20250821,4,9500.0,781959.6900939941
2586,20250822,4,9500.0,787751.2168884277
2587,20250825,4,9500.0,785488.8496398926
2588,20250826,4,9500.0,785036.3616943359
2589,20250827,4,9500.0,784131.3133239746
2590,20250828,4,9500.0,789289.6614074707
2591,20250829,4,9500.0,783678.897857666
2592,20250902,4,9500.0,777847.0726013184
2593,20250903,4,9500.0,786385.9977722168
2594,20250904,4,9500.0,792381.2637329102
2595,20250905,4,9500.0,804462.6846313477
2596,20250908,4,9500.0,815181.568145752
2597,20250909,4,9500.0,810548.6946105957
2598,20250910,4,9500.0,815181.568145752
2599,20250911,4,9500.0,820632.007598877
2600,20250912,4,9500.0,817089.2219543457
2601,20250915,4,9500.0,818996.8032836914
2602,20250916,4,9500.0,820722.8240966797
2603,20250917,4,9500.0,818633.3923339844
2604,20250918,4,9500.0,810185.4286193848
2605,20250919,4,9500.0,808641.185760498
2606,20250922,4,9500.0,805734.4055175781
2607,20250923,4,9500.0,811366.4054870605
2608,20250924,4,9500.0,808277.9922485352
2609,20250925,4,9500.0,808277.9922485352
2610,20250926,4,9500.0,807551.025390625
2611,20250929,4,9500.0,814182.3692321777
2612,20250930,4,9500.0,811820.7054138184
2613,20251001,4,9500.0,813917.1676635742
2614,20251002,4,9500.0,816287.0941162109
2615,20251003,4,9500.0,814737.5602722168
2616,20251006,4,9500.0,808265.453338623
2617,20251007,4,9500.0,812914.4897460938
2618,20251008,4,9500.0,813552.5245666504
2619,20251009,4,9500.0,812914.4897460938
2620,20251010,4,9500.0,826040.699005127
2621,20251013,4,9500.0,825584.8045349121
2622,20251014,4,9500.0,828228.4126281738
2623,20251015,4,9500.0,826405.4145812988
2624,20251016,4,9500.0,832603.7673950195
2625,20251017,4,9500.0,831327.6252746582
2626,20251020,4,9500.0,834518.0168151855
2627,20251021,4,9500.0,838619.9798583984
2628,20251022,4,9500.0,839166.9082641602
2629,20251023,4,9500.0,833424.2324829102
2630,20251024,4,9500.0,833788.8031005859
2631,20251027,4,9500.0,836614.4790649414
2632,20251028,4,9500.0,838802.2651672363
2633,20251029,4,9500.0,830324.9473571777
2634,20251030,4,9500.0,825493.7705993652
2635,20251031,4,9500.0,823032.5927734375
2636,20251103,4,9500.0,820974.0371704102
2637,20251104,4,9500.0,822803.8482666016
2638,20251105,4,9500.0,813838.5276794434
2639,20251106,4,9500.0,821157.1922302246
2640,20251107,4,9500.0,819419.0673828125
2641,20251110,4,9500.0,819236.0572814941
2642,20251111,4,9500.0,822986.8583679199
2643,20251112,4,9500.0,824450.5767822266
2644,20251113,4,9500.0,817680.7250976562
2645,20251114,4,9500.0,813015.0909423828
2646,20251117,4,9500.0,815027.7671813965
2647,20251118,4,9500.0,814753.360748291
2648,20251119,4,9500.0,813106.559753418
2649,20251120,4,9500.0,816308.5479736328
2650,20251121,4,9500.0,818778.5682678223
2651,20251124,4,9500.0,823444.2749023438
2652,20251125,4,9500.0,825548.3474731445
2653,20251126,4,9500.0,829207.7522277832
2654,20251128,4,9500.0,825273.9410400391
2655,20251201,4,9500.0,815000.3700256348
2656,20251202,4,9500.0,815367.5498962402
2657,20251203,4,9500.0,817662.7502441406
2658,20251204,4,9500.0,813255.9394836426
2659,20251205,4,9500.0,809491.584777832
2660,20251208,4,9500.0,806829.2045593262
2661,20251209,4,9500.0,807655.6129455566
2662,20251210,4,9500.0,810777.0767211914
2663,20251211,4,9500.0,809675.464630127
2664,20251212,4,9500.0,801871.4790344238
2665,20251215,4,9500.0,802422.3213195801
2666,20251216,4,9500.0,806829.2045593262
2667,20251217,4,9500.0,806094.7723388672
2668,20251218,4,9500.0,809950.8857727051
2669,20251219,4,9500.0,806927.7038574219
2670,20251222,4,9500.0,805176.5327453613
2671,20251223,4,9500.0,806466.8083190918
2672,20251224,4,9500.0,811351.692199707
2673,20251226,4,9500.0,808678.8749694824
2674,20251229,4,9500.0,811720.3941345215
2675,20251230,4,9500.0,809784.8358154297
2676,20251231,4,9500.0,803333.1680297852
2677,20260102,4,9500.0,802134.8686218262
2678,20260105,4,9500.0,806098.2513427734
2679,20260106,4,9500.0,804439.2013549805
2680,20260107,4,9500.0,809139.6980285645
2681,20260108,4,9500.0,805084.2666625977
2682,20260109,4,9500.0,810429.9736022949
2683,20260112,4,9500.0,808033.6647033691
2684,20260113,4,9500.0,809416.2063598633
2685,20260114,4,9500.0,814116.8479919434
2686,20260115,4,9500.0,813932.315826416
2687,20260116,4,9500.0,809231.9641113281
2688,20260120,4,9500.0,798632.6713562012
2689,20260121,4,9500.0,804715.7096862793
2690,20260122,4,9500.0,808217.9794311523
2691,20260123,4,9500.0,810429.9736022949
2692,20260126,4,9500.0,814301.0902404785
2693,20260127,4,9500.0,809231.9641113281
2694,20260128,4,9500.0,807388.4544372559
2695,20260129,4,9500.0,807572.7691650391
2696,20260130,4,9500.0,803056.5872192383
2697,20260202,4,9500.0,800762.1116638184
2698,20260203,4,9500.0,802705.207824707
2699,20260204,4,9500.0,800669.6281433105
2700,20260205,4,9500.0,809366.6305541992
2701,20260206,4,9500.0,809921.6041564941
2702,20260209,4,9500.0,809736.6371154785
2703,20260210,4,9500.0,819081.169128418
2704,20260211,4,9500.0,814732.6316833496
2705,20260212,4,9500.0,825557.6248168945
2706,20260213,4,9500.0,830091.2017822266
2707,20260217,4,9500.0,831478.889465332
2708,20260218,4,9500.0,828333.1451416016
2709,20260219,4,9500.0,829165.8592224121
2710,20260220,4,9500.0,827222.9080200195
2711,20260223,4,9500.0,830276.0963439941
2712,20260224,4,9500.0,831756.4849853516
2713,20260225,4,9500.0,831848.9685058594
2714,20260226,4,9500.0,835179.6073913574
2715,20260227,4,9500.0,840268.2304382324
2716,20260302,4,9500.0,831830.1963806152
2717,20260303,4,9500.0,830159.3322753906
2718,20260304,4,9500.0,827560.1539611816
2719,20260305,4,9500.0,824218.3532714844
2720,20260306,4,9500.0,821155.0178527832
2721,20260309,4,9500.0,828302.921295166
2722,20260310,4,9500.0,819484.0812683105
2723,20260311,4,9500.0,808901.8211364746
2724,20260312,4,9500.0,807323.73046875
2725,20260313,4,9500.0,803332.0808410645
2726,20260316,4,9500.0,809551.5251159668
2727,20260317,4,9500.0,811779.3922424316
2728,20260318,4,9500.0,807230.8120727539
2729,20260319,4,9500.0,812150.7034301758
2730,20260320,4,9500.0,796741.2528991699
2731,20260323,4,9500.0,801939.5370483398
2732,20260324,4,9500.0,798412.1894836426
2733,20260325,4,9500.0,806116.8785095215
2734,20260326,4,9500.0,799340.4312133789
2735,20260327,4,9500.0,794977.5428771973
2736,20260330,4,9500.0,805560.0204467773
2737,20260331,4,9500.0,804724.479675293
2738,20260401,4,9500.0,803932.2814941406
2739,20260402,4,9500.0,808871.8872070312
2740,20260406,4,9500.0,807567.0433044434
2741,20260407,4,9500.0,807473.9074707031
2742,20260408,4,9500.0,810083.4503173828
2743,20260409,4,9500.0,808033.0123901367
2744,20260410,4,9500.0,806075.855255127
2745,20260413,4,9500.0,808498.9814758301
2746,20260414,4,9500.0,812786.1289978027
2747,20260415,4,9500.0,809244.6479797363
2748,20260416,4,9500.0,804118.6981201172
2749,20260417,4,9500.0,811481.4300537109
2750,20260420,4,9500.0,811294.9409484863
2751,20260421,4,9500.0,806821.4492797852
2752,20260422,4,9500.0,808405.8456420898
2753,20260423,4,9500.0,806635.0326538086
2754,20260424,4,9500.0,808126.293182373
2755,20260427,4,9500.0,804118.6981201172
2756,20260428,4,9500.0,804957.5004577637
2757,20260429,4,9500.0,798713.0508422852
2758,20260430,4,9500.0,797967.529296875
2759,20260501,4,9500.0,800820.6748962402
2760,20260504,4,9500.0,794740.3182983398
2761,20260505,4,9500.0,799136.9094848633
2762,20260506,4,9500.0,805217.1211242676
2763,20260507,4,9500.0,801194.8127746582
2764,20260508,4,9500.0,805217.1211242676
2765,20260511,4,9500.0,800352.8938293457
2766,20260512,4,9500.0,795020.9579467773
2767,20260513,4,9500.0,793243.6943054199
2768,20260514,4,9500.0,794366.1804199219
2769,20260515,4,9500.0,782579.8225402832
2770,20260518,4,9500.0,781644.2604064941
2771,20260519,4,9500.0,776593.0366516113
2772,20260520,4,9500.0,784918.3654785156
2773,20260521,4,9500.0,787818.187713623
2774,20260522,4,9500.0,792121.1357116699
2775,20260526,4,9500.0,796049.8733520508
2776,20260527,4,9500.0,797920.9251403809
2777,20260528,4,9500.0,802036.6592407227
2778,20260529,4,9500.0,802223.8006591797
2779,20260601,4,9500.0,802655.7769775391
2780,20260602,4,9500.0,804346.1380004883
2781,20260603,4,9500.0,801153.1372070312
2782,20260604,4,9500.0,802937.5038146973
2783,20260605,4,9500.0,798805.3894042969
2784,20260608,4,9500.0,794673.4199523926
2785,20260609,4,9500.0,799368.9155578613
2786,20260610,4,9500.0,797114.9559020996
2787,20260611,4,9500.0,807445.2056884766
2788,20260612,4,9500.0,805473.0453491211
2789,20260615,4,9500.0,805003.5247802734
2790,20260616,4,9500.0,809417.366027832
2791,20260617,4,9500.0,810732.1395874023
2792,20260618,4,9500.0,814676.3877868652
2793,20260622,4,9500.0,808478.2524108887
2794,20260623,4,9500.0,809511.2266540527
2795,20260624,4,9500.0,820592.7963256836
2796,20260625,4,9500.0,820310.9970092773
2797,20260626,4,9500.0,820404.9301147461
2798,20260629,4,9500.0,821250.1106262207
2799,20260630,4,9500.0,811577.320098877
2800,20260701,4,9500.0,806091.438293457
2801,20260702,4,9500.0,805997.2152709961
2802,20260706,4,9500.0,805431.6596984863
2803,20260707,4,9500.0,796948.543548584
2804,20260708,4,9500.0,795157.6538085938
2805,20260709,4,9500.0,796382.9879760742
2806,20260710,4,9500.0,796194.4694519043
2807,20260713,4,9500.0,791481.5788269043
2808,20260714,4,9500.0,792518.4669494629
2809,20260715,4,9500.0,794026.5426635742
2810,20260716,4,9500.0,793743.7286376953
2811,20260717,4,9500.0,796665.7295227051
2812,20260720,4,9500.0,790727.5047302246
2813,20260721,4,9500.0,788559.6504211426
2814,20260722,4,9500.0,786485.9466552734
2815,20260723,4,9500.0,783940.9103393555
2816,20260724,4,9500.0,784694.9844360352
2817,20260727,4,9500.0,789407.8750610352
2818,20260728,4,9500.0,794026.5426635742
2819,20260729,4,9500.0,780924.6864318848
2820,20260730,4,9500.0,780453.426361084
2821,20260731,4,9500.0,775269.2031860352
2822,20260803,4,9500.0,777824.4590759277
2823,20260804,4,9500.0,783786.6020202637
2824,20260805,4,9500.0,785490.0817871094
2825,20260806,4,9500.0,780947.4449157715
2826,20260807,4,9500.0,783218.7995910645
2827,20260810,4,9500.0,776594.123840332
2828,20260811,4,9500.0,777824.4590759277
2829,20260812,4,9500.0,777067.3408508301
2830,20260813,4,9500.0,781609.9052429199
2831,20260814,4,9500.0,776404.8805236816
2832,20260817,4,9500.0,769874.9351501465
2833,20260818,4,9500.0,772808.7501525879
2834,20260819,4,9500.0,785679.3251037598
2835,20260820,4,9500.0,779243.9651489258
2836,20260821,4,9500.0,776499.5384216309
2837,20260824,4,9500.0,781326.0040283203
2838,20260825,4,9500.0,789938.060760498
2839,20260826,4,9500.0,788329.2388916016
2840,20260827,4,9500.0,786720.344543457
2841,20260828,4,9500.0,784354.4044494629
2842,20260831,4,9500.0,780947.4449157715
2843,20210104,1,10500.0,3595587.9821777344
2844,20210105,1,10500.0,3620352.1270751953
2845,20210106,1,10500.0,3641996.841430664
2846,20210107,1,10500.0,3696107.3455810547
2847,20210108,1,10500.0,3717166.305541992
2848,20210111,1,10500.0,3692109.2834472656
2849,20210112,1,10500.0,3692889.5416259766
2850,20210113,1,10500.0,3702833.9080810547
2851,20210114,1,10500.0,3689867.5231933594
2852,20210115,1,10500.0,3662958.3892822266
2853,20210119,1,10500.0,3691719.955444336
2854,20210120,1,10500.0,3742808.4411621094
2855,20210121,1,10500.0,3746220.1080322266
2856,20210122,1,10500.0,3732961.166381836
2857,20210125,1,10500.0,3747682.891845703
2858,20210126,1,10500.0,3741832.3974609375
2859,20210127,1,10500.0,3650381.332397461
2860,20210128,1,10500.0,3681775.588989258
2861,20210129,1,10500.0,3608067.626953125
2862,20210201,1,10500.0,3668125.717163086
2863,20210202,1,10500.0,3719994.140625
2864,20210203,1,10500.0,3722919.387817383
2865,20210204,1,10500.0,3765232.452392578
2866,20210205,1,10500.0,3780052.230834961
2867,20210208,1,10500.0,3807350.372314453
2868,20210209,1,10500.0,3804815.7348632812
2869,20210210,1,10500.0,3803158.447265625
2870,20210211,1,10500.0,3809301.1779785156
2871,20210212,1,10500.0,3828117.7368164062
2872,20210216,1,10500.0,3824802.8411865234
2873,20210217,1,10500.0,3825680.8319091797
2874,20210218,1,10500.0,3809397.94921875
2875,20210219,1,10500.0,3802670.7458496094
2876,20210222,1,10500.0,3773421.4782714844
2877,20210223,1,10500.0,3778004.3334960938
2878,20210224,1,10500.0,3819634.8724365234
2879,20210225,1,10500.0,3727598.0529785156
2880,20210226,1,10500.0,3708390.884399414
2881,20210301,1,10500.0,3798283.3557128906
2882,20210302,1,10500.0,3768645.0805664062
2883,20210303,1,10500.0,3718726.5014648438
2884,20210304,1,10500.0,3672707.9315185547
2885,20210305,1,10500.0,3740272.8424072266
2886,20210308,1,10500.0,3721651.107788086
2887,20210309,1,10500.0,3774787.1704101562
2888,20210310,1,10500.0,3798283.3557128906
2889,20210311,1,10500.0,3836795.1049804688
2890,20210312,1,10500.0,3841962.7532958984
2891,20210315,1,10500.0,3864873.504638672
2892,20210316,1,10500.0,3859999.6948242188
2893,20210317,1,10500.0,3873161.2243652344
2894,20210318,1,10500.0,3816808.9599609375
2895,20210319,1,10500.0,3809746.58203125
2896,20210322,1,10500.0,3840167.678833008
2897,20210323,1,10500.0,3809942.0471191406
2898,20210324,1,10500.0,3790574.661254883
2899,20210325,1,10500.0,3811897.979736328
2900,20210326,1,10500.0,3873326.889038086
2901,20210329,1,10500.0,3871370.315551758
2902,20210330,1,10500.0,3861099.105834961
2903,20210331,1,10500.0,3876749.4506835938
2904,20210401,1,10500.0,3918615.509033203
2905,20210405,1,10500.0,3974859.7869873047
2906,20210406,1,10500.0,3972512.2833251953
2907,20210407,1,10500.0,3977108.917236328
2908,20210408,1,10500.0,3995988.6016845703
2909,20210409,1,10500.0,4025039.1998291016
2910,20210412,1,10500.0,4026505.828857422
2911,20210413,1,10500.0,4038439.453125
2912,20210414,1,10500.0,4024647.94921875
2913,20210415,1,10500.0,4067882.583618164
2914,20210416,1,10500.0,4081479.5837402344
2915,20210419,1,10500.0,4061426.467895508
2916,20210420,1,10500.0,4031689.8193359375
2917,20210421,1,10500.0,4069838.836669922
2918,20210422,1,10500.0,4032668.1060791016
2919,20210423,1,10500.0,4076392.6849365234
2920,20210426,1,10500.0,4084903.106689453
2921,20210427,1,10500.0,4084022.5524902344
2922,20210428,1,10500.0,4082849.12109375
2923,20210429,1,10500.0,4108867.7673339844
2924,20210430,1,10500.0,4081869.5526123047
2925,20210503,1,10500.0,4090674.1333007812
2926,20210504,1,10500.0,4065437.6678466797
2927,20210505,1,10500.0,4066709.47265625
2928,20210506,1,10500.0,4099184.2346191406
2929,20210507,1,10500.0,4129017.0135498047
2930,20210510,1,10500.0,4088131.805419922
2931,20210511,1,10500.0,4051645.8435058594
2932,20210512,1,10500.0,3965566.5435791016
2933,20210513,1,10500.0,4013203.3081054688
2934,20210514,1,10500.0,4074827.682495117
2935,20210517,1,10500.0,4064458.740234375
2936,20210518,1,10500.0,4029440.689086914
2937,20210519,1,10500.0,4018877.243041992
2938,20210520,1,10500.0,4062110.9161376953
2939,20210521,1,10500.0,4058786.407470703
2940,20210524,1,10500.0,4100162.2009277344
2941,20210525,1,10500.0,4091065.704345703
2942,20210526,1,10500.0,4099184.2346191406
2943,20210527,1,10500.0,4101335.952758789
2944,20210528,1,10500.0,4108672.3022460938
2945,20210601,1,10500.0,4105053.3142089844
2946,20210602,1,10500.0,4111509.4299316406
2947,20210603,1,10500.0,4096249.3743896484
2948,20210604,1,10500.0,4133712.9821777344
2949,20210607,1,10500.0,4129702.7435302734
2950,20210608,1,10500.0,4130583.297729492
2951,20210609,1,10500.0,4124420.0592041016
2952,20210610,1,10500.0,4143592.300415039
2953,20210611,1,10500.0,4150439.3463134766
2954,20210614,1,10500.0,4159732.5897216797
2955,20210615,1,10500.0,4152102.4017333984
2956,20210616,1,10500.0,4128919.6014404297
2957,20210617,1,10500.0,4127551.025390625
2958,20210618,1,10500.0,4071869.430541992
2959,20210621,1,10500.0,4130161.2854003906
2960,20210622,1,10500.0,4152242.1112060547
2961,20210623,1,10500.0,4147237.2436523438
2962,20210624,1,10500.0,4171770.3552246094
2963,20210625,1,10500.0,4186589.4927978516
2964,20210628,1,10500.0,4195029.098510742
2965,20210629,1,10500.0,4197286.239624023
2966,20210630,1,10500.0,4200819.671630859
2967,20210701,1,10500.0,4224077.133178711
2968,20210702,1,10500.0,4256364.440917969
2969,20210706,1,10500.0,4248611.526489258
2970,20210707,1,10500.0,4263627.090454102
2971,20210708,1,10500.0,4228886.215209961
2972,20210709,1,10500.0,4274028.717041016
2973,20210712,1,10500.0,4289338.119506836
2974,20210713,1,10500.0,4274716.049194336
2975,20210714,1,10500.0,4281094.299316406
2976,20210715,1,10500.0,4266472.229003906
2977,20210716,1,10500.0,4233007.965087891
2978,20210719,1,10500.0,4170495.9869384766
2979,20210720,1,10500.0,4230260.238647461
2980,20210721,1,10500.0,4264509.8876953125
2981,20210722,1,10500.0,4273440.399169922
2982,20210723,1,10500.0,4317404.983520508
2983,20210726,1,10500.0,4328003.356933594
2984,20210727,1,10500.0,4308279.006958008
2985,20210728,1,10500.0,4306512.451171875
2986,20210729,1,10500.0,4324372.512817383
2987,20210730,1,10500.0,4303371.231079102
2988,20210802,1,10500.0,4294343.948364258
2989,20210803,1,10500.0,4329279.968261719
2990,20210804,1,10500.0,4307984.20715332
2991,20210805,1,10500.0,4335265.686035156
2992,20210806,1,10500.0,4342429.962158203
2993,20210809,1,10500.0,4338897.171020508
2994,20210810,1,10500.0,4344294.570922852
2995,20210811,1,10500.0,4355089.370727539
2996,20210812,1,10500.0,4368141.632080078
2997,20210813,1,10500.0,4376090.01159668
2998,20210816,1,10500.0,4386395.82824707
2999,20210817,1,10500.0,4357640.670776367
3000,20210818,1,10500.0,4309946.868896484
3001,20210819,1,10500.0,4316619.918823242
3002,20210820,1,10500.0,4350967.94128418
3003,20210823,1,10500.0,4389240.646362305
3004,20210824,1,10500.0,4396209.457397461
3005,20210825,1,10500.0,4405433.166503906
3006,20210826,1,10500.0,4379427.337646484
3007,20210827,1,10500.0,4418583.801269531
3008,20210830,1,10500.0,4438014.633178711
3009,20210831,1,10500.0,4431439.636230469
3010,20210901,1,10500.0,4433794.509887695
3011,20210902,1,10500.0,4447435.729980469
3012,20210903,1,10500.0,4446356.185913086
3013,20210907,1,10500.0,4430457.183837891
3014,20210908,1,10500.0,4425060.4248046875
3015,20210909,1,10500.0,4406120.498657227
3016,20210910,1,10500.0,4371379.623413086
3017,20210913,1,10500.0,4382567.596435547
3018,20210914,1,10500.0,4358917.6025390625
3019,20210915,1,10500.0,4395325.057983398
3020,20210916,1,10500.0,4388357.528686523
3021,20210917,1,10500.0,4345610.595703125
3022,20210920,1,10500.0,4273151.3671875
3023,20210921,1,10500.0,4269113.8916015625
3024,20210922,1,10500.0,4310759.170532227
3025,20210923,1,10500.0,4363134.521484375
3026,20210924,1,10500.0,4370322.509765625
3027,20210927,1,10500.0,4357819.152832031
3028,20210928,1,10500.0,4270000.8544921875
3029,20210929,1,10500.0,4277187.240600586
3030,20210930,1,10500.0,4224910.583496094
3031,20211001,1,10500.0,4275119.476318359
3032,20211004,1,10500.0,4219987.106323242
3033,20211005,1,10500.0,4263895.935058594
3034,20211006,1,10500.0,4281616.607666016
3035,20211007,1,10500.0,4318635.1318359375
3036,20211008,1,10500.0,4310759.170532227
3037,20211011,1,10500.0,4279550.12512207
3038,20211012,1,10500.0,4269016.4794921875
3039,20211013,1,10500.0,4284373.626708984
3040,20211014,1,10500.0,4356440.002441406
3041,20211015,1,10500.0,4389618.759155273
3042,20211018,1,10500.0,4402613.342285156
3043,20211019,1,10500.0,4436578.765869141
3044,20211020,1,10500.0,4454004.959106445
3045,20211021,1,10500.0,4465621.673583984
3046,20211022,1,10500.0,4460995.559692383
3047,20211025,1,10500.0,4484918.243408203
3048,20211026,1,10500.0,4488954.75769043
3049,20211027,1,10500.0,4469066.986083984
3050,20211028,1,10500.0,4512189.468383789
3051,20211029,1,10500.0,4521344.284057617
3052,20211101,1,10500.0,4529122.512817383
3053,20211102,1,10500.0,4547433.746337891
3054,20211103,1,10500.0,4575197.479248047
3055,20211104,1,10500.0,4596757.278442383
3056,20211105,1,10500.0,4612707.229614258
3057,20211108,1,10500.0,4616644.729614258
3058,20211109,1,10500.0,4601384.994506836
3059,20211110,1,10500.0,4564368.072509766
3060,20211111,1,10500.0,4565844.314575195
3061,20211112,1,10500.0,4600302.24609375
3062,20211115,1,10500.0,4601877.502441406
3063,20211116,1,10500.0,4620090.362548828
3064,20211117,1,10500.0,4608867.782592773
3065,20211118,1,10500.0,4624521.011352539
3066,20211119,1,10500.0,4616251.556396484
3067,20211122,1,10500.0,4603255.37109375
3068,20211123,1,10500.0,4609359.970092773
3069,20211124,1,10500.0,4621666.900634766
3070,20211126,1,10500.0,4518587.265014648
3071,20211129,1,10500.0,4574016.036987305
3072,20211130,1,10500.0,4485016.937255859
3073,20211201,1,10500.0,4435199.935913086
3074,20211202,1,10500.0,4503131.423950195
3075,20211203,1,10500.0,4463948.3642578125
3076,20211206,1,10500.0,4516815.902709961
3077,20211207,1,10500.0,4610246.612548828
3078,20211208,1,10500.0,4622453.567504883
3079,20211209,1,10500.0,4591244.522094727
3080,20211210,1,10500.0,4634464.416503906
3081,20211213,1,10500.0,4593410.659790039
3082,20211214,1,10500.0,4561808.120727539
3083,20211215,1,10500.0,4633086.5478515625
3084,20211216,1,10500.0,4592229.537963867
3085,20211217,1,10500.0,4543355.255126953
3086,20211220,1,10500.0,4495043.655395508
3087,20211221,1,10500.0,4574870.315551758
3088,20211222,1,10500.0,4620613.952636719
3089,20211223,1,10500.0,4649363.983154297
3090,20211227,1,10500.0,4715162.017822266
3091,20211228,1,10500.0,4711309.432983398
3092,20211229,1,10500.0,4717335.205078125
3093,20211230,1,10500.0,4704294.158935547
3094,20211231,1,10500.0,4692438.720703125
3095,20220103,1,10500.0,4719608.367919922
3096,20220104,1,10500.0,4718026.702880859
3097,20220105,1,10500.0,4627430.557250977
3098,20220106,1,10500.0,4623083.541870117
3099,20220107,1,10500.0,4604806.2744140625
3100,20220110,1,10500.0,4599075.622558594
3101,20220111,1,10500.0,4640966.033935547
3102,20220112,1,10500.0,4653512.649536133
3103,20220113,1,10500.0,4589393.051147461
3104,20220114,1,10500.0,4591270.797729492
3105,20220118,1,10500.0,4509961.166381836
3106,20220119,1,10500.0,4463131.896972656
3107,20220120,1,10500.0,4413734.024047852
3108,20220121,1,10500.0,4327089.4775390625
3109,20220124,1,10500.0,4345465.759277344
3110,20220125,1,10500.0,4292411.727905273
3111,20220126,1,10500.0,4281643.203735352
3112,20220127,1,10500.0,4260500.6103515625
3113,20220128,1,10500.0,4366311.950683594
3114,20220131,1,10500.0,4444953.0029296875
3115,20220201,1,10500.0,4474988.296508789
3116,20220202,1,10500.0,4518457.809448242
3117,20220203,1,10500.0,4412251.052856445
3118,20220204,1,10500.0,4432999.51171875
3119,20220207,1,10500.0,4418772.216796875
3120,20220208,1,10500.0,4455129.364013672
3121,20220209,1,10500.0,4520335.556030273
3122,20220210,1,10500.0,4439125.259399414
3123,20220211,1,10500.0,4351590.866088867
3124,20220214,1,10500.0,4337363.8916015625
3125,20220215,1,10500.0,4407312.194824219
3126,20220216,1,10500.0,4412251.052856445
3127,20220217,1,10500.0,4318000.030517578
3128,20220218,1,10500.0,4290040.832519531
3129,20220222,1,10500.0,4244001.113891602
3130,20220223,1,10500.0,4168718.536376953
3131,20220224,1,10500.0,4231453.857421875
3132,20220225,1,10500.0,4324816.635131836
3133,20220228,1,10500.0,4313751.388549805
3134,20220301,1,10500.0,4248052.688598633
3135,20220302,1,10500.0,4326200.271606445
3136,20220303,1,10500.0,4304662.902832031
3137,20220304,1,10500.0,4269688.751220703
3138,20220307,1,10500.0,4143821.731567383
3139,20220308,1,10500.0,4112404.4036865234
3140,20220309,1,10500.0,4222661.773681641
3141,20220310,1,10500.0,4203593.353271484
3142,20220311,1,10500.0,4150145.5078125
3143,20220314,1,10500.0,4119814.1326904297
3144,20220315,1,10500.0,4210410.919189453
3145,20220316,1,10500.0,4303773.056030273
3146,20220317,1,10500.0,4357618.560791016
3147,20220318,1,10500.0,4405345.687866211
3148,20220321,1,10500.0,4404057.540893555
3149,20220322,1,10500.0,4455590.789794922
3150,20220323,1,10500.0,4398209.930419922
3151,20220324,1,10500.0,4464510.08605957
3152,20220325,1,10500.0,4486312.774658203
3153,20220328,1,10500.0,4518223.892211914
3154,20220329,1,10500.0,4574118.576049805
3155,20220330,1,10500.0,4545874.19128418
3156,20220331,1,10500.0,4475907.302856445
3157,20220401,1,10500.0,4488592.346191406
3158,20220404,1,10500.0,4527044.494628906
3159,20220405,1,10500.0,4469861.022949219
3160,20220406,1,10500.0,4425166.488647461
3161,20220407,1,10500.0,4447464.248657227
3162,20220408,1,10500.0,4435571.640014648
3163,20220411,1,10500.0,4359757.781982422
3164,20220412,1,10500.0,4343604.354858398
3165,20220413,1,10500.0,4393354.705810547
3166,20220414,1,10500.0,4338649.475097656
3167,20220418,1,10500.0,4340432.693481445
3168,20220419,1,10500.0,4410499.8779296875
3169,20220420,1,10500.0,4407228.240966797
3170,20220421,1,10500.0,4341324.462890625
3171,20220422,1,10500.0,4222203.231811523
3172,20220425,1,10500.0,4246680.267333984
3173,20220426,1,10500.0,4123693.634033203
3174,20220427,1,10500.0,4135288.2385253906
3175,20220428,1,10500.0,4239743.499755859
3176,20220429,1,10500.0,4083061.248779297
3177,20220502,1,10500.0,4107638.900756836
3178,20220503,1,10500.0,4126468.5974121094
3179,20220504,1,10500.0,4252132.141113281
3180,20220505,1,10500.0,4100999.1760253906
3181,20220506,1,10500.0,4076521.1791992188
3182,20220509,1,10500.0,3946000.8087158203
3183,20220510,1,10500.0,3955118.453979492
3184,20220511,1,10500.0,3892287.322998047
3185,20220512,1,10500.0,3888223.892211914
3186,20220513,1,10500.0,3981182.9223632812
3187,20220516,1,10500.0,3965028.854370117
3188,20220517,1,10500.0,4046591.30859375
3189,20220518,1,10500.0,3883467.041015625
3190,20220519,1,10500.0,3859682.4645996094
3191,20220520,1,10500.0,3861366.668701172
3192,20220523,1,10500.0,3933613.1286621094
3193,20220524,1,10500.0,3903585.5255126953
3194,20220525,1,10500.0,3938072.6165771484
3195,20220526,1,10500.0,4016761.734008789
3196,20220527,1,10500.0,4115369.0643310547
3197,20220531,1,10500.0,4092277.587890625
3198,20220601,1,10500.0,4059177.978515625
3199,20220602,1,10500.0,4136478.3325195312
3200,20220603,1,10500.0,4068591.7053222656
3201,20220606,1,10500.0,4080979.705810547
3202,20220607,1,10500.0,4120125.5950927734
3203,20220608,1,10500.0,4075330.764770508
3204,20220609,1,10500.0,3978408.2794189453
3205,20220610,1,10500.0,3863051.513671875
3206,20220613,1,10500.0,3716378.9978027344
3207,20220614,1,10500.0,3705179.8095703125
3208,20220615,1,13000.0,4652763.7939453125
3209,20220616,1,13000.0,4498776.0009765625
3210,20220617,1,13000.0,4508474.822998047
3211,20220621,1,13000.0,4621968.933105469
3212,20220622,1,13000.0,4613590.026855469
3213,20220623,1,13000.0,4658814.697265625
3214,20220624,1,13000.0,4806936.065673828
3215,20220627,1,13000.0,4788575.0732421875
3216,20220628,1,13000.0,4690731.903076172
3217,20220629,1,13000.0,4686911.0107421875
3218,20220630,1,13000.0,4648834.197998047
3219,20220701,1,13000.0,4698001.159667969
3220,20220705,1,13000.0,4706874.3896484375
3221,20220706,1,13000.0,4722770.904541016
3222,20220707,1,13000.0,4793504.0283203125
3223,20220708,1,13000.0,4789561.737060547
3224,20220711,1,13000.0,4734848.114013672
3225,20220712,1,13000.0,4692949.615478516
3226,20220713,1,13000.0,4668303.649902344
3227,20220714,1,13000.0,4656966.735839844
3228,20220715,1,13000.0,4745937.8662109375
3229,20220718,1,13000.0,4706751.007080078
3230,20220719,1,13000.0,4833924.713134766
3231,20220720,1,13000.0,4864731.0791015625
3232,20220721,1,13000.0,4914269.378662109
3233,20220722,1,13000.0,4868675.354003906
3234,20220725,1,13000.0,4874589.385986328
3235,20220726,1,13000.0,4816917.755126953
3236,20220727,1,13000.0,4941995.544433594
3237,20220728,1,13000.0,5003980.804443359
3238,20220729,1,13000.0,5076932.434082031
3239,20220801,1,13000.0,5061898.406982422
3240,20220802,1,13000.0,5028503.387451172
3241,20220803,1,13000.0,5107247.650146484
3242,20220804,1,13000.0,5103797.302246094
3243,20220805,1,13000.0,5095169.647216797
3244,20220808,1,13000.0,5089255.218505859
3245,20220809,1,13000.0,5069045.867919922
3246,20220810,1,13000.0,5175515.106201172
3247,20220811,1,13000.0,5175515.106201172
3248,20220812,1,13000.0,5263132.2021484375
3249,20220815,1,13000.0,5284821.350097656
3250,20220816,1,13000.0,5295171.9970703125
3251,20220817,1,13000.0,5257586.730957031
3252,20220818,1,13000.0,5272867.126464844
3253,20220819,1,13000.0,5202010.223388672
3254,20220822,1,13000.0,5093691.833496094
3255,20220823,1,13000.0,5081369.049072266
3256,20220824,1,13000.0,5097635.711669922
3257,20220825,1,13000.0,5169601.867675781
3258,20220826,1,13000.0,4994615.631103516
3259,20220829,1,13000.0,4961589.9658203125
3260,20220830,1,13000.0,4907122.711181641
3261,20220831,1,13000.0,4869784.210205078
3262,20220901,1,13000.0,4885063.812255859
3263,20220902,1,13000.0,4833554.168701172
3264,20220906,1,13000.0,4815316.558837891
3265,20220907,1,13000.0,4901822.418212891
3266,20220908,1,13000.0,4933863.4033203125
3267,20220909,1,13000.0,5010510.955810547
3268,20220912,1,13000.0,5064362.487792969
3269,20220913,1,13000.0,4844151.580810547
3270,20220914,1,13000.0,4862636.749267578
3271,20220915,1,13000.0,4807428.802490234
3272,20220916,1,13000.0,4770754.0283203125
3273,20220919,1,13000.0,4807750.549316406
3274,20220920,1,13000.0,4752565.612792969
3275,20220921,1,13000.0,4669661.651611328
3276,20220922,1,13000.0,4630438.690185547
3277,20220923,1,13000.0,4552856.048583984
3278,20220926,1,13000.0,4507816.253662109
3279,20220927,1,13000.0,4496308.349609375
3280,20220928,1,13000.0,4584779.602050781
3281,20220929,1,13000.0,4489008.544921875
3282,20220930,1,13000.0,4419592.1630859375
3283,20221003,1,13000.0,4536275.177001953
3284,20221004,1,13000.0,4676839.263916016
3285,20221005,1,13000.0,4665950.256347656
3286,20221006,1,13000.0,4617816.7724609375
3287,20221007,1,13000.0,4489008.544921875
3288,20221010,1,13000.0,4454732.7880859375
3289,20221011,1,13000.0,4426520.6298828125
3290,20221012,1,13000.0,4411919.830322266
3291,20221013,1,13000.0,4528356.0791015625
3292,20221014,1,13000.0,4425160.64453125
3293,20221017,1,13000.0,4538873.748779297
3294,20221018,1,13000.0,4592203.9794921875
3295,20221019,1,13000.0,4559660.736083984
3296,20221020,1,13000.0,4521426.422119141
3297,20221021,1,13000.0,4631303.558349609
3298,20221024,1,13000.0,4687974.639892578
3299,20221025,1,13000.0,4762835.3271484375
3300,20221026,1,13000.0,4726951.232910156
3301,20221027,1,13000.0,4701709.777832031
3302,20221028,1,13000.0,4813566.192626953
3303,20221031,1,13000.0,4778796.5087890625
3304,20221101,1,13000.0,4757886.138916016
3305,20221102,1,13000.0,4638479.583740234
3306,20221103,1,13000.0,4590718.6279296875
3307,20221104,1,13000.0,4656793.365478516
3308,20221107,1,13000.0,4701339.2333984375
3309,20221108,1,13000.0,4726704.071044922
3310,20221109,1,13000.0,4629323.486328125
3311,20221110,1,13000.0,4883724.853515625
3312,20221111,1,13000.0,4930991.485595703
3313,20221114,1,13000.0,4889046.173095703
3314,20221115,1,13000.0,4930743.5302734375
3315,20221116,1,13000.0,4893128.90625
3316,20221117,1,13000.0,4878157.165527344
3317,20221118,1,13000.0,4900305.328369141
3318,20221121,1,13000.0,4882487.457275391
3319,20221122,1,13000.0,4948191.650390625
3320,20221123,1,13000.0,4979372.528076172
3321,20221125,1,13000.0,4978258.514404297
3322,20221128,1,13000.0,4898820.373535156
3323,20221129,1,13000.0,4890406.158447266
3324,20221130,1,13000.0,5044457.427978516
3325,20221201,1,13000.0,5040745.2392578125
3326,20221202,1,13000.0,5034929.992675781
3327,20221205,1,13000.0,4944354.4921875
3328,20221206,1,13000.0,4873083.801269531
3329,20221207,1,13000.0,4864793.365478516
3330,20221208,1,13000.0,4902903.900146484
3331,20221209,1,13000.0,4866277.923583984
3332,20221212,1,13000.0,4936436.981201172
3333,20221213,1,13000.0,4973804.443359375
3334,20221214,1,13000.0,4942003.875732422
3335,20221215,1,13000.0,4821115.142822266
3336,20221216,1,13000.0,4764195.3125
3337,20221219,1,13000.0,4723797.637939453
3338,20221220,1,13000.0,4730261.535644531
3339,20221221,1,13000.0,4800989.501953125
3340,20221222,1,13000.0,4732497.894287109
3341,20221223,1,13000.0,4759720.611572266
3342,20221227,1,13000.0,4740951.385498047
3343,20221228,1,13000.0,4682031.25
3344,20221229,1,13000.0,4766309.478759766
3345,20221230,1,13000.0,4753754.211425781
3346,20230103,1,13000.0,4733741.638183594
3347,20230104,1,13000.0,4770287.872314453
3348,20230105,1,13000.0,4715841.644287109
3349,20230106,1,13000.0,4823986.267089844
3350,20230109,1,13000.0,4821250.427246094
3351,20230110,1,13000.0,4855062.408447266
3352,20230111,1,13000.0,4916467.6513671875
3353,20230112,1,13000.0,4934368.0419921875
3354,20230113,1,13000.0,4953510.589599609
3355,20230117,1,13000.0,4944436.218261719
3356,20230118,1,13000.0,4866373.138427734
3357,20230119,1,13000.0,4830946.472167969
3358,20230120,1,13000.0,4920943.145751953
3359,20230123,1,13000.0,4979987.854003906
3360,20230124,1,13000.0,4974642.333984375
3361,20230125,1,13000.0,4976506.164550781
3362,20230126,1,13000.0,5031201.141357422
3363,20230127,1,13000.0,5042761.016845703
3364,20230130,1,13000.0,4979490.3564453125
3365,20230131,1,13000.0,5052705.017089844
3366,20230201,1,13000.0,5106404.205322266
3367,20230202,1,13000.0,5180738.830566406
3368,20230203,1,13000.0,5125671.722412109
3369,20230206,1,13000.0,5094346.832275391
3370,20230207,1,13000.0,5160974.212646484
3371,20230208,1,13000.0,5104539.1845703125
3372,20230209,1,13000.0,5060288.0859375
3373,20230210,1,13000.0,5072096.3134765625
3374,20230213,1,13000.0,5131638.519287109
3375,20230214,1,13000.0,5129276.397705078
3376,20230215,1,13000.0,5145933.044433594
3377,20230216,1,13000.0,5075080.108642578
3378,20230217,1,13000.0,5062401.85546875
3379,20230221,1,13000.0,4960844.512939453
3380,20230222,1,13000.0,4954008.087158203
3381,20230223,1,13000.0,4980360.382080078
3382,20230224,1,13000.0,4927158.69140625
3383,20230227,1,13000.0,4943939.514160156
3384,20230228,1,13000.0,4925666.9921875
3385,20230301,1,13000.0,4906772.399902344
3386,20230302,1,13000.0,4944932.922363281
3387,20230303,1,13000.0,5024240.142822266
3388,20230306,1,13000.0,5027720.245361328
3389,20230307,1,13000.0,4950651.763916016
3390,20230308,1,13000.0,4958731.140136719
3391,20230309,1,13000.0,4867243.957519531
3392,20230310,1,13000.0,4797012.298583984
3393,20230313,1,13000.0,4790175.476074219
3394,20230314,1,13000.0,4869357.330322266
3395,20230315,1,13000.0,4838902.4658203125
3396,20230316,1,13000.0,4923801.971435547
3397,20230317,1,13000.0,4866229.919433594
3398,20230320,1,13000.0,4913021.270751953
3399,20230321,1,13000.0,4977532.1044921875
3400,20230322,1,13000.0,4892681.396484375
3401,20230323,1,13000.0,4905909.118652344
3402,20230324,1,13000.0,4938102.05078125
3403,20230327,1,13000.0,4947335.510253906
3404,20230328,1,13000.0,4936230.682373047
3405,20230329,1,13000.0,5007977.844238281
3406,20230330,1,13000.0,5037300.048828125
3407,20230331,1,13000.0,5108299.774169922
3408,20230403,1,13000.0,5127764.862060547
3409,20230404,1,13000.0,5099315.856933594
3410,20230405,1,13000.0,5085963.958740234
3411,20230406,1,13000.0,5105804.351806641
3412,20230410,1,13000.0,5111044.342041016
3413,20230411,1,13000.0,5112417.022705078
3414,20230412,1,13000.0,5091578.460693359
3415,20230413,1,13000.0,5159208.3740234375
3416,20230414,1,13000.0,5146606.292724609
3417,20230417,1,13000.0,5165073.6083984375
3418,20230418,1,13000.0,5168443.023681641
3419,20230419,1,13000.0,5167569.427490234
3420,20230420,1,13000.0,5139369.567871094
3421,20230421,1,13000.0,5143361.846923828
3422,20230424,1,13000.0,5148727.996826172
3423,20230425,1,13000.0,5066997.955322266
3424,20230426,1,13000.0,5045536.1328125
3425,20230427,1,13000.0,5145982.635498047
3426,20230428,1,13000.0,5189905.242919922
3427,20230501,1,13000.0,5184663.665771484
3428,20230502,1,13000.0,5126392.974853516
3429,20230503,1,13000.0,5091205.139160156
3430,20230504,1,13000.0,5055144.500732422
3431,20230505,1,13000.0,5148727.996826172
3432,20230508,1,13000.0,5150100.280761719
3433,20230509,1,13000.0,5127514.923095703
3434,20230510,1,13000.0,5151472.961425781
3435,20230511,1,13000.0,5142488.6474609375
3436,20230512,1,13000.0,5135750.6103515625
3437,20230515,1,13000.0,5153469.696044922
3438,20230516,1,13000.0,5119030.487060547
3439,20230517,1,13000.0,5181170.074462891
3440,20230518,1,13000.0,5231081.695556641
3441,20230519,1,13000.0,5223469.665527344
3442,20230522,1,13000.0,5225590.576171875
3443,20230523,1,13000.0,5166945.373535156
3444,20230524,1,13000.0,5129511.260986328
3445,20230525,1,13000.0,5173932.159423828
3446,20230526,1,13000.0,5240938.812255859
3447,20230530,1,13000.0,5242934.753417969
3448,20230531,1,13000.0,5213862.091064453
3449,20230601,1,13000.0,5263399.993896484
3450,20230602,1,13000.0,5339513.5498046875
3451,20230605,1,13000.0,5329282.318115234
3452,20230606,1,13000.0,5340886.23046875
3453,20230607,1,13000.0,5322418.914794922
3454,20230608,1,13000.0,5354612.243652344
3455,20230609,1,13000.0,5364220.611572266
3456,20230612,1,13000.0,5412882.9345703125
3457,20230613,1,13000.0,5448570.648193359
3458,20230614,1,13000.0,5455057.952880859
3459,20230615,1,13000.0,5522688.262939453
3460,20230616,1,13000.0,5503876.5869140625
3461,20230620,1,13000.0,5475321.6552734375
3462,20230621,1,13000.0,5447267.791748047
3463,20230622,1,13000.0,5466930.450439453
3464,20230623,1,13000.0,5425600.860595703
3465,20230626,1,13000.0,5403433.258056641
3466,20230627,1,13000.0,5462672.760009766
3467,20230628,1,13000.0,5465428.436279297
3468,20230629,1,13000.0,5486969.6044921875
3469,20230630,1,13000.0,5551719.268798828
3470,20230703,1,13000.0,5558106.597900391
3471,20230705,1,13000.0,5549840.362548828
3472,20230706,1,13000.0,5506381.134033203
3473,20230707,1,13000.0,5492479.766845703
3474,20230710,1,13000.0,5506381.134033203
3475,20230711,1,13000.0,5541449.157714844
3476,20230712,1,13000.0,5586035.491943359
3477,20230713,1,13000.0,5630370.697021484
3478,20230714,1,13000.0,5626864.013671875
3479,20230717,1,13000.0,5646402.893066406
3480,20230718,1,13000.0,5688358.123779297
3481,20230719,1,13000.0,5701007.415771484
3482,20230720,1,13000.0,5663184.509277344
3483,20230721,1,13000.0,5663184.509277344
3484,20230724,1,13000.0,5688483.489990234
3485,20230725,1,13000.0,5704013.427734375
3486,20230726,1,13000.0,5704890.594482422
3487,20230727,1,13000.0,5667067.291259766
3488,20230728,1,13000.0,5722549.377441406
3489,20230731,1,13000.0,5733444.732666016
3490,20230801,1,13000.0,5717037.628173828
3491,20230802,1,13000.0,5637509.826660156
3492,20230803,1,13000.0,5621353.057861328
3493,20230804,1,13000.0,5595929.107666016
3494,20230807,1,13000.0,5644773.132324219
3495,20230808,1,13000.0,5620227.5390625
3496,20230809,1,13000.0,5582653.778076172
3497,20230810,1,13000.0,5584657.653808594
3498,20230811,1,13000.0,5581401.702880859
3499,20230814,1,13000.0,5612210.44921875
3500,20230815,1,13000.0,5546834.747314453
3501,20230816,1,13000.0,5506131.988525391
3502,20230817,1,13000.0,5464175.964355469
3503,20230818,1,13000.0,5466805.480957031
3504,20230821,1,13000.0,5502373.779296875
3505,20230822,1,13000.0,5487470.275878906
3506,20230823,1,13000.0,5548588.287353516
3507,20230824,1,13000.0,5471690.399169922
3508,20230825,1,13000.0,5510264.312744141
3509,20230828,1,13000.0,5545207.366943359
3510,20230829,1,13000.0,5625361.602783203
3511,20230830,1,13000.0,5648531.341552734
3512,20230831,1,13000.0,5640265.899658203
3513,20230901,1,13000.0,5650785.15625
3514,20230905,1,13000.0,5626363.342285156
3515,20230906,1,13000.0,5588540.435791016
3516,20230907,1,13000.0,5571382.720947266
3517,20230908,1,13000.0,5579773.132324219
3518,20230911,1,13000.0,5616469.7265625
3519,20230912,1,13000.0,5585659.393310547
3520,20230913,1,13000.0,5592172.882080078
3521,20230914,1,13000.0,5640390.869140625
3522,20230915,1,13000.0,5572433.654785156
3523,20230918,1,13000.0,5575700.714111328
3524,20230919,1,13000.0,5564138.0615234375
3525,20230920,1,13000.0,5512985.076904297
3526,20230921,1,13000.0,5421864.471435547
3527,20230922,1,13000.0,5409673.004150391
3528,20230925,1,13000.0,5432421.417236328
3529,20230926,1,13000.0,5352612.731933594
3530,20230927,1,13000.0,5354749.114990234
3531,20230928,1,13000.0,5385793.121337891
3532,20230929,1,13000.0,5372721.710205078
3533,20231002,1,13000.0,5370585.3271484375
3534,20231003,1,13000.0,5298694.549560547
3535,20231004,1,13000.0,5337279.968261719
3536,20231005,1,13000.0,5335268.157958984
3537,20231006,1,13000.0,5398613.006591797
3538,20231009,1,13000.0,5433176.3916015625
3539,20231010,1,13000.0,5461454.803466797
3540,20231011,1,13000.0,5483826.324462891
3541,20231012,1,13000.0,5450394.805908203
3542,20231013,1,13000.0,5423245.880126953
3543,20231016,1,13000.0,5480307.342529297
3544,20231017,1,13000.0,5480055.816650391
3545,20231018,1,13000.0,5407033.966064453
3546,20231019,1,13000.0,5359524.932861328
3547,20231020,1,13000.0,5293667.6025390625
3548,20231023,1,13000.0,5284491.668701172
3549,20231024,1,13000.0,5324333.923339844
3550,20231025,1,13000.0,5247917.663574219
3551,20231026,1,13000.0,5185076.66015625
3552,20231027,1,13000.0,5161573.669433594
3553,20231030,1,13000.0,5223284.393310547
3554,20231031,1,13000.0,5256087.493896484
3555,20231101,1,13000.0,5312142.852783203
3556,20231102,1,13000.0,5413946.1669921875
3557,20231103,1,13000.0,5463339.660644531
3558,20231106,1,13000.0,5475908.020019531
3559,20231107,1,13000.0,5491492.706298828
3560,20231108,1,13000.0,5495515.13671875
3561,20231109,1,13000.0,5452656.555175781
3562,20231110,1,13000.0,5537744.110107422
3563,20231113,1,13000.0,5532465.637207031
3564,20231114,1,13000.0,5639799.346923828
3565,20231115,1,13000.0,5651739.685058594
3566,20231116,1,13000.0,5658652.282714844
3567,20231117,1,13000.0,5665691.0400390625
3568,20231120,1,13000.0,5709302.6123046875
3569,20231121,1,13000.0,5696860.015869141
3570,20231122,1,13000.0,5718853.851318359
3571,20231124,1,13000.0,5722373.626708984
3572,20231127,1,13000.0,5712068.206787109
3573,20231128,1,13000.0,5717723.175048828
3574,20231129,1,13000.0,5713700.744628906
3575,20231130,1,13000.0,5736198.822021484
3576,20231201,1,13000.0,5770133.7890625
3577,20231204,1,13000.0,5739843.963623047
3578,20231205,1,13000.0,5738713.287353516
3579,20231206,1,13000.0,5715587.188720703
3580,20231207,1,13000.0,5759198.3642578125
3581,20231208,1,13000.0,5783958.587646484
3582,20231211,1,13000.0,5806455.871582031
3583,20231212,1,13000.0,5832975.189208984
3584,20231213,1,13000.0,5913413.0859375
3585,20231214,1,13000.0,5932390.9912109375
3586,20231215,1,13000.0,5922623.138427734
3587,20231218,1,13000.0,5955939.605712891
3588,20231219,1,13000.0,5992156.158447266
3589,20231220,1,13000.0,5909121.276855469
3590,20231221,1,13000.0,5965150.451660156
3591,20231222,1,13000.0,5977138.7939453125
3592,20231226,1,13000.0,6002377.471923828
3593,20231227,1,13000.0,6013229.98046875
3594,20231228,1,13000.0,6015501.251220703
3595,20231229,1,13000.0,5998087.249755859
3596,20240102,1,13000.0,5964519.6533203125
3597,20240103,1,13000.0,5915810.119628906
3598,20240104,1,13000.0,5896754.058837891
3599,20240105,1,13000.0,5904830.657958984
3600,20240108,1,13000.0,5989127.136230469
3601,20240109,1,13000.0,5980041.656494141
3602,20240110,1,13000.0,6013861.572265625
3603,20240111,1,13000.0,6011211.822509766
3604,20240112,1,13000.0,6015374.694824219
3605,20240116,1,13000.0,5993291.595458984
3606,20240117,1,13000.0,5959976.715087891
3607,20240118,1,13000.0,6012977.6611328125
3608,20240119,1,13000.0,6087936.340332031
3609,20240122,1,13000.0,6100808.59375
3610,20240123,1,13000.0,6118601.867675781
3611,20240124,1,13000.0,6125289.520263672
3612,20240125,1,13000.0,6158604.400634766
3613,20240126,1,13000.0,6150781.707763672
3614,20240129,1,13000.0,6199491.638183594
3615,20240130,1,13000.0,6194696.380615234
3616,20240131,1,13000.0,6093615.1123046875
3617,20240201,1,13000.0,6173369.842529297
3618,20240202,1,13000.0,6238359.130859375
3619,20240205,1,13000.0,6215643.646240234
3620,20240206,1,13000.0,6233690.032958984
3621,20240207,1,13000.0,6285681.304931641
3622,20240208,1,13000.0,6288457.611083984
3623,20240209,1,13000.0,6324801.116943359
3624,20240212,1,13000.0,6322025.207519531
3625,20240213,1,13000.0,6234952.0263671875
3626,20240214,1,13000.0,6291613.189697266
3627,20240215,1,13000.0,6335022.8271484375
3628,20240216,1,13000.0,6303474.182128906
3629,20240220,1,13000.0,6268771.942138672
3630,20240221,1,13000.0,6274450.714111328
3631,20240222,1,13000.0,6404302.337646484
3632,20240223,1,13000.0,6408719.909667969
3633,20240226,1,13000.0,6385247.863769531
3634,20240227,1,13000.0,6397109.649658203
3635,20240228,1,13000.0,6388654.968261719
3636,20240229,1,13000.0,6411621.58203125
3637,20240301,1,13000.0,6471816.009521484
3638,20240304,1,13000.0,6464876.037597656
3639,20240305,1,13000.0,6400265.228271484
3640,20240306,1,13000.0,6432695.80078125
3641,20240307,1,13000.0,6496549.652099609
3642,20240308,1,13000.0,6457556.793212891
3643,20240311,1,13000.0,6452003.7841796875
3644,20240312,1,13000.0,6521410.64453125
3645,20240313,1,13000.0,6511188.140869141
3646,20240314,1,13000.0,6498316.680908203
3647,20240315,1,13000.0,6453695.037841797
3648,20240318,1,13000.0,6492050.750732422
3649,20240319,1,13000.0,6528128.845214844
3650,20240320,1,13000.0,6588508.544921875
3651,20240321,1,13000.0,6610282.5927734375
3652,20240322,1,13000.0,6597748.748779297
3653,20240325,1,13000.0,6579522.247314453
3654,20240326,1,13000.0,6567368.865966797
3655,20240327,1,13000.0,6622560.150146484
3656,20240328,1,13000.0,6621294.189453125
3657,20240401,1,13000.0,6609775.573730469
3658,20240402,1,13000.0,6567750.1220703125
3659,20240403,1,13000.0,6574964.2333984375
3660,20240404,1,13000.0,6494709.625244141
3661,20240405,1,13000.0,6562559.326171875
3662,20240408,1,13000.0,6566230.255126953
3663,20240409,1,13000.0,6573824.8291015625
3664,20240410,1,13000.0,6508000.823974609
3665,20240411,1,13000.0,6557115.814208984
3666,20240412,1,13000.0,6466608.154296875
3667,20240415,1,13000.0,6385592.620849609
3668,20240416,1,13000.0,6373946.6552734375
3669,20240417,1,13000.0,6336224.12109375
3670,20240418,1,13000.0,6323186.431884766
3671,20240419,1,13000.0,6267994.7509765625
3672,20240422,1,13000.0,6325717.956542969
3673,20240423,1,13000.0,6400783.355712891
3674,20240424,1,13000.0,6397744.812011719
3675,20240425,1,13000.0,6373440.032958984
3676,20240426,1,13000.0,6433822.113037109
3677,20240429,1,13000.0,6456607.025146484
3678,20240430,1,13000.0,6354326.843261719
3679,20240501,1,13000.0,6333693.389892578
3680,20240502,1,13000.0,6392934.875488281
3681,20240503,1,13000.0,6472177.825927734
3682,20240506,1,13000.0,6539013.488769531
3683,20240507,1,13000.0,6546229.583740234
3684,20240508,1,13000.0,6546863.1591796875
3685,20240509,1,13000.0,6584584.899902344
3686,20240510,1,13000.0,6593067.352294922
3687,20240513,1,13000.0,6593952.056884766
3688,20240514,1,13000.0,6624207.763671875
3689,20240515,1,13000.0,6706233.7646484375
3690,20240516,1,13000.0,6692435.546875
3691,20240517,1,13000.0,6702057.0068359375
3692,20240520,1,13000.0,6709777.34375
3693,20240521,1,13000.0,6726233.642578125
3694,20240522,1,13000.0,6706866.149902344
3695,20240523,1,13000.0,6657878.90625
3696,20240524,1,13000.0,6701930.0537109375
3697,20240528,1,13000.0,6706613.037109375
3698,20240529,1,13000.0,6659648.3154296875
3699,20240530,1,13000.0,6615472.198486328
3700,20240531,1,13000.0,6675726.9287109375
3701,20240603,1,13000.0,6681169.250488281
3702,20240604,1,13000.0,6688638.854980469
3703,20240605,1,13000.0,6768132.9345703125
3704,20240606,1,13000.0,6768005.9814453125
3705,20240607,1,13000.0,6759778.625488281
3706,20240610,1,13000.0,6780664.794921875
3707,20240611,1,13000.0,6796994.934082031
3708,20240612,1,13000.0,6852817.810058594
3709,20240613,1,13000.0,6866616.027832031
3710,20240614,1,13000.0,6870795.166015625
3711,20240617,1,13000.0,6925478.6376953125
3712,20240618,1,13000.0,6943074.3408203125
3713,20240620,1,13000.0,6924212.2802734375
3714,20240621,1,13000.0,6914929.626464844
3715,20240624,1,13000.0,6892452.575683594
3716,20240625,1,13000.0,6918993.713378906
3717,20240626,1,13000.0,6927628.90625
3718,20240627,1,13000.0,6938550.842285156
3719,20240628,1,13000.0,6911247.1923828125
3720,20240701,1,13000.0,6925470.703125
3721,20240702,1,13000.0,6972077.575683594
3722,20240703,1,13000.0,7003189.8193359375
3723,20240705,1,13000.0,7043574.401855469
3724,20240708,1,13000.0,7051702.575683594
3725,20240709,1,13000.0,7058559.631347656
3726,20240710,1,13000.0,7128406.066894531
3727,20240711,1,13000.0,7066940.91796875
3728,20240712,1,13000.0,7111516.540527344
3729,20240715,1,13000.0,7131073.669433594
3730,20240716,1,13000.0,7173362.548828125
3731,20240717,1,13000.0,7072782.3486328125
3732,20240718,1,13000.0,7018429.748535156
3733,20240719,1,13000.0,6971823.669433594
3734,20240722,1,13000.0,7043702.1484375
3735,20240723,1,13000.0,7032652.4658203125
3736,20240724,1,13000.0,6873276.306152344
3737,20240725,1,13000.0,6837462.829589844
3738,20240726,1,13000.0,6914040.954589844
3739,20240729,1,13000.0,6918104.248046875
3740,20240730,1,13000.0,6883055.6640625
3741,20240731,1,13000.0,6994934.6923828125
3742,20240801,1,13000.0,6895881.896972656
3743,20240802,1,13000.0,6767491.027832031
3744,20240805,1,13000.0,6570396.697998047
3745,20240806,1,13000.0,6630972.381591797
3746,20240807,1,13000.0,6586651.458740234
3747,20240808,1,13000.0,6738916.259765625
3748,20240809,1,13000.0,6768633.605957031
3749,20240812,1,13000.0,6772189.880371094
3750,20240813,1,13000.0,6883562.683105469
3751,20240814,1,13000.0,6905278.015136719
3752,20240815,1,13000.0,7023638.000488281
3753,20240816,1,13000.0,7039384.1552734375
3754,20240819,1,13000.0,7106689.94140625
3755,20240820,1,13000.0,7095134.033203125
3756,20240821,1,13000.0,7119516.9677734375
3757,20240822,1,13000.0,7063639.343261719
3758,20240823,1,13000.0,7138693.2373046875
3759,20240826,1,13000.0,7121675.964355469
3760,20240827,1,13000.0,7131452.941894531
3761,20240828,1,13000.0,7090055.114746094
3762,20240829,1,13000.0,7090688.293457031
3763,20240830,1,13000.0,7158377.3193359375
3764,20240903,1,13000.0,7011066.467285156
3765,20240904,1,13000.0,6996714.416503906
3766,20240905,1,13000.0,6979696.350097656
3767,20240906,1,13000.0,6862228.210449219
3768,20240909,1,13000.0,6939057.861328125
3769,20240910,1,13000.0,6969283.020019531
3770,20240911,1,13000.0,7040782.2265625
3771,20240912,1,13000.0,7100087.585449219
3772,20240913,1,13000.0,7137169.006347656
3773,20240916,1,13000.0,7147710.0830078125
3774,20240917,1,13000.0,7150630.798339844
3775,20240918,1,13000.0,7129423.278808594
3776,20240919,1,13000.0,7251081.6650390625
3777,20240920,1,13000.0,7238548.2177734375
3778,20240923,1,13000.0,7256636.657714844
3779,20240924,1,13000.0,7277399.841308594
3780,20240925,1,13000.0,7261348.205566406
3781,20240926,1,13000.0,7290137.20703125
3782,20240927,1,13000.0,7279564.392089844
3783,20240930,1,13000.0,7308735.046386719
3784,20241001,1,13000.0,7243260.559082031
3785,20241002,1,13000.0,7246317.7490234375
3786,20241003,1,13000.0,7233070.1904296875
3787,20241004,1,13000.0,7298800.1708984375
3788,20241007,1,13000.0,7232814.697265625
3789,20241008,1,13000.0,7301219.421386719
3790,20241009,1,13000.0,7351791.198730469
3791,20241010,1,13000.0,7338925.29296875
3792,20241011,1,13000.0,7382871.7041015625
3793,20241014,1,13000.0,7443251.403808594
3794,20241015,1,13000.0,7385421.081542969
3795,20241016,1,13000.0,7417520.3857421875
3796,20241017,1,13000.0,7418157.531738281
3797,20241018,1,13000.0,7446691.0400390625
3798,20241021,1,13000.0,7434463.073730469
3799,20241022,1,13000.0,7430514.0380859375
3800,20241023,1,13000.0,7362618.713378906
3801,20241024,1,13000.0,7378542.6025390625
3802,20241025,1,13000.0,7375994.0185546875
3803,20241028,1,13000.0,7398795.593261719
3804,20241029,1,13000.0,7410769.6533203125
3805,20241030,1,13000.0,7388349.7314453125
3806,20241031,1,13000.0,7243516.052246094
3807,20241101,1,13000.0,7274087.951660156
3808,20241104,1,13000.0,7258418.762207031
3809,20241105,1,13000.0,7346186.218261719
3810,20241106,1,13000.0,7528852.722167969
3811,20241107,1,13000.0,7587069.4580078125
3812,20241108,1,13000.0,7619932.067871094
3813,20241111,1,13000.0,7627194.580078125
3814,20241112,1,13000.0,7603500.3662109375
3815,20241113,1,13000.0,7607195.495605469
3816,20241114,1,13000.0,7558279.6630859375
3817,20241115,1,13000.0,7461468.3837890625
3818,20241118,1,13000.0,7492040.283203125
3819,20241119,1,13000.0,7519427.24609375
3820,20241120,1,13000.0,7521975.036621094
3821,20241121,1,13000.0,7562354.8583984375
3822,20241122,1,13000.0,7585793.5791015625
3823,20241125,1,13000.0,7611525.390625
3824,20241126,1,13000.0,7651268.859863281
3825,20241127,1,13000.0,7628085.632324219
3826,20241129,1,13000.0,7675470.886230469
3827,20241202,1,13000.0,7689228.6376953125
3828,20241203,1,13000.0,7692796.0205078125
3829,20241204,1,13000.0,7740563.720703125
3830,20241205,1,13000.0,7727826.354980469
3831,20241206,1,13000.0,7742475.158691406
3832,20241209,1,13000.0,7702603.1494140625
3833,20241210,1,13000.0,7678656.6162109375
3834,20241211,1,13000.0,7738016.7236328125
3835,20241212,1,13000.0,7698146.301269531
3836,20241213,1,13000.0,7696617.3095703125
3837,20241216,1,13000.0,7729482.2998046875
3838,20241217,1,13000.0,7697636.901855469
3839,20241218,1,13000.0,7468219.909667969
3840,20241219,1,13000.0,7465926.025390625
3841,20241220,1,13000.0,7555599.365234375
3842,20241223,1,13000.0,7600845.458984375
3843,20241224,1,13000.0,7685328.796386719
3844,20241226,1,13000.0,7685839.782714844
3845,20241227,1,13000.0,7604934.143066406
3846,20241230,1,13000.0,7518150.573730469
3847,20241231,1,13000.0,7490798.522949219
3848,20250102,1,13000.0,7472394.287109375
3849,20250103,1,13000.0,7565823.8525390625
3850,20250106,1,13000.0,7609408.447265625
3851,20250107,1,13000.0,7523391.357421875
3852,20250108,1,13000.0,7534382.32421875
3853,20250110,1,13000.0,7419350.891113281
3854,20250113,1,13000.0,7430854.431152344
3855,20250114,1,13000.0,7441079.7119140625
3856,20250115,1,13000.0,7576432.373046875
3857,20250116,1,13000.0,7561862.121582031
3858,20250117,1,13000.0,7637782.470703125
3859,20250121,1,13000.0,7707694.763183594
3860,20250122,1,13000.0,7751023.0712890625
3861,20250123,1,13000.0,7793329.406738281
3862,20250124,1,13000.0,7770577.819824219
3863,20250127,1,13000.0,7660660.217285156
3864,20250128,1,13000.0,7726483.825683594
3865,20250129,1,13000.0,7691846.252441406
3866,20250130,1,13000.0,7733129.821777344
3867,20250131,1,13000.0,7691973.9990234375
3868,20250203,1,13000.0,7640210.44921875
3869,20250204,1,13000.0,7691463.0126953125
3870,20250205,1,13000.0,7722648.254394531
3871,20250206,1,13000.0,7749488.525390625
3872,20250207,1,13000.0,7678554.260253906
3873,20250210,1,13000.0,7730701.0498046875
3874,20250211,1,13000.0,7736580.56640625
3875,20250212,1,13000.0,7711657.287597656
3876,20250213,1,13000.0,7793073.913574219
3877,20250214,1,13000.0,7792689.880371094
3878,20250218,1,13000.0,7815567.626953125
3879,20250219,1,13000.0,7833972.65625
3880,20250220,1,13000.0,7801381.408691406
3881,20250221,1,13000.0,7667946.533203125
3882,20250224,1,13000.0,7633053.466796875
3883,20250225,1,13000.0,7595092.8955078125
3884,20250226,1,13000.0,7598926.8798828125
3885,20250227,1,13000.0,7477633.483886719
3886,20250228,1,13000.0,7594326.416015625
3887,20250303,1,13000.0,7461273.986816406
3888,20250304,1,13000.0,7372955.871582031
3889,20250305,1,13000.0,7452198.425292969
3890,20250306,1,13000.0,7319914.0625
3891,20250307,1,13000.0,7360941.345214844
3892,20250310,1,13000.0,7164878.112792969
3893,20250311,1,13000.0,7105318.054199219
3894,20250312,1,13000.0,7143022.3388671875
3895,20250313,1,13000.0,7047802.734375
3896,20250314,1,13000.0,7193380.676269531
3897,20250317,1,13000.0,7248851.257324219
3898,20250318,1,13000.0,7170502.136230469
3899,20250319,1,13000.0,7248595.764160156
3900,20250320,1,13000.0,7227634.216308594
3901,20250321,1,13000.0,7230018.5546875
3902,20250324,1,13000.0,7359497.253417969
3903,20250325,1,13000.0,7377188.171386719
3904,20250326,1,13000.0,7289117.614746094
3905,20250327,1,13000.0,7269760.437011719
3906,20250328,1,13000.0,7123358.88671875
3907,20250331,1,13000.0,7171176.574707031
3908,20250401,1,13000.0,7191431.15234375
3909,20250402,1,13000.0,7236940.673828125
3910,20250403,1,13000.0,6880299.1943359375
3911,20250404,1,13000.0,6477506.286621094
3912,20250407,1,13000.0,6465968.231201172
3913,20250408,1,13000.0,6364693.359375
3914,20250409,1,13000.0,7033109.4970703125
3915,20250410,1,13000.0,6724924.4384765625
3916,20250411,1,13000.0,6844916.564941406
3917,20250414,1,13000.0,6911321.77734375
3918,20250415,1,13000.0,6891964.599609375
3919,20250416,1,13000.0,6738769.470214844
3920,20250417,1,13000.0,6748383.7890625
3921,20250421,1,13000.0,6587754.7607421875
3922,20250422,1,13000.0,6759153.381347656
3923,20250423,1,13000.0,6863888.916015625
3924,20250424,1,13000.0,7008367.126464844
3925,20250425,1,13000.0,7059004.7607421875
3926,20250428,1,13000.0,7061696.1669921875
3927,20250429,1,13000.0,7106181.335449219
3928,20250430,1,13000.0,7109001.281738281
3929,20250501,1,13000.0,7159381.042480469
3930,20250502,1,13000.0,7265656.677246094
3931,20250505,1,13000.0,7223993.835449219
3932,20250506,1,13000.0,7163612.548828125
3933,20250507,1,13000.0,7193739.318847656
3934,20250508,1,13000.0,7243862.79296875
3935,20250509,1,13000.0,7234634.094238281
3936,20250512,1,13000.0,7473719.3603515625
3937,20250513,1,13000.0,7523076.354980469
3938,20250514,1,13000.0,7532690.673828125
3939,20250515,1,13000.0,7569482.482910156
3940,20250516,1,13000.0,7617427.917480469
3941,20250519,1,13000.0,7625760.009765625
3942,20250520,1,13000.0,7600120.2392578125
3943,20250521,1,13000.0,7472053.1005859375
3944,20250522,1,13000.0,7475003.173828125
3945,20250523,1,13000.0,7423979.1259765625
3946,20250527,1,13000.0,7578327.1484375
3947,20250528,1,13000.0,7534484.680175781
3948,20250529,1,13000.0,7564225.830078125
3949,20250530,1,13000.0,7555765.9912109375
3950,20250602,1,13000.0,7598327.0263671875
3951,20250603,1,13000.0,7641656.921386719
3952,20250604,1,13000.0,7639605.8349609375
3953,20250605,1,13000.0,7602684.6923828125
3954,20250606,1,13000.0,7680758.483886719
3955,20250609,1,13000.0,7687679.016113281
3956,20250610,1,13000.0,7731266.784667969
3957,20250611,1,13000.0,7709216.613769531
3958,20250612,1,13000.0,7739855.95703125
3959,20250613,1,13000.0,7653322.326660156
3960,20250616,1,13000.0,7726138.671875
3961,20250617,1,13000.0,7660117.492675781
3962,20250618,1,13000.0,7658963.0126953125
3963,20250620,1,13000.0,7640976.135253906
3964,20250623,1,13000.0,7716449.768066406
3965,20250624,1,13000.0,7801695.617675781
3966,20250625,1,13000.0,7806066.7724609375
3967,20250626,1,13000.0,7867139.16015625
3968,20250627,1,13000.0,7906226.4404296875
3969,20250630,1,13000.0,7944028.3203125
3970,20250701,1,13000.0,7941456.726074219
3971,20250702,1,13000.0,7977458.251953125
3972,20250703,1,13000.0,8040330.993652344
3973,20250707,1,13000.0,7980414.6728515625
3974,20250708,1,13000.0,7976043.518066406
3975,20250709,1,13000.0,8023873.9013671875
3976,20250710,1,13000.0,8046502.502441406
3977,20250711,1,13000.0,8018215.759277344
3978,20250714,1,13000.0,8033516.784667969
3979,20250715,1,13000.0,7999187.072753906
3980,20250716,1,13000.0,8025930.5419921875
3981,20250717,1,13000.0,8075045.5322265625
3982,20250718,1,13000.0,8069131.896972656
3983,20250721,1,13000.0,8084432.12890625
3984,20250722,1,13000.0,8085588.9892578125
3985,20250723,1,13000.0,8154377.746582031
3986,20250724,1,13000.0,8157076.2939453125
3987,20250725,1,13000.0,8191535.339355469
3988,20250728,1,13000.0,8189477.9052734375
3989,20250729,1,13000.0,8167878.41796875
3990,20250730,1,13000.0,8157591.247558594
3991,20250731,1,13000.0,8126990.783691406
3992,20250801,1,13000.0,7993786.804199219
3993,20250804,1,13000.0,8115289.6728515625
3994,20250805,1,13000.0,8074145.751953125
3995,20250806,1,13000.0,8135990.966796875
3996,20250807,1,13000.0,8129175.964355469
3997,20250808,1,13000.0,8192563.659667969
3998,20250811,1,13000.0,8176362.854003906
3999,20250812,1,13000.0,8263409.0576171875
4000,20250813,1,13000.0,8291695.80078125
4001,20250814,1,13000.0,8292467.041015625
4002,20250815,1,13000.0,8273052.734375
4003,20250818,1,13000.0,8271251.5869140625
4004,20250819,1,13000.0,8226379.211425781
4005,20250820,1,13000.0,8204521.057128906
4006,20250821,1,13000.0,8171606.872558594
4007,20250822,1,13000.0,8297095.275878906
4008,20250825,1,13000.0,8260580.383300781
4009,20250826,1,13000.0,8295166.3818359375
4010,20250827,1,13000.0,8314068.115234375
4011,20250828,1,13000.0,8343510.925292969
4012,20250829,1,13000.0,8293753.234863281
4013,20250902,1,13000.0,8232293.640136719
4014,20250903,1,13000.0,8276909.729003906
4015,20250904,1,13000.0,8346082.51953125
4016,20250905,1,13000.0,8321910.64453125
4017,20250908,1,13000.0,8342354.064941406
4018,20250909,1,13000.0,8361640.625
4019,20250910,1,13000.0,8385812.5
4020,20250911,1,13000.0,8455501.831054688
4021,20250912,1,13000.0,8452670.776367188
4022,20250915,1,13000.0,8497672.485351562
4023,20250916,1,13000.0,8485972.961425781
4024,20250917,1,13000.0,8475429.504394531
4025,20250918,1,13000.0,8515030.944824219
4026,20250919,1,13000.0,8557204.772949219
4027,20250922,1,13000.0,8597689.331054688
4028,20250923,1,13000.0,8550888.061523438
4029,20250924,1,13000.0,8523682.006835938
4030,20250925,1,13000.0,8484358.276367188
4031,20250926,1,13000.0,8532965.454101562
4032,20250929,1,13000.0,8556946.899414062
4033,20250930,1,13000.0,8589179.504394531
4034,20251001,1,13000.0,8618447.75390625
4035,20251002,1,13000.0,8628373.901367188
4036,20251003,1,13000.0,8628246.948242188
4037,20251006,1,13000.0,8659189.392089844
4038,20251007,1,13000.0,8627085.327148438
4039,20251008,1,13000.0,8678529.113769531
4040,20251009,1,13000.0,8653387.634277344
4041,20251010,1,13000.0,8419505.065917969
4042,20251013,1,13000.0,8548694.946289062
4043,20251014,1,13000.0,8538251.46484375
4044,20251015,1,13000.0,8576157.287597656
4045,20251016,1,13000.0,8517750.915527344
4046,20251017,1,13000.0,8566101.013183594
4047,20251020,1,13000.0,8655192.749023438
4048,20251021,1,13000.0,8655063.415527344
4049,20251022,1,13000.0,8610066.467285156
4050,20251023,1,13000.0,8661123.840332031
4051,20251024,1,13000.0,8731907.348632812
4052,20251027,1,13000.0,8834924.255371094
4053,20251028,1,13000.0,8858389.16015625
4054,20251029,1,13000.0,8862644.470214844
4055,20251030,1,13000.0,8765172.241210938
4056,20251031,1,13000.0,8793923.156738281
4057,20251103,1,13000.0,8810426.26953125
4058,20251104,1,13000.0,8705991.455078125
4059,20251105,1,13000.0,8736161.865234375
4060,20251106,1,13000.0,8642428.405761719
4061,20251107,1,13000.0,8650937.438964844
4062,20251110,1,13000.0,8785929.077148438
4063,20251111,1,13000.0,8806043.212890625
4064,20251112,1,13000.0,8810942.810058594
4065,20251113,1,13000.0,8664734.069824219
4066,20251114,1,13000.0,8663314.575195312
4067,20251117,1,13000.0,8582604.125976562
4068,20251118,1,13000.0,8510531.25
4069,20251119,1,13000.0,8543408.935546875
4070,20251120,1,13000.0,8413188.354492188
4071,20251121,1,13000.0,8496993.286132812
4072,20251124,1,13000.0,8622057.189941406
4073,20251125,1,13000.0,8703156.433105469
4074,20251126,1,13000.0,8763237.79296875
4075,20251128,1,13000.0,8811071.350097656
4076,20251201,1,13000.0,8770844.665527344
4077,20251202,1,13000.0,8787089.904785156
4078,20251203,1,13000.0,8817518.188476562
4079,20251204,1,13000.0,8823964.233398438
4080,20251205,1,13000.0,8840725.219726562
4081,20251208,1,13000.0,8814165.0390625
4082,20251209,1,13000.0,8806558.959960938
4083,20251210,1,13000.0,8864965.33203125
4084,20251211,1,13000.0,8885593.627929688
4085,20251212,1,13000.0,8790055.847167969
4086,20251215,1,13000.0,8776775.756835938
4087,20251216,1,13000.0,8752794.311523438
4088,20251217,1,13000.0,8656482.116699219
4089,20251218,1,13000.0,8721850.280761719
4090,20251219,1,13000.0,8800900.024414062
4091,20251222,1,13000.0,8855728.698730469
4092,20251223,1,13000.0,8896202.941894531
4093,20251224,1,13000.0,8927496.887207031
4094,20251226,1,13000.0,8926591.552734375
4095,20251229,1,13000.0,8894780.2734375
4096,20251230,1,13000.0,8883918.640136719
4097,20251231,1,13000.0,8818098.205566406
4098,20260102,1,13000.0,8834261.71875
4099,20260105,1,13000.0,8893098.937988281
4100,20260106,1,13000.0,8945988.403320312
4101,20260107,1,13000.0,8917151.794433594
4102,20260108,1,13000.0,8916246.459960938
4103,20260109,1,13000.0,8975213.012695312
4104,20260112,1,13000.0,8989307.983398438
4105,20260113,1,13000.0,8971333.801269531
4106,20260114,1,13000.0,8927238.220214844
4107,20260115,1,13000.0,8951548.950195312
4108,20260116,1,13000.0,8944048.400878906
4109,20260120,1,13000.0,8761976.196289062
4110,20260121,1,13000.0,8863099.12109375
4111,20260122,1,13000.0,8909393.371582031
4112,20260123,1,13000.0,8912625.122070312
4113,20260126,1,13000.0,8957884.704589844
4114,20260127,1,13000.0,8993575.1953125
4115,20260128,1,13000.0,8992669.860839844
4116,20260129,1,13000.0,8974825.012207031
4117,20260130,1,13000.0,8948056.945800781
4118,20260202,1,13000.0,8992541.320800781
4119,20260203,1,13000.0,8916505.126953125
4120,20260204,1,13000.0,8873314.880371094
4121,20260205,1,13000.0,8762493.530273438
4122,20260206,1,13000.0,8930600.09765625
4123,20260209,1,13000.0,8973661.804199219
4124,20260210,1,13000.0,8949996.948242188
4125,20260211,1,13000.0,8947928.405761719
4126,20260212,1,13000.0,8809693.115234375
4127,20260213,1,13000.0,8815899.536132812
4128,20260217,1,13000.0,8830123.840332031
4129,20260218,1,13000.0,8874607.421875
4130,20260219,1,13000.0,8851201.232910156
4131,20260220,1,13000.0,8915212.585449219
4132,20260223,1,13000.0,8824176.086425781
4133,20260224,1,13000.0,8888314.392089844
4134,20260225,1,13000.0,8963316.711425781
4135,20260226,1,13000.0,8913530.456542969
4136,20260227,1,13000.0,8870728.210449219
4137,20260302,1,13000.0,8875772.216796875
4138,20260303,1,13000.0,8797538.146972656
4139,20260304,1,13000.0,8859607.116699219
4140,20260305,1,13000.0,8810210.44921875
4141,20260306,1,13000.0,8694733.88671875
4142,20260309,1,13000.0,8770899.4140625
4143,20260310,1,13000.0,8756803.649902344
4144,20260311,1,13000.0,8745812.683105469
4145,20260312,1,13000.0,8613007.8125
4146,20260313,1,13000.0,8564257.019042969
4147,20260316,1,13000.0,8651414.306640625
4148,20260317,1,13000.0,8674172.241210938
4149,20260318,1,13000.0,8553135.925292969
4150,20260319,1,13000.0,8532058.532714844
4151,20260320,1,13000.0,8409744.750976562
4152,20260323,1,13000.0,8498046.997070312
4153,20260324,1,13000.0,8469520.629882812
4154,20260325,1,13000.0,8516718.627929688
4155,20260326,1,13000.0,8364620.849609375
4156,20260327,1,13000.0,8221988.220214844
4157,20260330,1,13000.0,8194498.9013671875
4158,20260331,1,13000.0,8432695.495605469
4159,20260401,1,13000.0,8496231.567382812
4160,20260402,1,13000.0,8503882.080078125
4161,20260406,1,13000.0,8544078.61328125
4162,20260407,1,13000.0,8547838.012695312
4163,20260408,1,13000.0,8765548.33984375
4164,20260409,1,13000.0,8816116.943359375
4165,20260410,1,13000.0,8810282.653808594
4166,20260413,1,13000.0,8896380.676269531
4167,20260414,1,13000.0,9004781.982421875
4168,20260415,1,13000.0,9075838.439941406
4169,20260416,1,13000.0,9098140.930175781
4170,20260417,1,13000.0,9208098.205566406
4171,20260420,1,13000.0,9189684.448242188
4172,20260421,1,13000.0,9129520.568847656
4173,20260422,1,13000.0,9221972.595214844
4174,20260423,1,13000.0,9186184.509277344
4175,20260424,1,13000.0,9257371.09375
4176,20260427,1,13000.0,9273319.580078125
4177,20260428,1,13000.0,9228195.678710938
4178,20260429,1,13000.0,9226769.836425781
4179,20260430,1,13000.0,9318572.814941406
4180,20260501,1,13000.0,9344376.831054688
4181,20260504,1,13000.0,9310144.714355469
4182,20260505,1,13000.0,9384832.824707031
4183,20260506,1,13000.0,9515276.3671875
4184,20260507,1,13000.0,9486101.745605469
4185,20260508,1,13000.0,9564419.921875
4186,20260511,1,13000.0,9586203.491210938
4187,20260512,1,13000.0,9571680.847167969
4188,20260513,1,13000.0,9625232.849121094
4189,20260514,1,13000.0,9701217.468261719
4190,20260515,1,13000.0,9584518.188476562
4191,20260518,1,13000.0,9577775.390625
4192,20260519,1,13000.0,9513979.858398438
4193,20260520,1,13000.0,9611488.586425781
4194,20260521,1,13000.0,9630549.011230469
4195,20260522,1,13000.0,9668411.987304688
4196,20260526,1,13000.0,9732597.106933594
4197,20260527,1,13000.0,9730911.010742188
4198,20260528,1,13000.0,9784592.346191406
4199,20260529,1,13000.0,9808969.7265625
4200,20260601,1,13000.0,9835680.6640625
4201,20260602,1,13000.0,9849036.926269531
4202,20260603,1,13000.0,9779924.438476562
4203,20260604,1,13000.0,9816879.699707031
4204,20260605,1,13000.0,9563512.20703125
4205,20260608,1,13000.0,9585165.649414062
4206,20260609,1,13000.0,9557028.869628906
4207,20260610,1,13000.0,9406356.93359375
4208,20260611,1,13000.0,9566235.3515625
4209,20260612,1,13000.0,9617971.923828125
4210,20260615,1,13000.0,9787574.951171875
4211,20260616,1,13000.0,9729225.708007812
4212,20260617,1,13000.0,9607728.393554688
4213,20260618,1,13000.0,9707619.873046875
4214,20260622,1,13000.0,9677070.190429688
4215,20260623,1,13000.0,9536540.222167969
4216,20260624,1,13000.0,9532119.873046875
4217,20260625,1,13000.0,9545899.841308594
4218,20260626,1,13000.0,9476869.873046875
4219,20260629,1,13000.0,9633000.0
4220,20260630,1,13000.0,9708010.25390625
4221,20260701,1,13000.0,9694880.126953125
4222,20260702,1,13000.0,9682140.380859375
4223,20260706,1,13000.0,9766640.380859375
4224,20260707,1,13000.0,9720230.285644531
4225,20260708,1,13000.0,9690200.317382812
4226,20260709,1,13000.0,9772230.285644531
4227,20260710,1,13000.0,9814350.158691406
4228,20260713,1,13000.0,9739209.777832031
4229,20260714,1,13000.0,9773790.222167969
4230,20260715,1,13000.0,9812529.968261719
4231,20260716,1,13000.0,9759359.619140625
4232,20260717,1,13000.0,9662769.714355469
4233,20260720,1,13000.0,9647170.349121094
4234,20260721,1,13000.0,9727640.380859375
4235,20260722,1,13000.0,9716329.650878906
4236,20260723,1,13000.0,9596339.904785156
4237,20260724,1,13000.0,9606089.904785156
4238,20260727,1,13000.0,9608170.349121094
4239,20260728,1,13000.0,9631179.809570312
4240,20260729,1,13000.0,9482980.285644531
4241,20260730,1,13000.0,9641970.031738281
4242,20260731,1,13000.0,9711390.380859375
4243,20260803,1,13000.0,9849709.777832031
4244,20260804,1,13000.0,10027290.222167969
4245,20260805,1,13000.0,10007269.714355469
4246,20260806,1,13000.0,9991279.968261719
4247,20260807,1,13000.0,10052380.126953125
4248,20260810,1,13000.0,10049390.380859375
4249,20260811,1,13000.0,10017279.968261719
4250,20260812,1,13000.0,10042369.873046875
4251,20260813,1,13000.0,10112440.063476562
4252,20260814,1,13000.0,10092420.349121094
4253,20260817,1,13000.0,10044709.777832031
4254,20260818,1,13000.0,9976850.158691406
4255,20260819,1,13000.0,9997779.968261719
4256,20260820,1,13000.0,9913799.682617188
4257,20260821,1,13000.0,9954359.619140625
4258,20260824,1,13000.0,9925109.619140625
4259,20260825,1,13000.0,9956829.650878906
4260,20260826,1,13000.0,9959040.222167969
4261,20260827,1,13000.0,10024299.682617188
4262,20260828,1,13000.0,10001549.682617188
4263,20260831,1,13000.0,9971649.841308594
4264,20210104,7,6750.0,517331.5830230713
4265,20210105,7,6750.0,517275.03776550293
4266,20210106,7,6750.0,517331.5830230713
4267,20210107,7,6750.0,517331.5830230713
4268,20210108,7,6750.0,517275.03776550293
4269,20210111,7,6750.0,517331.5830230713
4270,20210112,7,6750.0,517275.03776550293
4271,20210113,7,6750.0,517275.03776550293
4272,20210114,7,6750.0,517331.5830230713
4273,20210115,7,6750.0,517331.5830230713
4274,20210119,7,6750.0,517331.5830230713
4275,20210120,7,6750.0,517331.5830230713
4276,20210121,7,6750.0,517331.5830230713
4277,20210122,7,6750.0,517275.03776550293
4278,20210125,7,6750.0,517331.5830230713
4279,20210126,7,6750.0,517275.03776550293
4280,20210127,7,6750.0,517275.03776550293
4281,20210128,7,6750.0,517331.5830230713
4282,20210129,7,6750.0,517331.5830230713
4283,20210201,7,6750.0,517331.5830230713
4284,20210202,7,6750.0,517275.03776550293
4285,20210203,7,6750.0,517275.03776550293
4286,20210204,7,6750.0,517331.5830230713
4287,20210205,7,6750.0,517331.5830230713
4288,20210208,7,6750.0,517331.5830230713
4289,20210209,7,6750.0,517331.5830230713
4290,20210210,7,6750.0,517275.03776550293
4291,20210211,7,6750.0,517331.5830230713
4292,20210212,7,6750.0,517275.03776550293
4293,20210216,7,6750.0,517331.5830230713
4294,20210217,7,6750.0,517331.5830230713
4295,20210218,7,6750.0,517275.03776550293
4296,20210219,7,6750.0,517331.5830230713
4297,20210222,7,6750.0,517275.03776550293
4298,20210223,7,6750.0,517275.03776550293
4299,20210224,7,6750.0,517218.59550476074
4300,20210225,7,6750.0,517275.03776550293
4301,20210226,7,6750.0,517275.03776550293
4302,20210301,7,6750.0,517218.59550476074
4303,20210302,7,6750.0,517218.59550476074
4304,20210303,7,6750.0,517275.03776550293
4305,20210304,7,6750.0,517275.03776550293
4306,20210305,7,6750.0,517275.03776550293
4307,20210308,7,6750.0,517218.59550476074
4308,20210309,7,6750.0,517218.59550476074
4309,20210310,7,6750.0,517218.59550476074
4310,20210311,7,6750.0,517275.03776550293
4311,20210312,7,6750.0,517218.59550476074
4312,20210315,7,6750.0,517218.59550476074
4313,20210316,7,6750.0,517218.59550476074
4314,20210317,7,6750.0,517275.03776550293
4315,20210318,7,6750.0,517218.59550476074
4316,20210319,7,6750.0,517218.59550476074
4317,20210322,7,6750.0,517218.59550476074
4318,20210323,7,6750.0,517275.03776550293
4319,20210324,7,6750.0,517218.59550476074
4320,20210325,7,6750.0,517218.59550476074
4321,20210326,7,6750.0,517218.59550476074
4322,20210329,7,6750.0,517218.59550476074
4323,20210330,7,6750.0,517275.03776550293
4324,20210331,7,6750.0,517218.59550476074
4325,20210401,7,6750.0,517275.03776550293
4326,20210405,7,6750.0,517218.59550476074
4327,20210406,7,6750.0,517161.74125671387
4328,20210407,7,6750.0,517161.74125671387
4329,20210408,7,6750.0,517218.59550476074
4330,20210409,7,6750.0,517161.74125671387
4331,20210412,7,6750.0,517161.74125671387
4332,20210413,7,6750.0,517161.74125671387
4333,20210414,7,6750.0,517161.74125671387
4334,20210415,7,6750.0,517218.59550476074
4335,20210416,7,6750.0,517218.59550476074
4336,20210419,7,6750.0,517161.74125671387
4337,20210420,7,6750.0,517161.74125671387
4338,20210421,7,6750.0,517161.74125671387
4339,20210422,7,6750.0,517218.59550476074
4340,20210423,7,6750.0,517218.59550476074
4341,20210426,7,6750.0,517161.74125671387
4342,20210427,7,6750.0,517218.59550476074
4343,20210428,7,6750.0,517161.74125671387
4344,20210429,7,6750.0,517161.74125671387
4345,20210430,7,6750.0,517218.59550476074
4346,20210503,7,6750.0,517218.59550476074
4347,20210504,7,6750.0,517161.74125671387
4348,20210505,7,6750.0,517218.59550476074
4349,20210506,7,6750.0,517218.59550476074
4350,20210507,7,6750.0,517161.74125671387
4351,20210510,7,6750.0,517161.74125671387
4352,20210511,7,6750.0,517161.74125671387
4353,20210512,7,6750.0,517105.6079864502
4354,20210513,7,6750.0,517105.6079864502
4355,20210514,7,6750.0,517105.6079864502
4356,20210517,7,6750.0,517161.74125671387
4357,20210518,7,6750.0,517161.74125671387
4358,20210519,7,6750.0,517105.6079864502
4359,20210520,7,6750.0,517105.6079864502
4360,20210521,7,6750.0,517161.74125671387
4361,20210524,7,6750.0,517105.6079864502
4362,20210525,7,6750.0,517105.6079864502
4363,20210526,7,6750.0,517105.6079864502
4364,20210527,7,6750.0,517161.74125671387
4365,20210528,7,6750.0,517161.74125671387
4366,20210601,7,6750.0,517105.6079864502
4367,20210602,7,6750.0,517105.6079864502
4368,20210603,7,6750.0,517105.6079864502
4369,20210604,7,6750.0,517161.74125671387
4370,20210607,7,6750.0,517048.9082336426
4371,20210608,7,6750.0,517048.9082336426
4372,20210609,7,6750.0,517048.9082336426
4373,20210610,7,6750.0,517048.9082336426
4374,20210611,7,6750.0,517105.6079864502
4375,20210614,7,6750.0,517048.9082336426
4376,20210615,7,6750.0,517048.9082336426
4377,20210616,7,6750.0,517105.6079864502
4378,20210617,7,6750.0,517048.9082336426
4379,20210618,7,6750.0,517105.6079864502
4380,20210621,7,6750.0,517048.9082336426
4381,20210622,7,6750.0,517048.9082336426
4382,20210623,7,6750.0,517048.9082336426
4383,20210624,7,6750.0,517105.6079864502
4384,20210625,7,6750.0,517105.6079864502
4385,20210628,7,6750.0,517048.9082336426
4386,20210629,7,6750.0,517048.9082336426
4387,20210630,7,6750.0,517048.9082336426
4388,20210701,7,6750.0,517105.6079864502
4389,20210702,7,6750.0,517048.9082336426
4390,20210706,7,6750.0,516992.4659729004
4391,20210707,7,6750.0,516992.4659729004
4392,20210708,7,6750.0,517048.9082336426
4393,20210709,7,6750.0,517048.9082336426
4394,20210712,7,6750.0,517048.9082336426
4395,20210713,7,6750.0,517048.9082336426
4396,20210714,7,6750.0,516992.4659729004
4397,20210715,7,6750.0,517048.9082336426
4398,20210716,7,6750.0,517048.9082336426
4399,20210719,7,6750.0,516992.4659729004
4400,20210720,7,6750.0,516992.4659729004
4401,20210721,7,6750.0,516992.4659729004
4402,20210722,7,6750.0,517048.9082336426
4403,20210723,7,6750.0,516992.4659729004
4404,20210726,7,6750.0,517048.9082336426
4405,20210727,7,6750.0,516992.4659729004
4406,20210728,7,6750.0,516992.4659729004
4407,20210729,7,6750.0,517048.9082336426
4408,20210730,7,6750.0,516992.4659729004
4409,20210802,7,6750.0,516992.4659729004
4410,20210803,7,6750.0,516992.4659729004
4411,20210804,7,6750.0,516992.4659729004
4412,20210805,7,6750.0,516992.4659729004
4413,20210806,7,6750.0,517048.9082336426
4414,20210809,7,6750.0,517048.9082336426
4415,20210810,7,6750.0,516992.4659729004
4416,20210811,7,6750.0,516992.4659729004
4417,20210812,7,6750.0,516992.4659729004
4418,20210813,7,6750.0,517048.9082336426
4419,20210816,7,6750.0,516935.7662200928
4420,20210817,7,6750.0,516935.7662200928
4421,20210818,7,6750.0,516935.7662200928
4422,20210819,7,6750.0,517048.9082336426
4423,20210820,7,6750.0,517048.9082336426
4424,20210823,7,6750.0,516935.7662200928
4425,20210824,7,6750.0,516935.7662200928
4426,20210825,7,6750.0,516935.7662200928
4427,20210826,7,6750.0,516992.4659729004
4428,20210827,7,6750.0,516992.4659729004
4429,20210830,7,6750.0,516992.4659729004
4430,20210831,7,6750.0,516935.7662200928
4431,20210901,7,6750.0,516935.7662200928
4432,20210902,7,6750.0,517048.9082336426
4433,20210903,7,6750.0,516935.7662200928
4434,20210907,7,6750.0,516935.7662200928
4435,20210908,7,6750.0,516935.7662200928
4436,20210909,7,6750.0,516935.7662200928
4437,20210910,7,6750.0,516992.4659729004
4438,20210913,7,6750.0,516992.4659729004
4439,20210914,7,6750.0,516935.7662200928
4440,20210915,7,6750.0,516935.7662200928
4441,20210916,7,6750.0,516992.4659729004
4442,20210917,7,6750.0,516935.7662200928
4443,20210920,7,6750.0,516992.4659729004
4444,20210921,7,6750.0,516935.7662200928
4445,20210922,7,6750.0,516935.7662200928
4446,20210923,7,6750.0,516992.4659729004
4447,20210924,7,6750.0,516935.7662200928
4448,20210927,7,6750.0,516935.7662200928
4449,20210928,7,6750.0,516935.7662200928
4450,20210929,7,6750.0,516992.4659729004
4451,20210930,7,6750.0,516992.4659729004
4452,20211001,7,6750.0,516992.4659729004
4453,20211004,7,6750.0,516879.3754577637
4454,20211005,7,6750.0,516935.7662200928
4455,20211006,7,6750.0,516935.7662200928
4456,20211007,7,6750.0,516935.7662200928
4457,20211008,7,6750.0,516935.7662200928
4458,20211011,7,6750.0,516935.7662200928
4459,20211012,7,6750.0,516935.7662200928
4460,20211013,7,6750.0,516935.7662200928
4461,20211014,7,6750.0,516879.3754577637
4462,20211015,7,6750.0,516935.7662200928
4463,20211018,7,6750.0,516879.3754577637
4464,20211019,7,6750.0,516879.3754577637
4465,20211020,7,6750.0,516879.3754577637
4466,20211021,7,6750.0,516879.3754577637
4467,20211022,7,6750.0,516879.3754577637
4468,20211025,7,6750.0,516935.7662200928
4469,20211026,7,6750.0,516822.62420654297
4470,20211027,7,6750.0,516822.62420654297
4471,20211028,7,6750.0,516935.7662200928
4472,20211029,7,6750.0,516935.7662200928
4473,20211101,7,6750.0,516935.7662200928
4474,20211102,7,6750.0,516822.62420654297
4475,20211103,7,6750.0,516822.62420654297
4476,20211104,7,6750.0,516879.3754577637
4477,20211105,7,6750.0,516879.3754577637
4478,20211108,7,6750.0,516935.7662200928
4479,20211109,7,6750.0,516822.62420654297
4480,20211110,7,6750.0,516822.62420654297
4481,20211111,7,6750.0,516879.3754577637
4482,20211112,7,6750.0,516879.3754577637
4483,20211115,7,6750.0,516879.3754577637
4484,20211116,7,6750.0,516822.62420654297
4485,20211117,7,6750.0,516822.62420654297
4486,20211118,7,6750.0,516879.3754577637
4487,20211119,7,6750.0,516879.3754577637
4488,20211122,7,6750.0,516879.3754577637
4489,20211123,7,6750.0,516822.62420654297
4490,20211124,7,6750.0,516879.3754577637
4491,20211126,7,6750.0,516822.62420654297
4492,20211129,7,6750.0,516879.3754577637
4493,20211130,7,6750.0,516822.62420654297
4494,20211201,7,6750.0,516879.3754577637
4495,20211202,7,6750.0,516879.3754577637
4496,20211203,7,6750.0,516822.62420654297
4497,20211206,7,6750.0,516822.62420654297
4498,20211207,7,6750.0,516822.62420654297
4499,20211208,7,6750.0,516879.3754577637
4500,20211209,7,6750.0,516822.62420654297
4501,20211210,7,6750.0,516879.3754577637
4502,20211213,7,6750.0,516879.3754577637
4503,20211214,7,6750.0,516879.3754577637
4504,20211215,7,6750.0,516879.3754577637
4505,20211216,7,6750.0,516822.62420654297
4506,20211217,7,6750.0,516879.3754577637
4507,20211220,7,6750.0,516822.62420654297
4508,20211221,7,6750.0,516766.23344421387
4509,20211222,7,6750.0,516766.23344421387
4510,20211223,7,6750.0,516766.23344421387
4511,20211227,7,6750.0,516822.62420654297
4512,20211228,7,6750.0,516766.23344421387
4513,20211229,7,6750.0,516766.23344421387
4514,20211230,7,6750.0,516822.62420654297
4515,20211231,7,6750.0,516822.62420654297
4516,20220103,7,6750.0,516766.23344421387
4517,20220104,7,6750.0,516822.62420654297
4518,20220105,7,6750.0,516822.62420654297
4519,20220106,7,6750.0,516822.62420654297
4520,20220107,7,6750.0,516822.62420654297
4521,20220110,7,6750.0,516766.23344421387
4522,20220111,7,6750.0,516709.84268188477
4523,20220112,7,6750.0,516766.23344421387
4524,20220113,7,6750.0,516822.62420654297
4525,20220114,7,6750.0,516822.62420654297
4526,20220118,7,6750.0,516709.84268188477
4527,20220119,7,6750.0,516822.62420654297
4528,20220120,7,6750.0,516822.62420654297
4529,20220121,7,6750.0,516766.23344421387
4530,20220124,7,6750.0,516822.62420654297
4531,20220125,7,6750.0,516709.84268188477
4532,20220126,7,6750.0,516766.23344421387
4533,20220127,7,6750.0,516822.62420654297
4534,20220128,7,6750.0,516709.84268188477
4535,20220131,7,6750.0,516822.62420654297
4536,20220201,7,6750.0,516766.23344421387
4537,20220202,7,6750.0,516822.62420654297
4538,20220203,7,6750.0,516822.62420654297
4539,20220204,7,6750.0,516709.84268188477
4540,20220207,7,6750.0,516709.84268188477
4541,20220208,7,6750.0,516766.23344421387
4542,20220209,7,6750.0,516709.84268188477
4543,20220210,7,6750.0,516709.84268188477
4544,20220211,7,6750.0,516709.84268188477
4545,20220214,7,6750.0,516653.3489227295
4546,20220215,7,6750.0,516766.23344421387
4547,20220216,7,6750.0,516766.23344421387
4548,20220217,7,6750.0,516709.84268188477
4549,20220218,7,6750.0,516766.23344421387
4550,20220222,7,6750.0,516766.23344421387
4551,20220223,7,6750.0,516709.84268188477
4552,20220224,7,6750.0,516709.84268188477
4553,20220225,7,6750.0,516709.84268188477
4554,20220228,7,6750.0,516709.84268188477
4555,20220301,7,6750.0,516834.2113494873
4556,20220302,7,6750.0,516834.2113494873
4557,20220303,7,6750.0,516890.5506134033
4558,20220304,7,6750.0,516890.5506134033
4559,20220307,7,6750.0,516890.5506134033
4560,20220308,7,6750.0,516890.5506134033
4561,20220309,7,6750.0,516890.5506134033
4562,20220310,7,6750.0,516890.5506134033
4563,20220311,7,6750.0,516834.2113494873
4564,20220314,7,6750.0,516890.5506134033
4565,20220315,7,6750.0,516777.71759033203
4566,20220316,7,6750.0,516890.5506134033
4567,20220317,7,6750.0,516890.5506134033
4568,20220318,7,6750.0,516834.2113494873
4569,20220321,7,6750.0,516834.2113494873
4570,20220322,7,6750.0,516834.2113494873
4571,20220323,7,6750.0,516947.14736938477
4572,20220324,7,6750.0,516947.14736938477
4573,20220325,7,6750.0,516834.2113494873
4574,20220328,7,6750.0,516834.2113494873
4575,20220329,7,6750.0,516834.2113494873
4576,20220330,7,6750.0,516947.14736938477
4577,20220331,7,6750.0,516947.14736938477
4578,20220401,7,6750.0,516947.14736938477
4579,20220404,7,6750.0,516890.5506134033
4580,20220405,7,6750.0,516834.2113494873
4581,20220406,7,6750.0,516890.5506134033
4582,20220407,7,6750.0,516890.5506134033
4583,20220408,7,6750.0,516834.2113494873
4584,20220411,7,6750.0,516890.5506134033
4585,20220412,7,6750.0,516890.5506134033
4586,20220413,7,6750.0,516890.5506134033
4587,20220414,7,6750.0,516834.2113494873
4588,20220418,7,6750.0,516890.5506134033
4589,20220419,7,6750.0,516834.2113494873
4590,20220420,7,6750.0,516947.14736938477
4591,20220421,7,6750.0,516947.14736938477
4592,20220422,7,6750.0,516890.5506134033
4593,20220425,7,6750.0,516947.14736938477
4594,20220426,7,6750.0,516890.5506134033
4595,20220427,7,6750.0,516890.5506134033
4596,20220428,7,6750.0,517003.7956237793
4597,20220429,7,6750.0,516890.5506134033
4598,20220502,7,6750.0,516947.14736938477
4599,20220503,7,6750.0,516890.5506134033
4600,20220504,7,6750.0,517003.7956237793
4601,20220505,7,6750.0,517003.7956237793
4602,20220506,7,6750.0,517003.7956237793
4603,20220509,7,6750.0,516947.14736938477
4604,20220510,7,6750.0,516947.14736938477
4605,20220511,7,6750.0,516947.14736938477
4606,20220512,7,6750.0,517003.7956237793
4607,20220513,7,6750.0,517060.1863861084
4608,20220516,7,6750.0,517003.7956237793
4609,20220517,7,6750.0,517003.7956237793
4610,20220518,7,6750.0,517003.7956237793
4611,20220519,7,6750.0,517116.886138916
4612,20220520,7,6750.0,517116.886138916
4613,20220523,7,6750.0,517116.886138916
4614,20220524,7,6750.0,517060.1863861084
4615,20220525,7,6750.0,517116.886138916
4616,20220526,7,6750.0,517229.92515563965
4617,20220527,7,6750.0,517116.886138916
4618,20220531,7,6750.0,517060.1863861084
4619,20220601,7,6750.0,517065.85121154785
4620,20220602,7,6750.0,517179.04472351074
4621,20220603,7,6750.0,517065.85121154785
4622,20220606,7,6750.0,517122.4994659424
4623,20220607,7,6750.0,517065.85121154785
4624,20220608,7,6750.0,517122.4994659424
4625,20220609,7,6750.0,517179.04472351074
4626,20220610,7,6750.0,517065.85121154785
4627,20220613,7,6750.0,517122.4994659424
4628,20220614,7,6750.0,517065.85121154785
4629,20240315,7,275.0,22653.57608795166
4630,20240318,7,275.0,22656.04763031006
4631,20240319,7,275.0,22661.001205444336
4632,20240320,7,275.0,22663.462257385254
4633,20240321,7,275.0,22670.88737487793
4634,20240322,7,275.0,22673.356819152832
4635,20240325,7,275.0,22678.29990386963
4636,20240326,7,275.0,22680.777740478516
4637,20240327,7,275.0,22695.602798461914
4638,20240328,7,275.0,22695.602798461914
4639,20240401,7,275.0,22701.811027526855
4640,20240402,7,275.0,22706.77719116211
4641,20240403,7,275.0,22706.77719116211
4642,20240404,7,275.0,22716.71371459961
4643,20240405,7,275.0,22721.68197631836
4644,20240408,7,275.0,22724.16400909424
4645,20240409,7,275.0,22726.652336120605
4646,20240410,7,275.0,22731.614303588867
4647,20240411,7,275.0,22739.060401916504
4648,20240412,7,275.0,22741.546630859375
4649,20240415,7,275.0,22746.521186828613
4650,20240416,7,275.0,22748.9990234375
4651,20240417,7,275.0,22751.483154296875
4652,20240418,7,275.0,22763.89751434326
4653,20240419,7,275.0,22766.377449035645
4654,20240422,7,275.0,22771.3436126709
4655,20240423,7,275.0,22773.827743530273
4656,20240424,7,275.0,22773.827743530273
4657,20240425,7,275.0,22786.25259399414
4658,20240426,7,275.0,22786.25259399414
4659,20240429,7,275.0,22791.208267211914
4660,20240430,7,275.0,22793.69659423828
4661,20240501,7,275.0,22798.184394836426
4662,20240502,7,275.0,22810.64910888672
4663,20240503,7,275.0,22813.14582824707
4664,20240506,7,275.0,22813.14582824707
4665,20240507,7,275.0,22815.640449523926
4666,20240508,7,275.0,22820.62759399414
4667,20240509,7,275.0,22833.096504211426
4668,20240510,7,275.0,22833.096504211426
4669,20240513,7,275.0,22838.085746765137
4670,20240514,7,275.0,22840.576171875
4671,20240515,7,275.0,22843.070793151855
4672,20240516,7,275.0,22853.04718017578
4673,20240517,7,275.0,22855.54599761963
4674,20240520,7,275.0,22860.526847839355
4675,20240521,7,275.0,22863.025665283203
4676,20240522,7,275.0,22868.008613586426
4677,20240523,7,275.0,22882.974243164062
4678,20240524,7,275.0,22885.466766357422
4679,20240528,7,275.0,22882.974243164062
4680,20240529,7,275.0,22887.961387634277
4681,20240530,7,275.0,22892.948532104492
4682,20240531,7,275.0,22897.93357849121
4683,20240603,7,275.0,22901.691246032715
4684,20240604,7,275.0,22906.697273254395
4685,20240605,7,275.0,22909.206581115723
4686,20240606,7,275.0,22911.713790893555
4687,20240607,7,275.0,22921.730041503906
4688,20240610,7,275.0,22926.740264892578
4689,20240611,7,275.0,22929.243278503418
4690,20240612,7,275.0,22934.255599975586
4691,20240613,7,275.0,22936.758613586426
4692,20240614,7,275.0,22949.284172058105
4693,20240617,7,275.0,22951.782989501953
4694,20240618,7,275.0,22956.797409057617
4695,20240620,7,275.0,22961.805534362793
4696,20240621,7,275.0,22969.322967529297
4697,20240624,7,275.0,22974.328994750977
4698,20240625,7,275.0,22974.328994750977
4699,20240626,7,275.0,22976.8404006958
4700,20240627,7,275.0,22981.84642791748
4701,20240628,7,275.0,22989.35546875
4702,20240701,7,275.0,22997.40581512451
4703,20240702,7,275.0,22999.927711486816
4704,20240703,7,275.0,23007.474517822266
4705,20240705,7,275.0,23015.017127990723
4706,20240708,7,275.0,23020.04623413086
4707,20240709,7,275.0,23020.04623413086
4708,20240710,7,275.0,23025.08373260498
4709,20240711,7,275.0,23027.595138549805
4710,20240712,7,275.0,23037.659645080566
4711,20240715,7,275.0,23042.692947387695
4712,20240716,7,275.0,23042.692947387695
4713,20240717,7,275.0,23050.239753723145
4714,20240718,7,275.0,23052.757453918457
4715,20240719,7,275.0,23060.30216217041
4716,20240722,7,275.0,23065.331268310547
4717,20240723,7,275.0,23065.331268310547
4718,20240724,7,275.0,23072.88227081299
4719,20240725,7,275.0,23072.88227081299
4720,20240726,7,275.0,23085.453987121582
4721,20240729,7,275.0,23085.453987121582
4722,20240730,7,275.0,23087.97378540039
4723,20240731,7,275.0,23093.002891540527
4724,20240801,7,275.0,23098.562812805176
4725,20240802,7,275.0,23111.19327545166
4726,20240805,7,275.0,23111.19327545166
4727,20240806,7,275.0,23116.245460510254
4728,20240807,7,275.0,23121.30184173584
4729,20240808,7,275.0,23123.827934265137
4730,20240809,7,275.0,23128.87592315674
4731,20240812,7,275.0,23136.466789245605
4732,20240813,7,275.0,23138.984489440918
4733,20240814,7,275.0,23141.510581970215
4734,20240815,7,275.0,23144.045066833496
4735,20240816,7,275.0,23156.673431396484
4736,20240819,7,275.0,23156.673431396484
4737,20240820,7,275.0,23161.72981262207
4738,20240821,7,275.0,23166.781997680664
4739,20240822,7,275.0,23166.781997680664
4740,20240823,7,275.0,23176.890563964844
4741,20240826,7,275.0,23179.41246032715
4742,20240827,7,275.0,23184.47093963623
4743,20240828,7,275.0,23186.99493408203
4744,20240829,7,275.0,23186.99493408203
4745,20240830,7,275.0,23199.625396728516
4746,20240903,7,275.0,23208.7646484375
4747,20240904,7,275.0,23211.29913330078
4748,20240905,7,275.0,23213.83991241455
4749,20240906,7,275.0,23226.522827148438
4750,20240909,7,275.0,23226.522827148438
4751,20240910,7,275.0,23234.138870239258
4752,20240911,7,275.0,23234.138870239258
4753,20240912,7,275.0,23236.681747436523
4754,20240913,7,275.0,23249.368858337402
4755,20240916,7,275.0,23254.43992614746
4756,20240917,7,275.0,23256.97650909424
4757,20240918,7,275.0,23262.053871154785
4758,20240919,7,275.0,23267.129135131836
4759,20240920,7,275.0,23277.281761169434
4760,20240923,7,275.0,23279.81414794922
4761,20240924,7,275.0,23282.352828979492
4762,20240925,7,275.0,23287.43019104004
4763,20240926,7,275.0,23287.43019104004
4764,20240927,7,275.0,23295.04623413086
4765,20240930,7,275.0,23297.582817077637
4766,20241001,7,275.0,23302.93083190918
4767,20241002,7,275.0,23305.477905273438
4768,20241003,7,275.0,23310.569953918457
4769,20241004,7,275.0,23315.67039489746
4770,20241007,7,275.0,23320.76244354248
4771,20241008,7,275.0,23320.76244354248
4772,20241009,7,275.0,23323.307418823242
4773,20241010,7,275.0,23325.862884521484
4774,20241011,7,275.0,23338.60454559326
4775,20241014,7,275.0,23336.051177978516
4776,20241015,7,275.0,23343.698692321777
4777,20241016,7,275.0,23343.698692321777
4778,20241017,7,275.0,23348.792839050293
4779,20241018,7,275.0,23356.434059143066
4780,20241021,7,275.0,23361.530303955078
4781,20241022,7,275.0,23364.079475402832
4782,20241023,7,275.0,23364.079475402832
4783,20241024,7,275.0,23366.62654876709
4784,20241025,7,275.0,23376.81484222412
4785,20241028,7,275.0,23376.81484222412
4786,20241029,7,275.0,23381.911087036133
4787,20241030,7,275.0,23384.45816040039
4788,20241031,7,275.0,23389.562797546387
4789,20241101,7,275.0,23399.53498840332
4790,20241104,7,275.0,23404.650115966797
4791,20241105,7,275.0,23404.650115966797
4792,20241106,7,275.0,23409.763145446777
4793,20241107,7,275.0,23412.31861114502
4794,20241108,7,275.0,23425.110626220703
4795,20241111,7,275.0,23422.557258605957
4796,20241112,7,275.0,23425.110626220703
4797,20241113,7,275.0,23430.232048034668
4798,20241114,7,275.0,23430.232048034668
4799,20241115,7,275.0,23437.8963470459
4800,20241118,7,275.0,23440.45810699463
4801,20241119,7,275.0,23448.13289642334
4802,20241120,7,275.0,23450.69465637207
4803,20241121,7,275.0,23453.248023986816
4804,20241122,7,275.0,23460.92071533203
4805,20241125,7,275.0,23463.484573364258
4806,20241126,7,275.0,23463.484573364258
4807,20241127,7,275.0,23471.157264709473
4808,20241129,7,275.0,23476.26609802246
4809,20241202,7,275.0,23482.686233520508
4810,20241203,7,275.0,23487.818145751953
4811,20241204,7,275.0,23490.390396118164
4812,20241205,7,275.0,23492.956352233887
4813,20241206,7,275.0,23503.226470947266
4814,20241209,7,275.0,23505.790328979492
4815,20241210,7,275.0,23510.922241210938
4816,20241211,7,275.0,23513.49449157715
4817,20241212,7,275.0,23518.630599975586
4818,20241213,7,275.0,23526.33056640625
4819,20241216,7,275.0,23528.894424438477
4820,20241217,7,275.0,23531.462478637695
4821,20241218,7,275.0,23531.462478637695
4822,20241219,7,275.0,23534.819412231445
4823,20241220,7,275.0,23545.12939453125
4824,20241223,7,275.0,23545.12939453125
4825,20241224,7,275.0,23550.28018951416
4826,20241226,7,275.0,23555.439376831055
4827,20241227,7,275.0,23565.757751464844
4828,20241230,7,275.0,23565.757751464844
4829,20241231,7,275.0,23570.91064453125
4830,20250102,7,275.0,23576.063537597656
4831,20250103,7,275.0,23578.64418029785
4832,20250106,7,275.0,23581.21852874756
4833,20250107,7,275.0,23586.37351989746
4834,20250108,7,275.0,23591.532707214355
4835,20250110,7,275.0,23599.26414489746
4836,20250113,7,275.0,23601.846885681152
4837,20250114,7,275.0,23607.001876831055
4838,20250115,7,275.0,23609.574127197266
4839,20250116,7,275.0,23609.574127197266
4840,20250117,7,275.0,23622.464752197266
4841,20250121,7,275.0,23622.464752197266
4842,20250122,7,275.0,23627.621841430664
4843,20250123,7,275.0,23627.621841430664
4844,20250124,7,275.0,23637.938117980957
4845,20250127,7,275.0,23640.51456451416
4846,20250128,7,275.0,23640.51456451416
4847,20250129,7,275.0,23643.09310913086
4848,20250130,7,275.0,23645.67165374756
4849,20250131,7,275.0,23653.403091430664
4850,20250203,7,275.0,23660.131645202637
4851,20250204,7,275.0,23660.131645202637
4852,20250205,7,275.0,23662.720680236816
4853,20250206,7,275.0,23667.894554138184
4854,20250207,7,275.0,23673.070526123047
4855,20250210,7,275.0,23675.655364990234
4856,20250211,7,275.0,23678.242301940918
4857,20250212,7,275.0,23680.827140808105
4858,20250213,7,275.0,23686.00730895996
4859,20250214,7,275.0,23693.761825561523
4860,20250218,7,275.0,23698.94618988037
4861,20250219,7,275.0,23701.528930664062
4862,20250220,7,275.0,23706.698608398438
4863,20250221,7,275.0,23714.461517333984
4864,20250224,7,275.0,23717.050552368164
4865,20250225,7,275.0,23717.050552368164
4866,20250226,7,275.0,23722.226524353027
4867,20250227,7,275.0,23724.81346130371
4868,20250228,7,275.0,23729.987335205078
4869,20250303,7,275.0,23734.9178314209
4870,20250304,7,275.0,23734.9178314209
4871,20250305,7,275.0,23737.515258789062
4872,20250306,7,275.0,23740.108489990234
4873,20250307,7,275.0,23750.489807128906
4874,20250310,7,275.0,23753.085136413574
4875,20250311,7,275.0,23755.678367614746
4876,20250312,7,275.0,23758.273696899414
4877,20250313,7,275.0,23763.466453552246
4878,20250314,7,275.0,23768.655014038086
4879,20250317,7,275.0,23773.854064941406
4880,20250318,7,275.0,23773.854064941406
4881,20250319,7,275.0,23776.445198059082
4882,20250320,7,275.0,23781.631660461426
4883,20250321,7,275.0,23789.419746398926
4884,20250324,7,275.0,23789.419746398926
4885,20250325,7,275.0,23792.01717376709
4886,20250326,7,275.0,23794.614601135254
4887,20250327,7,275.0,23799.803161621094
4888,20250328,7,275.0,23807.59334564209
4889,20250331,7,275.0,23807.59334564209
4890,20250401,7,275.0,23813.06095123291
4891,20250402,7,275.0,23815.662574768066
4892,20250403,7,275.0,23818.26629638672
4893,20250404,7,275.0,23826.077461242676
4894,20250407,7,275.0,23828.681182861328
4895,20250408,7,275.0,23833.897018432617
4896,20250409,7,275.0,23833.897018432617
4897,20250410,7,275.0,23836.49444580078
4898,20250411,7,275.0,23846.91982269287
4899,20250414,7,275.0,23846.91982269287
4900,20250415,7,275.0,23852.123069763184
4901,20250416,7,275.0,23854.730987548828
4902,20250417,7,275.0,23865.147972106934
4903,20250421,7,275.0,23867.753791809082
4904,20250422,7,275.0,23867.753791809082
4905,20250423,7,275.0,23872.961235046387
4906,20250424,7,275.0,23872.961235046387
4907,20250425,7,275.0,23883.378219604492
4908,20250428,7,275.0,23885.98403930664
4909,20250429,7,275.0,23885.98403930664
4910,20250430,7,275.0,23888.591957092285
4911,20250501,7,275.0,23894.33650970459
4912,20250502,7,275.0,23902.181243896484
4913,20250505,7,275.0,23902.181243896484
4914,20250506,7,275.0,23907.407569885254
4915,20250507,7,275.0,23907.407569885254
4916,20250508,7,275.0,23912.633895874023
4917,20250509,7,275.0,23920.470237731934
4918,20250512,7,275.0,23920.470237731934
4919,20250513,7,275.0,23925.6986618042
4920,20250514,7,275.0,23925.6986618042
4921,20250515,7,275.0,23928.310775756836
4922,20250516,7,275.0,23938.76552581787
4923,20250519,7,275.0,23938.76552581787
4924,20250520,7,275.0,23943.996047973633
4925,20250521,7,275.0,23946.603965759277
4926,20250522,7,275.0,23951.83448791504
4927,20250523,7,275.0,23962.287139892578
4928,20250527,7,275.0,23962.287139892578
4929,20250528,7,275.0,23964.90135192871
4930,20250529,7,275.0,23967.509269714355
4931,20250530,7,275.0,23975.35400390625
4932,20250602,7,275.0,23979.552268981934
4933,20250603,7,275.0,23984.793281555176
4934,20250604,7,275.0,23984.793281555176
4935,20250605,7,275.0,23987.42218017578
4936,20250606,7,275.0,23995.283699035645
4937,20250609,7,275.0,24000.526809692383
4938,20250610,7,275.0,24003.1494140625
4939,20250611,7,275.0,24003.1494140625
4940,20250612,7,275.0,24005.772018432617
4941,20250613,7,275.0,24016.266632080078
4942,20250616,7,275.0,24016.266632080078
4943,20250617,7,275.0,24021.505546569824
4944,20250618,7,275.0,24026.75495147705
4945,20250620,7,275.0,24031.99806213379
4946,20250623,7,275.0,24037.24536895752
4947,20250624,7,275.0,24037.24536895752
4948,20250625,7,275.0,24039.86167907715
4949,20250626,7,275.0,24042.490577697754
4950,20250627,7,275.0,24052.978897094727
4951,20250630,7,275.0,24055.599403381348
4952,20250701,7,275.0,24059.812355041504
4953,20250702,7,275.0,24062.44125366211
4954,20250703,7,275.0,24075.598335266113
4955,20250707,7,275.0,24078.23143005371
4956,20250708,7,275.0,24078.23143005371
4957,20250709,7,275.0,24080.856132507324
4958,20250710,7,275.0,24086.120223999023
4959,20250711,7,275.0,24091.384315490723
4960,20250714,7,275.0,24094.019508361816
4961,20250715,7,275.0,24096.648406982422
4962,20250716,7,275.0,24101.90830230713
4963,20250717,7,275.0,24101.90830230713
4964,20250718,7,275.0,24112.436485290527
4965,20250721,7,275.0,24117.696380615234
4966,20250722,7,275.0,24120.327377319336
4967,20250723,7,275.0,24122.96257019043
4968,20250724,7,275.0,24122.96257019043
4969,20250725,7,275.0,24130.85346221924
4970,20250728,7,275.0,24133.48445892334
4971,20250729,7,275.0,24136.117553710938
4972,20250730,7,275.0,24138.744354248047
4973,20250731,7,275.0,24141.377449035645
4974,20250801,7,275.0,24151.68113708496
4975,20250804,7,275.0,24154.31423187256
4976,20250805,7,275.0,24154.31423187256
4977,20250806,7,275.0,24162.2407913208
4978,20250807,7,275.0,24162.2407913208
4979,20250808,7,275.0,24170.156860351562
4980,20250811,7,275.0,24172.794151306152
4981,20250812,7,275.0,24175.439834594727
4982,20250813,7,275.0,24178.083419799805
4983,20250814,7,275.0,24180.720710754395
4984,20250815,7,275.0,24191.28246307373
4985,20250818,7,275.0,24191.28246307373
4986,20250819,7,275.0,24196.565437316895
4987,20250820,7,275.0,24201.84211730957
4988,20250821,7,275.0,24201.84211730957
4989,20250822,7,275.0,24209.76448059082
4990,20250825,7,275.0,24212.403869628906
4991,20250826,7,275.0,24215.04535675049
4992,20250827,7,275.0,24217.68684387207
4993,20250828,7,275.0,24220.328330993652
4994,20250829,7,275.0,24230.885887145996
4995,20250902,7,275.0,24236.718559265137
4996,20250903,7,275.0,24239.36424255371
4997,20250904,7,275.0,24244.664001464844
4998,20250905,7,275.0,24252.611541748047
4999,20250908,7,275.0,24255.261421203613
5000,20250909,7,275.0,24257.909202575684
5001,20250910,7,275.0,24260.563278198242
5002,20250911,7,275.0,24263.219451904297
5003,20250912,7,275.0,24271.16069793701
5004,20250915,7,275.0,24273.812675476074
5005,20250916,7,275.0,24276.464653015137
5006,20250917,7,275.0,24279.11033630371
5007,20250918,7,275.0,24281.762313842773
5008,20250919,7,275.0,24292.359733581543
5009,20250922,7,275.0,24295.011711120605
5010,20250923,7,275.0,24295.011711120605
5011,20250924,7,275.0,24300.309371948242
5012,20250925,7,275.0,24300.309371948242
5013,20250926,7,275.0,24308.25481414795
5014,20250929,7,275.0,24310.90679168701
5015,20250930,7,275.0,24310.90679168701
5016,20251001,7,275.0,24316.489791870117
5017,20251002,7,275.0,24319.15225982666
5018,20251003,7,275.0,24324.466705322266
5019,20251006,7,275.0,24329.785346984863
5020,20251007,7,275.0,24329.785346984863
5021,20251008,7,275.0,24335.101890563965
5022,20251009,7,275.0,24335.101890563965
5023,20251010,7,275.0,24345.737075805664
5024,20251013,7,275.0,24348.39324951172
5025,20251014,7,275.0,24348.39324951172
5026,20251015,7,275.0,24351.05152130127
5027,20251016,7,275.0,24353.711891174316
5028,20251017,7,275.0,24359.030532836914
5029,20251020,7,275.0,24364.34497833252
5030,20251021,7,275.0,24364.34497833252
5031,20251022,7,275.0,24369.663619995117
5032,20251023,7,275.0,24372.32608795166
5033,20251024,7,275.0,24380.298805236816
5034,20251027,7,275.0,24380.298805236816
5035,20251028,7,275.0,24382.957077026367
5036,20251029,7,275.0,24390.93189239502
5037,20251030,7,275.0,24390.93189239502
5038,20251031,7,275.0,24396.25473022461
5039,20251103,7,275.0,24399.720764160156
5040,20251104,7,275.0,24402.38742828369
5041,20251105,7,275.0,24405.054092407227
5042,20251106,7,275.0,24407.722854614258
5043,20251107,7,275.0,24415.72494506836
5044,20251110,7,275.0,24421.062469482422
5045,20251111,7,275.0,24418.395805358887
5046,20251112,7,275.0,24421.062469482422
5047,20251113,7,275.0,24423.72703552246
5048,20251114,7,275.0,24434.397888183594
5049,20251117,7,275.0,24434.397888183594
5050,20251118,7,275.0,24439.731216430664
5051,20251119,7,275.0,24439.731216430664
5052,20251120,7,275.0,24445.064544677734
5053,20251121,7,275.0,24450.404167175293
5054,20251124,7,275.0,24450.404167175293
5055,20251125,7,275.0,24455.735397338867
5056,20251126,7,275.0,24458.4041595459
5057,20251128,7,275.0,24466.404151916504
5058,20251201,7,275.0,24469.351959228516
5059,20251202,7,275.0,24477.381324768066
5060,20251203,7,275.0,24480.05428314209
5061,20251204,7,275.0,24482.72933959961
5062,20251205,7,275.0,24488.081550598145
5063,20251208,7,275.0,24490.754508972168
5064,20251209,7,275.0,24496.1088180542
5065,20251210,7,275.0,24496.1088180542
5066,20251211,7,275.0,24498.781776428223
5067,20251212,7,275.0,24509.486198425293
5068,20251215,7,275.0,24509.486198425293
5069,20251216,7,275.0,24512.16335296631
5070,20251217,7,275.0,24514.838409423828
5071,20251218,7,275.0,24518.864631652832
5072,20251219,7,275.0,24526.92756652832
5073,20251222,7,275.0,24526.92756652832
5074,20251223,7,275.0,24526.92756652832
5075,20251224,7,275.0,24534.986305236816
5076,20251226,7,275.0,24543.045043945312
5077,20251229,7,275.0,24543.045043945312
5078,20251230,7,275.0,24545.73268890381
5079,20251231,7,275.0,24548.41823577881
5080,20260102,7,275.0,24559.166717529297
5081,20260105,7,275.0,24559.166717529297
5082,20260106,7,275.0,24561.8501663208
5083,20260107,7,275.0,24567.2212600708
5084,20260108,7,275.0,24567.2212600708
5085,20260109,7,275.0,24572.594451904297
5086,20260112,7,275.0,24575.28419494629
5087,20260113,7,275.0,24577.967643737793
5088,20260114,7,275.0,24580.65528869629
5089,20260115,7,275.0,24580.65528869629
5090,20260116,7,275.0,24591.40167236328
5091,20260120,7,275.0,24591.40167236328
5092,20260121,7,275.0,24594.091415405273
5093,20260122,7,275.0,24596.77276611328
5094,20260123,7,275.0,24604.831504821777
5095,20260126,7,275.0,24604.831504821777
5096,20260127,7,275.0,24607.519149780273
5097,20260128,7,275.0,24610.204696655273
5098,20260129,7,275.0,24615.57788848877
5099,20260130,7,275.0,24620.95317840576
5100,20260202,7,275.0,24624.723434448242
5101,20260203,7,275.0,24624.723434448242
5102,20260204,7,275.0,24630.113410949707
5103,20260205,7,275.0,24630.113410949707
5104,20260206,7,275.0,24638.19522857666
5105,20260209,7,275.0,24638.19522857666
5106,20260210,7,275.0,24640.889167785645
5107,20260211,7,275.0,24646.27914428711
5108,20260212,7,275.0,24646.27914428711
5109,20260213,7,275.0,24657.056999206543
5110,20260217,7,275.0,24659.750938415527
5111,20260218,7,275.0,24662.446975708008
5112,20260219,7,275.0,24662.446975708008
5113,20260220,7,275.0,24670.52879333496
5114,20260223,7,275.0,24670.52879333496
5115,20260224,7,275.0,24675.91667175293
5116,20260225,7,275.0,24678.61270904541
5117,20260226,7,275.0,24681.306648254395
5118,20260227,7,275.0,24686.69662475586
5119,20260302,7,275.0,24690.20881652832
5120,20260303,7,275.0,24692.91114807129
5121,20260304,7,275.0,24695.615577697754
5122,20260305,7,275.0,24698.315811157227
5123,20260306,7,275.0,24703.716278076172
5124,20260309,7,275.0,24706.41441345215
5125,20260310,7,275.0,24709.123039245605
5126,20260311,7,275.0,24709.123039245605
5127,20260312,7,275.0,24714.525604248047
5128,20260313,7,275.0,24722.62840270996
5129,20260316,7,275.0,24722.62840270996
5130,20260317,7,275.0,24725.328636169434
5131,20260318,7,275.0,24730.735397338867
5132,20260319,7,275.0,24730.735397338867
5133,20260320,7,275.0,24738.83819580078
5134,20260323,7,275.0,24741.54052734375
5135,20260324,7,275.0,24744.240760803223
5136,20260325,7,275.0,24741.54052734375
5137,20260326,7,275.0,24746.94309234619
5138,20260327,7,275.0,24755.0479888916
5139,20260330,7,275.0,24757.754516601562
5140,20260331,7,275.0,24757.754516601562
5141,20260401,7,275.0,24764.252281188965
5142,20260402,7,275.0,24769.671630859375
5143,20260406,7,275.0,24775.08888244629
5144,20260407,7,275.0,24777.79541015625
5145,20260408,7,275.0,24777.79541015625
5146,20260409,7,275.0,24780.510330200195
5147,20260410,7,275.0,24788.636207580566
5148,20260413,7,275.0,24788.636207580566
5149,20260414,7,275.0,24791.344833374023
5150,20260415,7,275.0,24794.055557250977
5151,20260416,7,275.0,24796.764183044434
5152,20260417,7,275.0,24804.894256591797
5153,20260420,7,275.0,24807.602882385254
5154,20260421,7,275.0,24810.31150817871
5155,20260422,7,275.0,24810.31150817871
5156,20260423,7,275.0,24815.73085784912
5157,20260424,7,275.0,24821.15020751953
5158,20260427,7,275.0,24823.85883331299
5159,20260428,7,275.0,24826.56955718994
5160,20260429,7,275.0,24826.56955718994
5161,20260430,7,275.0,24829.28237915039
5162,20260501,7,275.0,24837.433433532715
5163,20260504,7,275.0,24842.8653717041
5164,20260505,7,275.0,24845.582389831543
5165,20260506,7,275.0,24842.8653717041
5166,20260507,7,275.0,24848.299407958984
5167,20260508,7,275.0,24853.73764038086
5168,20260511,7,275.0,24859.171676635742
5169,20260512,7,275.0,24861.886596679688
5170,20260513,7,275.0,24861.886596679688
5171,20260514,7,275.0,24867.322731018066
5172,20260515,7,275.0,24872.75676727295
5173,20260518,7,275.0,24872.75676727295
5174,20260519,7,275.0,24878.192901611328
5175,20260520,7,275.0,24883.62693786621
5176,20260521,7,275.0,24883.62693786621
5177,20260522,7,275.0,24889.060974121094
5178,20260526,7,275.0,24894.497108459473
5179,20260527,7,275.0,24897.214126586914
5180,20260528,7,275.0,24899.93324279785
5181,20260529,7,275.0,24908.088493347168
5182,20260601,7,275.0,24910.539054870605
5183,20260602,7,275.0,24907.811546325684
5184,20260603,7,275.0,24913.26446533203
5185,20260604,7,275.0,24913.26446533203
5186,20260605,7,275.0,24924.161911010742
5187,20260608,7,275.0,24926.89151763916
5188,20260609,7,275.0,24926.89151763916
5189,20260610,7,275.0,24929.616928100586
5190,20260611,7,275.0,24932.34233856201
5191,20260612,7,275.0,24940.516471862793
5192,20260615,7,275.0,24940.516471862793
5193,20260616,7,275.0,24943.24188232422
5194,20260617,7,275.0,24945.967292785645
5195,20260618,7,275.0,24956.868934631348
5196,20260622,7,275.0,24956.868934631348
5197,20260623,7,275.0,24959.59644317627
5198,20260624,7,275.0,24962.3197555542
5199,20260625,7,275.0,24965.045166015625
5200,20260626,7,275.0,24973.2234954834
5201,20260629,7,275.0,24975.95100402832
5202,20260630,7,275.0,24975.95100402832
5203,20260701,7,275.0,24983.602714538574
5204,20260702,7,275.0,24994.53582763672
5205,20260706,7,275.0,24991.80202484131
5206,20260707,7,275.0,24997.267532348633
5207,20260708,7,275.0,24997.267532348633
5208,20260709,7,275.0,25000.001335144043
5209,20260710,7,275.0,25010.936546325684
5210,20260713,7,275.0,25010.936546325684
5211,20260714,7,275.0,25013.670349121094
5212,20260715,7,275.0,25016.402053833008
5213,20260716,7,275.0,25019.135856628418
5214,20260717,7,275.0,25024.60346221924
5215,20260720,7,275.0,25027.33726501465
5216,20260721,7,275.0,25027.33726501465
5217,20260722,7,275.0,25032.80487060547
5218,20260723,7,275.0,25032.80487060547
5219,20260724,7,275.0,25041.004180908203
5220,20260727,7,275.0,25043.737983703613
5221,20260728,7,275.0,25046.469688415527
5222,20260729,7,275.0,25049.203491210938
5223,20260730,7,275.0,25051.939392089844
5224,20260731,7,275.0,25060.138702392578
5225,20260803,7,275.0,25063.701248168945
5226,20260804,7,275.0,25063.701248168945
5227,20260805,7,275.0,25066.44344329834
5228,20260806,7,275.0,25071.925735473633
5229,20260807,7,275.0,25080.152320861816
5230,20260810,7,275.0,25080.152320861816
5231,20260811,7,275.0,25082.892417907715
5232,20260812,7,275.0,25088.376808166504
5233,20260813,7,275.0,25088.376808166504
5234,20260814,7,275.0,25093.859100341797
5235,20260817,7,275.0,25099.343490600586
5236,20260818,7,275.0,25102.083587646484
5237,20260819,7,275.0,25104.82578277588
5238,20260820,7,275.0,25104.82578277588
5239,20260821,7,275.0,25113.050270080566
5240,20260824,7,275.0,25115.79246520996
5241,20260825,7,275.0,25118.534660339355
5242,20260826,7,275.0,25121.274757385254
5243,20260827,7,275.0,25121.274757385254
5244,20260828,7,275.0,25126.759147644043
5245,20260831,7,275.0,25129.501342773438
5246,20210104,2,6300.0,1886573.14453125
5247,20210105,2,6300.0,1902126.0772705078
5248,20210106,2,6300.0,1875777.3193359375
5249,20210107,2,6300.0,1921156.0455322266
5250,20210108,2,6300.0,1945857.8979492188
5251,20210111,2,6300.0,1917740.91796875
5252,20210112,2,6300.0,1914690.316772461
5253,20210113,2,6300.0,1927621.1975097656
5254,20210114,2,6300.0,1917313.5223388672
5255,20210115,2,6300.0,1902126.0772705078
5256,20210119,2,6300.0,1929877.9541015625
5257,20210120,2,6300.0,1974768.9147949219
5258,20210121,2,6300.0,1990565.6341552734
5259,20210122,2,6300.0,1984832.6110839844
5260,20210125,2,6300.0,2001239.9505615234
5261,20210126,2,6300.0,2004167.3126220703
5262,20210127,2,6300.0,1948297.6867675781
5263,20210128,2,6300.0,1959825.2563476562
5264,20210129,2,6300.0,1918594.3634033203
5265,20210201,2,6300.0,1966534.7717285156
5266,20210202,2,6300.0,1998616.7449951172
5267,20210203,2,6300.0,1990688.296508789
5268,20210204,2,6300.0,2014231.0089111328
5269,20210205,2,6300.0,2021062.417602539
5270,20210208,2,6300.0,2034602.572631836
5271,20210209,2,6300.0,2034176.138305664
5272,20210210,2,6300.0,2029540.347290039
5273,20210211,2,6300.0,2040702.0446777344
5274,20210212,2,6300.0,2052107.5286865234
5275,20210216,2,6300.0,2046557.730102539
5276,20210217,2,6300.0,2036737.6281738281
5277,20210218,2,6300.0,2027832.3028564453
5278,20210219,2,6300.0,2018988.5009765625
5279,20210222,2,6300.0,1966656.2805175781
5280,20210223,2,6300.0,1960801.171875
5281,20210224,2,6300.0,1976964.5324707031
5282,20210225,2,6300.0,1908041.9403076172
5283,20210226,2,6300.0,1916032.4890136719
5284,20210301,2,6300.0,1973671.2982177734
5285,20210302,2,6300.0,1942015.7592773438
5286,20210303,2,6300.0,1885657.9833984375
5287,20210304,2,6300.0,1854795.7122802734
5288,20210305,2,6300.0,1882730.6213378906
5289,20210308,2,6300.0,1829422.8698730469
5290,20210309,2,6300.0,1901576.9805908203
5291,20210310,2,6300.0,1896148.6907958984
5292,20210311,2,6300.0,1939819.7570800781
5293,20210312,2,6300.0,1924083.7921142578
5294,20210315,2,6300.0,1944637.8112792969
5295,20210316,2,6300.0,1955312.1276855469
5296,20210317,2,6300.0,1963363.2385253906
5297,20210318,2,6300.0,1903224.2706298828
5298,20210319,2,6300.0,1909933.4014892578
5299,20210322,2,6300.0,1945750.8087158203
5300,20210323,2,6300.0,1937261.9201660156
5301,20210324,2,6300.0,1904589.5141601562
5302,20210325,2,6300.0,1901291.665649414
5303,20210326,2,6300.0,1929811.2396240234
5304,20210329,2,6300.0,1929261.7584228516
5305,20210330,2,6300.0,1919551.4373779297
5306,20210331,2,6300.0,1948926.3793945312
5307,20210401,2,6300.0,1982148.6511230469
5308,20210405,2,6300.0,2021721.8719482422
5309,20210406,2,6300.0,2020317.2149658203
5310,20210407,2,6300.0,2025202.5604248047
5311,20210408,2,6300.0,2046332.9772949219
5312,20210409,2,6300.0,2058730.3344726562
5313,20210412,2,6300.0,2056043.2983398438
5314,20210413,2,6300.0,2080044.1680908203
5315,20210414,2,6300.0,2055065.8447265625
5316,20210415,2,6300.0,2086211.8927001953
5317,20210416,2,6300.0,2088654.5654296875
5318,20210419,2,6300.0,2069539.4256591797
5319,20210420,2,6300.0,2054455.224609375
5320,20210421,2,6300.0,2072043.4295654297
5321,20210422,2,6300.0,2047065.6829833984
5322,20210423,2,6300.0,2072837.466430664
5323,20210426,2,6300.0,2086333.9782714844
5324,20210427,2,6300.0,2077295.6085205078
5325,20210428,2,6300.0,2070272.900390625
5326,20210429,2,6300.0,2077722.6196289062
5327,20210430,2,6300.0,2064104.4067382812
5328,20210503,2,6300.0,2053111.898803711
5329,20210504,2,6300.0,2016164.5751953125
5330,20210505,2,6300.0,2009385.8459472656
5331,20210506,2,6300.0,2024531.3781738281
5332,20210507,2,6300.0,2040959.2895507812
5333,20210510,2,6300.0,1989415.72265625
5334,20210511,2,6300.0,1986667.5476074219
5335,20210512,2,6300.0,1935246.6430664062
5336,20210513,2,6300.0,1950208.5662841797
5337,20210514,2,6300.0,1993263.6291503906
5338,20210517,2,6300.0,1981171.58203125
5339,20210518,2,6300.0,1967797.348022461
5340,20210519,2,6300.0,1970056.9885253906
5341,20210520,2,6300.0,2008164.028930664
5342,20210521,2,6300.0,1997049.819946289
5343,20210524,2,6300.0,2030638.3483886719
5344,20210525,2,6300.0,2033447.2778320312
5345,20210526,2,6300.0,2040531.7016601562
5346,20210527,2,6300.0,2032897.6043701172
5347,20210528,2,6300.0,2039310.269165039
5348,20210601,2,6300.0,2032531.34765625
5349,20210602,2,6300.0,2036500.3784179688
5350,20210603,2,6300.0,2015309.2071533203
5351,20210604,2,6300.0,2049508.9324951172
5352,20210607,2,6300.0,2055615.902709961
5353,20210608,2,6300.0,2056592.5872802734
5354,20210609,2,6300.0,2057081.5063476562
5355,20210610,2,6300.0,2078516.6564941406
5356,20210611,2,6300.0,2083952.2521972656
5357,20210614,2,6300.0,2103921.990966797
5358,20210615,2,6300.0,2090181.1157226562
5359,20210616,2,6300.0,2082547.5952148438
5360,20210617,2,6300.0,2108990.560913086
5361,20210618,2,6300.0,2092441.1407470703
5362,20210621,2,6300.0,2105445.4650878906
5363,20210622,2,6300.0,2125071.826171875
5364,20210623,2,6300.0,2126111.380004883
5365,20210624,2,6300.0,2139256.6314697266
5366,20210625,2,6300.0,2136627.081298828
5367,20210628,2,6300.0,2162612.0819091797
5368,20210629,2,6300.0,2170438.247680664
5369,20210630,2,6300.0,2167014.468383789
5370,20210701,2,6300.0,2167870.413208008
5371,20210702,2,6300.0,2192754.721069336
5372,20210706,2,6300.0,2202231.4453125
5373,20210707,2,6300.0,2206878.387451172
5374,20210708,2,6300.0,2193549.334716797
5375,20210709,2,6300.0,2207245.413208008
5376,20210712,2,6300.0,2215866.000366211
5377,20210713,2,6300.0,2215866.000366211
5378,20210714,2,6300.0,2219840.606689453
5379,20210715,2,6300.0,2204248.8372802734
5380,20210716,2,6300.0,2186396.0815429688
5381,20210719,2,6300.0,2168481.610107422
5382,20210720,2,6300.0,2193671.612548828
5383,20210721,2,6300.0,2210607.861328125
5384,20210722,2,6300.0,2225220.639038086
5385,20210723,2,6300.0,2251205.6396484375
5386,20210726,2,6300.0,2252978.4759521484
5387,20210727,2,6300.0,2228155.6915283203
5388,20210728,2,6300.0,2236715.139770508
5389,20210729,2,6300.0,2240688.784790039
5390,20210730,2,6300.0,2229011.444091797
5391,20210802,2,6300.0,2229194.6685791016
5392,20210803,2,6300.0,2242706.561279297
5393,20210804,2,6300.0,2245947.116088867
5394,20210805,2,6300.0,2260193.0603027344
5395,20210806,2,6300.0,2250287.9791259766
5396,20210809,2,6300.0,2254446.0021972656
5397,20210810,2,6300.0,2242890.170288086
5398,20210811,2,6300.0,2239037.649536133
5399,20210812,2,6300.0,2247108.755493164
5400,20210813,2,6300.0,2254996.060180664
5401,20210816,2,6300.0,2255973.8983154297
5402,20210817,2,6300.0,2236103.366088867
5403,20210818,2,6300.0,2214581.6986083984
5404,20210819,2,6300.0,2225281.393432617
5405,20210820,2,6300.0,2248331.918334961
5406,20210823,2,6300.0,2281959.475708008
5407,20210824,2,6300.0,2288929.312133789
5408,20210825,2,6300.0,2291557.9010009766
5409,20210826,2,6300.0,2277006.838989258
5410,20210827,2,6300.0,2299139.895629883
5411,20210830,2,6300.0,2324941.4794921875
5412,20210831,2,6300.0,2323045.7885742188
5413,20210901,2,6300.0,2326897.540283203
5414,20210902,2,6300.0,2325796.8475341797
5415,20210903,2,6300.0,2332950.485229492
5416,20210907,2,6300.0,2336251.7944335938
5417,20210908,2,6300.0,2328120.3186035156
5418,20210909,2,6300.0,2320111.1206054688
5419,20210910,2,6300.0,2302502.34375
5420,20210913,2,6300.0,2300912.7319335938
5421,20210914,2,6300.0,2294371.060180664
5422,20210915,2,6300.0,2311428.8177490234
5423,20210916,2,6300.0,2313018.621826172
5424,20210917,2,6300.0,2285627.8106689453
5425,20210920,2,6300.0,2238398.959350586
5426,20210921,2,6300.0,2241153.286743164
5427,20210922,2,6300.0,2262087.0208740234
5428,20210923,2,6300.0,2282958.8470458984
5429,20210924,2,6300.0,2285100.8239746094
5430,20210927,2,6300.0,2266861.2396240234
5431,20210928,2,6300.0,2202714.404296875
5432,20210929,2,6300.0,2199103.3630371094
5433,20210930,2,6300.0,2191023.6053466797
5434,20211001,2,6300.0,2204611.6333007812
5435,20211004,2,6300.0,2158337.9333496094
5436,20211005,2,6300.0,2187473.3184814453
5437,20211006,2,6300.0,2201490.087890625
5438,20211007,2,6300.0,2221689.385986328
5439,20211008,2,6300.0,2210609.976196289
5440,20211011,2,6300.0,2193655.270385742
5441,20211012,2,6300.0,2186004.830932617
5442,20211013,2,6300.0,2203509.7869873047
5443,20211014,2,6300.0,2244091.4154052734
5444,20211015,2,6300.0,2258230.6549072266
5445,20211018,2,6300.0,2280938.7634277344
5446,20211019,2,6300.0,2298199.3560791016
5447,20211020,2,6300.0,2295200.473022461
5448,20211021,2,6300.0,2309217.626953125
5449,20211022,2,6300.0,2289814.4805908203
5450,20211025,2,6300.0,2313257.2174072266
5451,20211026,2,6300.0,2320540.6311035156
5452,20211027,2,6300.0,2325927.392578125
5453,20211028,2,6300.0,2351757.815551758
5454,20211029,2,6300.0,2363325.375366211
5455,20211101,2,6300.0,2371404.9407958984
5456,20211102,2,6300.0,2381320.7885742188
5457,20211103,2,6300.0,2406600.7690429688
5458,20211104,2,6300.0,2437449.1973876953
5459,20211105,2,6300.0,2439774.9755859375
5460,20211108,2,6300.0,2436470.0134277344
5461,20211109,2,6300.0,2419698.9166259766
5462,20211110,2,6300.0,2384136.831665039
5463,20211111,2,6300.0,2390747.332763672
5464,20211112,2,6300.0,2415903.8818359375
5465,20211115,2,6300.0,2415353.0548095703
5466,20211116,2,6300.0,2432552.3162841797
5467,20211117,2,6300.0,2433838.1561279297
5468,20211118,2,6300.0,2459056.2286376953
5469,20211119,2,6300.0,2472766.7266845703
5470,20211122,2,6300.0,2444059.698486328
5471,20211123,2,6300.0,2432920.3033447266
5472,20211124,2,6300.0,2440754.928588867
5473,20211126,2,6300.0,2394481.2286376953
5474,20211129,2,6300.0,2446447.0001220703
5475,20211130,2,6300.0,2410517.3126220703
5476,20211201,2,6300.0,2369507.327270508
5477,20211202,2,6300.0,2386584.8876953125
5478,20211203,2,6300.0,2345085.598754883
5479,20211206,2,6300.0,2363876.971435547
5480,20211207,2,6300.0,2435062.2802734375
5481,20211208,2,6300.0,2445956.9274902344
5482,20211209,2,6300.0,2409966.485595703
5483,20211210,2,6300.0,2436164.3188476562
5484,20211213,2,6300.0,2400969.0673828125
5485,20211214,2,6300.0,2376118.5974121094
5486,20211215,2,6300.0,2430287.8692626953
5487,20211216,2,6300.0,2367794.4763183594
5488,20211217,2,6300.0,2355980.8227539062
5489,20211220,2,6300.0,2333126.788330078
5490,20211221,2,6300.0,2385343.0755615234
5491,20211222,2,6300.0,2414393.2891845703
5492,20211223,2,6300.0,2432595.3826904297
5493,20211227,2,6300.0,2472799.7955322266
5494,20211228,2,6300.0,2461338.7481689453
5495,20211229,2,6300.0,2460970.5688476562
5496,20211230,2,6300.0,2453616.403198242
5497,20211231,2,6300.0,2438294.952392578
5498,20220103,2,6300.0,2461767.6818847656
5499,20220104,2,6300.0,2429837.0178222656
5500,20220105,2,6300.0,2355190.4388427734
5501,20220106,2,6300.0,2353535.6506347656
5502,20220107,2,6300.0,2328039.761352539
5503,20220110,2,6300.0,2329572.2717285156
5504,20220111,2,6300.0,2364566.8029785156
5505,20220112,2,6300.0,2373943.551635742
5506,20220113,2,6300.0,2314556.900024414
5507,20220114,2,6300.0,2328959.536743164
5508,20220118,2,6300.0,2270981.964111328
5509,20220119,2,6300.0,2246038.4399414062
5510,20220120,2,6300.0,2216865.756225586
5511,20220121,2,6300.0,2155394.805908203
5512,20220124,2,6300.0,2165262.5885009766
5513,20220125,2,6300.0,2115067.922973633
5514,20220126,2,6300.0,2111758.9233398438
5515,20220127,2,6300.0,2090492.3858642578
5516,20220128,2,6300.0,2156069.448852539
5517,20220131,2,6300.0,2225016.842651367
5518,20220201,2,6300.0,2240154.8767089844
5519,20220202,2,6300.0,2258357.162475586
5520,20220203,2,6300.0,2166794.137573242
5521,20220204,2,6300.0,2194128.616333008
5522,20220207,2,6300.0,2176478.1188964844
5523,20220208,2,6300.0,2200931.7626953125
5524,20220209,2,6300.0,2247570.950317383
5525,20220210,2,6300.0,2196702.410888672
5526,20220211,2,6300.0,2127019.235229492
5527,20220214,2,6300.0,2129655.130004883
5528,20220215,2,6300.0,2182606.8145751953
5529,20220216,2,6300.0,2182054.833984375
5530,20220217,2,6300.0,2117152.2216796875
5531,20220218,2,6300.0,2093005.4260253906
5532,20220222,2,6300.0,2071983.4442138672
5533,20220223,2,6300.0,2018909.8663330078
5534,20220224,2,6300.0,2086754.2602539062
5535,20220225,2,6300.0,2119113.473510742
5536,20220228,2,6300.0,2125425.778198242
5537,20220301,2,6300.0,2092882.3791503906
5538,20220302,2,6300.0,2127999.9572753906
5539,20220303,2,6300.0,2097601.803588867
5540,20220304,2,6300.0,2067203.2653808594
5541,20220307,2,6300.0,1990962.6525878906
5542,20220308,2,6300.0,1981708.3740234375
5543,20220309,2,6300.0,2053045.7611083984
5544,20220310,2,6300.0,2030247.2900390625
5545,20220311,2,6300.0,1988142.9565429688
5546,20220314,2,6300.0,1949962.0880126953
5547,20220315,2,6300.0,2011125.8056640625
5548,20220316,2,6300.0,2085712.20703125
5549,20220317,2,6300.0,2110962.1948242188
5550,20220318,2,6300.0,2154169.7204589844
5551,20220321,2,6300.0,2148180.6060791016
5552,20220322,2,6300.0,2190397.9888916016
5553,20220323,2,6300.0,2158918.5607910156
5554,20220324,2,6300.0,2206904.150390625
5555,20220325,2,6300.0,2205063.8305664062
5556,20220328,2,6300.0,2239181.0760498047
5557,20220329,2,6300.0,2277716.665649414
5558,20220330,2,6300.0,2252558.1939697266
5559,20220331,2,6300.0,2224637.8967285156
5560,20220401,2,6300.0,2220404.1229248047
5561,20220404,2,6300.0,2266119.1131591797
5562,20220405,2,6300.0,2215801.9775390625
5563,20220406,2,6300.0,2167694.110107422
5564,20220407,2,6300.0,2172848.4283447266
5565,20220408,2,6300.0,2142473.3459472656
5566,20220411,2,6300.0,2091788.607788086
5567,20220412,2,6300.0,2082952.1118164062
5568,20220413,2,6300.0,2125292.5415039062
5569,20220414,2,6300.0,2076693.2556152344
5570,20220418,2,6300.0,2078288.442993164
5571,20220419,2,6300.0,2124739.9841308594
5572,20220420,2,6300.0,2093751.7822265625
5573,20220421,2,6300.0,2050429.6691894531
5574,20220422,2,6300.0,1996737.973022461
5575,20220425,2,6300.0,2022386.9018554688
5576,20220426,2,6300.0,1946052.2735595703
5577,20220427,2,6300.0,1943720.5352783203
5578,20220428,2,6300.0,2012753.4851074219
5579,20220429,2,6300.0,1922182.3333740234
5580,20220502,2,6300.0,1954275.0732421875
5581,20220503,2,6300.0,1956361.4868164062
5582,20220504,2,6300.0,2022509.5642089844
5583,20220505,2,6300.0,1920648.0926513672
5584,20220506,2,6300.0,1897637.173461914
5585,20220509,2,6300.0,1823387.9974365234
5586,20220510,2,6300.0,1845540.4724121094
5587,20220511,2,6300.0,1790804.800415039
5588,20220512,2,6300.0,1786570.6420898438
5589,20220513,2,6300.0,1852780.8197021484
5590,20220516,2,6300.0,1831303.9489746094
5591,20220517,2,6300.0,1878737.5579833984
5592,20220518,2,6300.0,1786509.6954345703
5593,20220519,2,6300.0,1776936.6485595703
5594,20220520,2,6300.0,1771414.3432617188
5595,20220523,2,6300.0,1800868.3044433594
5596,20220524,2,6300.0,1762578.2318115234
5597,20220525,2,6300.0,1787245.8618164062
5598,20220526,2,6300.0,1836765.4998779297
5599,20220527,2,6300.0,1896716.8212890625
5600,20220531,2,6300.0,1891684.9731445312
5601,20220601,2,6300.0,1877694.5434570312
5602,20220602,2,6300.0,1929115.8325195312
5603,20220603,2,6300.0,1878921.743774414
5604,20220606,2,6300.0,1885180.4077148438
5605,20220607,2,6300.0,1901441.6290283203
5606,20220608,2,6300.0,1887757.470703125
5607,20220609,2,6300.0,1837194.43359375
5608,20220610,2,6300.0,1772396.4111328125
5609,20220613,2,6300.0,1689986.343383789
5610,20220614,2,6300.0,1693054.6325683594
5611,20220615,2,6300.0,1735333.3465576172
5612,20220616,2,6300.0,1665318.3288574219
5613,20220617,2,6300.0,1685568.5760498047
5614,20220621,2,6300.0,1728093.960571289
5615,20220622,2,6300.0,1725573.6145019531
5616,20220623,2,6300.0,1751272.1466064453
5617,20220624,2,6300.0,1811277.4932861328
5618,20220627,2,6300.0,1797997.4670410156
5619,20220628,2,6300.0,1743218.344116211
5620,20220629,2,6300.0,1744816.7999267578
5621,20220630,2,6300.0,1723176.123046875
5622,20220701,2,6300.0,1734549.8840332031
5623,20220705,2,6300.0,1764244.3634033203
5624,20220706,2,6300.0,1775557.3699951172
5625,20220707,2,6300.0,1813552.5146484375
5626,20220708,2,6300.0,1815826.9592285156
5627,20220711,2,6300.0,1777033.1634521484
5628,20220712,2,6300.0,1759817.9443359375
5629,20220713,2,6300.0,1756190.7531738281
5630,20220714,2,6300.0,1762461.9140625
5631,20220715,2,6300.0,1794431.4147949219
5632,20220718,2,6300.0,1779245.8923339844
5633,20220719,2,6300.0,1833963.6840820312
5634,20220720,2,6300.0,1863044.0826416016
5635,20220721,2,6300.0,1889787.9364013672
5636,20220722,2,6300.0,1856649.8748779297
5637,20220725,2,6300.0,1846075.5340576172
5638,20220726,2,6300.0,1809801.8920898438
5639,20220727,2,6300.0,1886283.5998535156
5640,20220728,2,6300.0,1904728.1341552734
5641,20220729,2,6300.0,1939464.0747070312
5642,20220801,2,6300.0,1938295.7061767578
5643,20220802,2,6300.0,1932516.732788086
5644,20220803,2,6300.0,1985144.4580078125
5645,20220804,2,6300.0,1994427.5756835938
5646,20220805,2,6300.0,1978135.5926513672
5647,20220808,2,6300.0,1971741.3848876953
5648,20220809,2,6300.0,1949423.9501953125
5649,20220810,2,6300.0,2003834.5092773438
5650,20220811,2,6300.0,1992460.5560302734
5651,20220812,2,6300.0,2031254.9285888672
5652,20220815,2,6300.0,2047670.3430175781
5653,20220816,2,6300.0,2042874.398803711
5654,20220817,2,6300.0,2019573.3581542969
5655,20220818,2,6300.0,2024430.6335449219
5656,20220819,2,6300.0,1984959.6954345703
5657,20220822,2,6300.0,1932701.303100586
5658,20220823,2,6300.0,1931102.847290039
5659,20220824,2,6300.0,1936698.0194091797
5660,20220825,2,6300.0,1970942.1569824219
5661,20220826,2,6300.0,1890156.884765625
5662,20220829,2,6300.0,1871528.3569335938
5663,20220830,2,6300.0,1850685.9466552734
5664,20220831,2,6300.0,1839927.035522461
5665,20220901,2,6300.0,1840726.4556884766
5666,20220902,2,6300.0,1814720.3063964844
5667,20220906,2,6300.0,1801686.3739013672
5668,20220907,2,6300.0,1838082.6782226562
5669,20220908,2,6300.0,1847612.2741699219
5670,20220909,2,6300.0,1888004.7180175781
5671,20220912,2,6300.0,1910445.5841064453
5672,20220913,2,6300.0,1805683.090209961
5673,20220914,2,6300.0,1820007.2845458984
5674,20220915,2,6300.0,1789697.9553222656
5675,20220916,2,6300.0,1778754.4738769531
5676,20220919,2,6300.0,1792606.0913085938
5677,20220920,2,6300.0,1778316.8884277344
5678,20220921,2,6300.0,1746474.4720458984
5679,20220922,2,6300.0,1724978.5675048828
5680,20220923,2,6300.0,1696893.8873291016
5681,20220926,2,6300.0,1689872.3327636719
5682,20220927,2,6300.0,1690550.244140625
5683,20220928,2,6300.0,1724178.1860351562
5684,20220929,2,6300.0,1674474.7467041016
5685,20220930,2,6300.0,1646081.103515625
5686,20221003,2,6300.0,1684698.7884521484
5687,20221004,2,6300.0,1737666.8151855469
5688,20221005,2,6300.0,1736742.6177978516
5689,20221006,2,6300.0,1723070.1873779297
5690,20221007,2,6300.0,1657413.5284423828
5691,20221010,2,6300.0,1640845.8435058594
5692,20221011,2,6300.0,1618303.271484375
5693,20221012,2,6300.0,1617749.560546875
5694,20221013,2,6300.0,1655689.1418457031
5695,20221014,2,6300.0,1605923.3139038086
5696,20221017,2,6300.0,1658953.3447265625
5697,20221018,2,6300.0,1672072.8332519531
5698,20221019,2,6300.0,1665974.70703125
5699,20221020,2,6300.0,1657475.0518798828
5700,20221021,2,6300.0,1696339.4073486328
5701,20221024,2,6300.0,1715001.5808105469
5702,20221025,2,6300.0,1750477.3406982422
5703,20221026,2,6300.0,1711798.324584961
5704,20221027,2,6300.0,1680633.4350585938
5705,20221028,2,6300.0,1732062.222290039
5706,20221031,2,6300.0,1711921.9482421875
5707,20221101,2,6300.0,1694430.0659179688
5708,20221102,2,6300.0,1636349.4415283203
5709,20221103,2,6300.0,1604384.1705322266
5710,20221104,2,6300.0,1630190.3686523438
5711,20221107,2,6300.0,1648113.1072998047
5712,20221108,2,6300.0,1660124.0203857422
5713,20221109,2,6300.0,1621814.3371582031
5714,20221110,2,6300.0,1741485.3057861328
5715,20221111,2,6300.0,1773574.3927001953
5716,20221114,2,6300.0,1758053.5675048828
5717,20221115,2,6300.0,1782382.0495605469
5718,20221116,2,6300.0,1758053.5675048828
5719,20221117,2,6300.0,1754173.3612060547
5720,20221118,2,6300.0,1754234.6923828125
5721,20221121,2,6300.0,1736188.7145996094
5722,20221122,2,6300.0,1761194.9157714844
5723,20221123,2,6300.0,1778871.3684082031
5724,20221125,2,6300.0,1767168.6492919922
5725,20221128,2,6300.0,1741239.404296875
5726,20221129,2,6300.0,1728058.969116211
5727,20221130,2,6300.0,1806833.3862304688
5728,20221201,2,6300.0,1809050.537109375
5729,20221202,2,6300.0,1801844.7967529297
5730,20221205,2,6300.0,1771603.9123535156
5731,20221206,2,6300.0,1734895.1843261719
5732,20221207,2,6300.0,1727812.4908447266
5733,20221208,2,6300.0,1748260.5743408203
5734,20221209,2,6300.0,1737112.5274658203
5735,20221212,2,6300.0,1758915.8569335938
5736,20221213,2,6300.0,1777823.9318847656
5737,20221214,2,6300.0,1764643.6889648438
5738,20221215,2,6300.0,1705393.3502197266
5739,20221216,2,6300.0,1689133.2824707031
5740,20221219,2,6300.0,1665395.0408935547
5741,20221220,2,6300.0,1664098.4344482422
5742,20221221,2,6300.0,1688238.3087158203
5743,20221222,2,6300.0,1646935.1257324219
5744,20221223,2,6300.0,1650638.8366699219
5745,20221227,2,6300.0,1627301.8432617188
5746,20221228,2,6300.0,1605817.185974121
5747,20221229,2,6300.0,1644959.262084961
5748,20221230,2,6300.0,1643971.6186523438
5749,20230103,2,6300.0,1632858.5632324219
5750,20230104,2,6300.0,1640637.240600586
5751,20230105,2,6300.0,1614954.281616211
5752,20230106,2,6300.0,1659529.5501708984
5753,20230109,2,6300.0,1670272.5036621094
5754,20230110,2,9300.0,2486510.5865478516
5755,20230111,2,9300.0,2529527.6275634766
5756,20230112,2,9300.0,2543198.0712890625
5757,20230113,2,9300.0,2560696.5911865234
5758,20230117,2,9300.0,2565891.229248047
5759,20230118,2,9300.0,2532534.6313476562
5760,20230119,2,9300.0,2507654.1229248047
5761,20230120,2,9300.0,2576280.221557617
5762,20230123,2,9300.0,2633515.4663085938
5763,20230124,2,9300.0,2628138.619995117
5764,20230125,2,9300.0,2622305.6854248047
5765,20230126,2,9300.0,2673433.8317871094
5766,20230127,2,9300.0,2700046.1700439453
5767,20230130,2,9300.0,2645454.6478271484
5768,20230131,2,9300.0,2685099.1333007812
5769,20230201,2,9300.0,2742516.018676758
5770,20230202,2,9300.0,2840944.5190429688
5771,20230203,2,9300.0,2790454.9530029297
5772,20230206,2,9300.0,2766849.90234375
5773,20230207,2,9300.0,2824175.115966797
5774,20230208,2,9300.0,2773958.578491211
5775,20230209,2,9300.0,2749442.202758789
5776,20230210,2,9300.0,2731397.3419189453
5777,20230213,2,9300.0,2775143.783569336
5778,20230214,2,9300.0,2795649.8748779297
5779,20230215,2,9300.0,2817066.439819336
5780,20230216,2,9300.0,2764206.463623047
5781,20230217,2,9300.0,2744703.369140625
5782,20230221,2,9300.0,2679722.5708007812
5783,20230222,2,9300.0,2681727.145385742
5784,20230223,2,9300.0,2705149.9877929688
5785,20230224,2,9300.0,2659854.4921875
5786,20230227,2,9300.0,2678902.066040039
5787,20230228,2,9300.0,2675438.4063720703
5788,20230301,2,9300.0,2653930.453491211
5789,20230302,2,9300.0,2675894.2108154297
5790,20230303,2,9300.0,2731214.2822265625
5791,20230306,2,9300.0,2734314.093017578
5792,20230307,2,9300.0,2700775.2868652344
5793,20230308,2,9300.0,2714263.8061523438
5794,20230309,2,9300.0,2667236.4807128906
5795,20230310,2,9300.0,2629778.4942626953
5796,20230313,2,9300.0,2649282.1563720703
5797,20230314,2,9300.0,2710161.849975586
5798,20230315,2,9300.0,2724379.4860839844
5799,20230316,2,9300.0,2796196.499633789
5800,20230317,2,9300.0,2782981.576538086
5801,20230320,2,9300.0,2792857.1502685547
5802,20230321,2,9300.0,2832746.566772461
5803,20230322,2,9300.0,2794227.117919922
5804,20230323,2,9300.0,2827360.922241211
5805,20230324,2,9300.0,2837766.943359375
5806,20230327,2,9300.0,2818324.301147461
5807,20230328,2,9300.0,2803354.559326172
5808,20230329,2,9300.0,2854471.353149414
5809,20230330,2,9300.0,2881489.828491211
5810,20230331,2,9300.0,2929410.8825683594
5811,20230403,2,9300.0,2922291.1376953125
5812,20230404,2,9300.0,2912433.444213867
5813,20230405,2,9300.0,2883680.3009033203
5814,20230406,2,9300.0,2903122.659301758
5815,20230410,2,9300.0,2901479.0954589844
5816,20230411,2,9300.0,2882858.0932617188
5817,20230412,2,9300.0,2857391.226196289
5818,20230413,2,9300.0,2913346.188354492
5819,20230414,2,9300.0,2907869.155883789
5820,20230417,2,9300.0,2910333.5083007812
5821,20230418,2,9300.0,2910516.000366211
5822,20230419,2,9300.0,2909146.8841552734
5823,20230420,2,9300.0,2886966.293334961
5824,20230421,2,9300.0,2889978.6895751953
5825,20230424,2,9300.0,2883954.180908203
5826,20230425,2,9300.0,2829551.3946533203
5827,20230426,2,9300.0,2846712.4603271484
5828,20230427,2,9300.0,2924116.6259765625
5829,20230428,2,9300.0,2944289.2364501953
5830,20230501,2,9300.0,2940912.139892578
5831,20230502,2,9300.0,2915262.7807617188
5832,20230503,2,9300.0,2896185.122680664
5833,20230504,2,9300.0,2885962.161254883
5834,20230505,2,9300.0,2947301.9165039062
5835,20230508,2,9300.0,2954603.5858154297
5836,20230509,2,9300.0,2935891.763305664
5837,20230510,2,9300.0,2967838.9434814453
5838,20230511,2,9300.0,2977514.712524414
5839,20230512,2,9300.0,2966834.811401367
5840,20230515,2,9300.0,2982900.357055664
5841,20230516,2,9300.0,2986277.4536132812
5842,20230517,2,9300.0,3022423.9379882812
5843,20230518,2,9300.0,3078560.256958008
5844,20230519,2,9300.0,3071623.0041503906
5845,20230522,2,9300.0,3081937.921142578
5846,20230523,2,9300.0,3042870.1446533203
5847,20230524,2,9300.0,3027261.538696289
5848,20230525,2,9300.0,3100923.907470703
5849,20230526,2,9300.0,3180153.8452148438
5850,20230530,2,9300.0,3194575.827026367
5851,20230531,2,9300.0,3176411.196899414
5852,20230601,2,9300.0,3213105.4412841797
5853,20230602,2,9300.0,3237202.6245117188
5854,20230605,2,9300.0,3239484.4848632812
5855,20230606,2,9300.0,3238936.7248535156
5856,20230607,2,9300.0,3183987.59765625
5857,20230608,2,9300.0,3223511.178588867
5858,20230609,2,9300.0,3235834.0759277344
5859,20230612,2,9300.0,3290509.323120117
5860,20230613,2,9300.0,3315793.9819335938
5861,20230614,2,9300.0,3339891.732788086
5862,20230615,2,9300.0,3379689.761352539
5863,20230616,2,9300.0,3358421.3470458984
5864,20230620,2,9300.0,3353613.5467529297
5865,20230621,2,9300.0,3307911.6302490234
5866,20230622,2,9300.0,3346940.8081054688
5867,20230623,2,9300.0,3313761.309814453
5868,20230626,2,9300.0,3269338.8244628906
5869,20230627,2,9300.0,3325552.0568847656
5870,20230628,2,9300.0,3332041.7358398438
5871,20230629,2,9300.0,3325369.8486328125
5872,20230630,2,9300.0,3376646.9970703125
5873,20230703,2,9300.0,3384599.7344970703
5874,20230705,2,9300.0,3384507.4951171875
5875,20230706,2,9300.0,3358731.838989258
5876,20230707,2,9300.0,3347580.807495117
5877,20230710,2,9300.0,3348677.4627685547
5878,20230711,2,9300.0,3365222.3693847656
5879,20230712,2,9300.0,3407724.2889404297
5880,20230713,2,9300.0,3465583.3557128906
5881,20230714,2,9300.0,3464852.2521972656
5882,20230717,2,9300.0,3497209.259033203
5883,20230718,2,9300.0,3525818.2250976562
5884,20230719,2,9300.0,3524995.4498291016
5885,20230720,2,9300.0,3443737.664794922
5886,20230721,2,9300.0,3433409.1247558594
5887,20230724,2,9300.0,3438893.536376953
5888,20230725,2,9300.0,3462201.434326172
5889,20230726,2,9300.0,3450683.7158203125
5890,20230727,2,9300.0,3442458.233642578
5891,20230728,2,9300.0,3505161.428833008
5892,20230731,2,9300.0,3506989.1876220703
5893,20230801,2,9300.0,3498853.958129883
5894,20230802,2,9300.0,3422075.3173828125
5895,20230803,2,9300.0,3416590.9057617188
5896,20230804,2,9300.0,3400594.8944091797
5897,20230807,2,9300.0,3429387.4877929688
5898,20230808,2,9300.0,3400228.775024414
5899,20230809,2,9300.0,3362844.580078125
5900,20230810,2,9300.0,3369060.3790283203
5901,20230811,2,9300.0,3347580.807495117
5902,20230814,2,9300.0,3385147.7783203125
5903,20230815,2,9300.0,3349225.7904052734
5904,20230816,2,9300.0,3313761.309814453
5905,20230817,2,9300.0,3277564.5904541016
5906,20230818,2,9300.0,3273452.133178711
5907,20230821,2,9300.0,3326191.488647461
5908,20230822,2,9300.0,3321439.031982422
5909,20230823,2,9300.0,3373813.687133789
5910,20230824,2,9300.0,3301696.1151123047
5911,20230825,2,9300.0,3327288.7115478516
5912,20230828,2,9300.0,3352333.2641601562
5913,20230829,2,9300.0,3425547.7752685547
5914,20230830,2,9300.0,3444651.8280029297
5915,20230831,2,9300.0,3454980.6518554688
5916,20230901,2,9300.0,3451323.715209961
5917,20230905,2,9300.0,3455711.471557617
5918,20230906,2,9300.0,3425274.462890625
5919,20230907,2,9300.0,3400777.3864746094
5920,20230908,2,9300.0,3405530.4107666016
5921,20230911,2,9300.0,3445656.8115234375
5922,20230912,2,9300.0,3407450.408935547
5923,20230913,2,9300.0,3420429.766845703
5924,20230914,2,9300.0,3448399.0173339844
5925,20230915,2,9300.0,3389352.7587890625
5926,20230918,2,9300.0,3392885.6689453125
5927,20230919,2,9300.0,3385654.1015625
5928,20230920,2,9300.0,3336864.862060547
5929,20230921,2,9300.0,3275718.9514160156
5930,20230922,2,9300.0,3276176.742553711
5931,20230925,2,9300.0,3291737.384033203
5932,20230926,2,9300.0,3242308.428955078
5933,20230927,2,9300.0,3249905.548095703
5934,20230928,2,9300.0,3277092.3248291016
5935,20230929,2,9300.0,3279471.8170166016
5936,20231002,2,9300.0,3306841.3696289062
5937,20231003,2,9300.0,3248807.7575683594
5938,20231004,2,9300.0,3293019.369506836
5939,20231005,2,9300.0,3283316.6381835938
5940,20231006,2,9300.0,3338330.191040039
5941,20231009,2,9300.0,3355355.3100585938
5942,20231010,2,9300.0,3373936.862182617
5943,20231011,2,9300.0,3398011.624145508
5944,20231012,2,9300.0,3386203.2806396484
5945,20231013,2,9300.0,3343638.9221191406
5946,20231016,2,9300.0,3381443.161010742
5947,20231017,2,9300.0,3370367.9077148438
5948,20231018,2,9300.0,3326155.160522461
5949,20231019,2,9300.0,3295033.026123047
5950,20231020,2,9300.0,3245877.3834228516
5951,20231023,2,9300.0,3255672.637939453
5952,20231024,2,9300.0,3287344.5190429688
5953,20231025,2,9300.0,3206883.3984375
5954,20231026,2,9300.0,3145737.203979492
5955,20231027,2,9300.0,3160841.1895751953
5956,20231030,2,9300.0,3196448.4283447266
5957,20231031,2,9300.0,3211735.189819336
5958,20231101,2,9300.0,3267480.4138183594
5959,20231102,2,9300.0,3326796.2951660156
5960,20231103,2,9300.0,3365881.951904297
5961,20231106,2,9300.0,3379612.8479003906
5962,20231107,2,9300.0,3411559.176635742
5963,20231108,2,9300.0,3413756.1767578125
5964,20231109,2,9300.0,3387485.549926758
5965,20231110,2,9300.0,3463643.490600586
5966,20231113,2,9300.0,3452841.8334960938
5967,20231114,2,9300.0,3527169.4610595703
5968,20231115,2,9300.0,3529823.4008789062
5969,20231116,2,9300.0,3532844.3115234375
5970,20231117,2,9300.0,3533668.505859375
5971,20231120,2,9300.0,3576690.087890625
5972,20231121,2,9300.0,3555911.819458008
5973,20231122,2,9300.0,3570466.342163086
5974,20231124,2,9300.0,3565431.2072753906
5975,20231127,2,9300.0,3562319.4763183594
5976,20231128,2,9300.0,3571656.088256836
5977,20231129,2,9300.0,3568177.3864746094
5978,20231130,2,9300.0,3559206.610107422
5979,20231201,2,9300.0,3569367.984008789
5980,20231204,2,9300.0,3536231.057739258
5981,20231205,2,9300.0,3545110.7299804688
5982,20231206,2,9300.0,3524606.3415527344
5983,20231207,2,9300.0,3573853.0883789062
5984,20231208,2,9300.0,3589780.416870117
5985,20231211,2,9300.0,3620445.0439453125
5986,20231212,2,9300.0,3649279.0740966797
5987,20231213,2,9300.0,3695687.969970703
5988,20231214,2,9300.0,3692483.999633789
5989,20231215,2,9300.0,3710333.0291748047
5990,20231218,2,9300.0,3733703.366088867
5991,20231219,2,9300.0,3752781.3079833984
5992,20231220,2,9300.0,3697015.933227539
5993,20231221,2,9300.0,3740032.406616211
5994,20231222,2,9300.0,3745627.2216796875
5995,20231226,2,9300.0,3768557.080078125
5996,20231227,2,9300.0,3776228.274536133
5997,20231228,2,9300.0,3774392.852783203
5998,20231229,2,9300.0,3758058.5357666016
5999,20240102,2,9300.0,3694463.314819336
6000,20240103,2,9300.0,3655370.846557617
6001,20240104,2,9300.0,3636558.837890625
6002,20240105,2,9300.0,3640871.6674804688
6003,20240108,2,9300.0,3716121.6888427734
6004,20240109,2,9300.0,3723462.5244140625
6005,20240110,2,9300.0,3748698.3673095703
6006,20240111,2,9300.0,3756498.4130859375
6007,20240112,2,9300.0,3758426.07421875
6008,20240116,2,9300.0,3758058.5357666016
6009,20240117,2,9300.0,3736860.223388672
6010,20240118,2,9300.0,3789902.1240234375
6011,20240119,2,9300.0,3865059.3383789062
6012,20240122,2,9300.0,3870106.9610595703
6013,20240123,2,9300.0,3886166.5466308594
6014,20240124,2,9300.0,3907731.546020508
6015,20240125,2,9300.0,3912503.8696289062
6016,20240126,2,9300.0,3889194.5526123047
6017,20240129,2,9300.0,3929021.530151367
6018,20240130,2,9300.0,3902867.5506591797
6019,20240131,2,9300.0,3826425.796508789
6020,20240201,2,9300.0,3871483.172607422
6021,20240202,2,9300.0,3936913.5314941406
6022,20240205,2,9300.0,3931774.5208740234
6023,20240206,2,9300.0,3923882.2357177734
6024,20240207,2,9300.0,3964260.3790283203
6025,20240208,2,9300.0,3971601.2145996094
6026,20240209,2,9300.0,4010693.9666748047
6027,20240212,2,9300.0,3995002.487182617
6028,20240213,2,9300.0,3932692.3736572266
6029,20240214,2,9300.0,3975547.3571777344
6030,20240215,2,9300.0,3987385.7849121094
6031,20240216,2,9300.0,3951229.083251953
6032,20240220,2,9300.0,3921404.8278808594
6033,20240221,2,9300.0,3905712.496948242
6034,20240222,2,9300.0,4020054.702758789
6035,20240223,2,9300.0,4008216.842651367
6036,20240226,2,9300.0,4006106.121826172
6037,20240227,2,9300.0,4015741.5893554688
6038,20240228,2,9300.0,3994359.9334716797
6039,20240229,2,9300.0,4028588.9739990234
6040,20240301,2,9300.0,4089247.2930908203
6041,20240304,2,9300.0,4074656.442260742
6042,20240305,2,9300.0,4001517.709350586
6043,20240306,2,9300.0,4026662.448120117
6044,20240307,2,9300.0,4087778.842163086
6045,20240308,2,9300.0,4028772.317504883
6046,20240311,2,9300.0,4013814.779663086
6047,20240312,2,9300.0,4071352.569580078
6048,20240313,2,9300.0,4040060.1470947266
6049,20240314,2,9300.0,4029873.797607422
6050,20240315,2,9300.0,3981971.4752197266
6051,20240318,2,9300.0,4019949.4079589844
6052,20240319,2,9300.0,4029965.185546875
6053,20240320,2,9300.0,4077746.8872070312
6054,20240321,2,9300.0,4097043.3654785156
6055,20240322,2,9300.0,4101730.2612304688
6056,20240325,2,9300.0,4086844.2443847656
6057,20240326,2,9300.0,4073611.7248535156
6058,20240327,2,9300.0,4087487.0819091797
6059,20240328,2,9300.0,4079952.4017333984
6060,20240401,2,9300.0,4088589.697265625
6061,20240402,2,9300.0,4053304.3029785156
6062,20240403,2,9300.0,4062401.66015625
6063,20240404,2,9300.0,4000285.107421875
6064,20240405,2,9300.0,4047423.403930664
6065,20240408,2,9300.0,4048618.258666992
6066,20240409,2,9300.0,4063596.2310791016
6067,20240410,2,9300.0,4028127.493286133
6068,20240411,2,9300.0,4092448.7091064453
6069,20240412,2,9300.0,4027207.9376220703
6070,20240415,2,9300.0,3960956.2225341797
6071,20240416,2,9300.0,3961324.0447998047
6072,20240417,2,9300.0,3912990.609741211
6073,20240418,2,9300.0,3890661.5844726562
6074,20240419,2,9300.0,3810167.2576904297
6075,20240422,2,9300.0,3848484.6313476562
6076,20240423,2,9300.0,3905915.4235839844
6077,20240424,2,9300.0,3919147.0916748047
6078,20240425,2,9300.0,3900218.1518554688
6079,20240426,2,9300.0,3960404.7729492188
6080,20240429,2,9300.0,3976485.3607177734
6081,20240430,2,9300.0,3901504.39453125
6082,20240501,2,9300.0,3873294.186401367
6083,20240502,2,9300.0,3922730.8044433594
6084,20240503,2,9300.0,4001571.3500976562
6085,20240506,2,9300.0,4045402.084350586
6086,20240507,2,9300.0,4046045.2056884766
6087,20240508,2,9300.0,4043656.34765625
6088,20240509,2,9300.0,4052477.2705078125
6089,20240510,2,9300.0,4062034.405517578
6090,20240513,2,9300.0,4071406.7779541016
6091,20240514,2,9300.0,4097594.8150634766
6092,20240515,2,9300.0,4161641.583251953
6093,20240516,2,9300.0,4153187.631225586
6094,20240517,2,9300.0,4151166.5954589844
6095,20240520,2,9300.0,4180111.312866211
6096,20240521,2,9300.0,4188289.682006836
6097,20240522,2,9300.0,4187462.0819091797
6098,20240523,2,9300.0,4168624.8138427734
6099,20240524,2,9300.0,4208045.370483398
6100,20240528,2,9300.0,4223941.763305664
6101,20240529,2,9300.0,4194170.0134277344
6102,20240530,2,9300.0,4149236.6638183594
6103,20240531,2,9300.0,4141517.788696289
6104,20240603,2,9300.0,4163754.8583984375
6105,20240604,2,9300.0,4175149.118041992
6106,20240605,2,9300.0,4259319.11315918
6107,20240606,2,9300.0,4257849.2431640625
6108,20240607,2,9300.0,4254081.335449219
6109,20240610,2,9300.0,4271264.254760742
6110,20240611,2,9300.0,4300577.07824707
6111,20240612,2,9300.0,4356904.971313477
6112,20240613,2,9300.0,4380520.523071289
6113,20240614,2,9300.0,4403217.370605469
6114,20240617,2,9300.0,4457155.554199219
6115,20240618,2,9300.0,4458533.752441406
6116,20240620,2,9300.0,4424167.630004883
6117,20240621,2,9300.0,4412314.16015625
6118,20240624,2,9300.0,4362081.161499023
6119,20240625,2,9300.0,4411963.934326172
6120,20240626,2,9300.0,4421076.0498046875
6121,20240627,2,9300.0,4432487.6220703125
6122,20240628,2,9300.0,4409479.431152344
6123,20240701,2,9300.0,4435341.082763672
6124,20240702,2,9300.0,4481910.61706543
6125,20240703,2,9300.0,4519276.931762695
6126,20240705,2,9300.0,4566398.483276367
6127,20240708,2,9300.0,4577258.605957031
6128,20240709,2,9300.0,4581216.101074219
6129,20240710,2,9300.0,4628982.192993164
6130,20240711,2,9300.0,4527468.072509766
6131,20240712,2,9300.0,4554066.50390625
6132,20240715,2,9300.0,4566306.527709961
6133,20240716,2,9300.0,4568055.1025390625
6134,20240717,2,9300.0,4433960.330200195
6135,20240718,2,9300.0,4412976.580810547
6136,20240719,2,9300.0,4373861.975097656
6137,20240722,2,9300.0,4439022.711181641
6138,20240723,2,9300.0,4423376.358032227
6139,20240724,2,9300.0,4264709.014892578
6140,20240725,2,9300.0,4217678.851318359
6141,20240726,2,9300.0,4260934.86328125
6142,20240729,2,9300.0,4269494.393920898
6143,20240730,2,9300.0,4210868.179321289
6144,20240731,2,9300.0,4335483.297729492
6145,20240801,2,9300.0,4230471.743774414
6146,20240802,2,9300.0,4130061.6577148438
6147,20240805,2,9300.0,4006919.2474365234
6148,20240806,2,9300.0,4045205.6854248047
6149,20240807,2,9300.0,4001397.088623047
6150,20240808,2,9300.0,4123803.0029296875
6151,20240809,2,9300.0,4145339.337158203
6152,20240812,2,9300.0,4154266.6900634766
6153,20240813,2,9300.0,4257345.1904296875
6154,20240814,2,9300.0,4258726.510620117
6155,20240815,2,9300.0,4366315.374755859
6156,20240816,2,9300.0,4371928.921508789
6157,20240819,2,9300.0,4429358.8623046875
6158,20240820,2,9300.0,4420063.4033203125
6159,20240821,2,9300.0,4440678.479003906
6160,20240822,2,9300.0,4370272.869873047
6161,20240823,2,9300.0,4417670.2880859375
6162,20240826,2,9300.0,4374781.814575195
6163,20240827,2,9300.0,4387850.857543945
6164,20240828,2,9300.0,4338060.040283203
6165,20240829,2,9300.0,4331710.565185547
6166,20240830,2,9300.0,4383341.62902832
6167,20240903,2,9300.0,4250259.219360352
6168,20240904,2,9300.0,4239214.617919922
6169,20240905,2,9300.0,4243172.6806640625
6170,20240906,2,9300.0,4129509.356689453
6171,20240909,2,9300.0,4182613.6962890625
6172,20240910,2,9300.0,4221268.240356445
6173,20240911,2,9300.0,4312934.600830078
6174,20240912,2,9300.0,4355270.77331543
6175,20240913,2,9300.0,4374781.814575195
6176,20240916,2,9300.0,4355455.252075195
6177,20240917,2,9300.0,4357755.560302734
6178,20240918,2,9300.0,4338888.775634766
6179,20240919,2,9300.0,4448594.036865234
6180,20240920,2,9300.0,4440127.029418945
6181,20240923,2,9300.0,4451896.206665039
6182,20240924,2,9300.0,4473370.101928711
6183,20240925,2,9300.0,4477517.752075195
6184,20240926,2,9300.0,4511157.595825195
6185,20240927,2,9300.0,4486089.486694336
6186,20240930,2,9300.0,4498254.583740234
6187,20241001,2,9300.0,4435583.17565918
6188,20241002,2,9300.0,4441850.344848633
6189,20241003,2,9300.0,4438532.565307617
6190,20241004,2,9300.0,4491342.590332031
6191,20241007,2,9300.0,4443233.084106445
6192,20241008,2,9300.0,4509590.94543457
6193,20241009,2,9300.0,4545074.44152832
6194,20241010,2,9300.0,4539913.009643555
6195,20241011,2,9300.0,4547009.481811523
6196,20241014,2,9300.0,4585165.365600586
6197,20241015,2,9300.0,4523876.696777344
6198,20241016,2,9300.0,4524429.5654296875
6199,20241017,2,9300.0,4527562.8662109375
6200,20241018,2,9300.0,4557239.822387695
6201,20241021,2,9300.0,4565995.751953125
6202,20241022,2,9300.0,4570972.705078125
6203,20241023,2,9300.0,4500927.255249023
6204,20241024,2,9300.0,4537424.533081055
6205,20241025,2,9300.0,4565073.92578125
6206,20241028,2,9300.0,4565811.273193359
6207,20241029,2,9300.0,4609681.457519531
6208,20241030,2,9300.0,4574843.353271484
6209,20241031,2,9300.0,4459361.636352539
6210,20241101,2,9300.0,4492356.088256836
6211,20241104,2,9300.0,4479269.1650390625
6212,20241105,2,9300.0,4536410.467529297
6213,20241106,2,9300.0,4659634.048461914
6214,20241107,2,9300.0,4732996.142578125
6215,20241108,2,9300.0,4738526.815795898
6216,20241111,2,9300.0,4735762.188720703
6217,20241112,2,9300.0,4727190.170288086
6218,20241113,2,9300.0,4721107.763671875
6219,20241114,2,9300.0,4688297.222900391
6220,20241115,2,9300.0,4576594.482421875
6221,20241118,2,9300.0,4608391.241455078
6222,20241119,2,9300.0,4640095.193481445
6223,20241120,2,9300.0,4637422.805786133
6224,20241121,2,9300.0,4654104.510498047
6225,20241122,2,9300.0,4661569.940185547
6226,20241125,2,9300.0,4668942.8466796875
6227,20241126,2,9300.0,4694011.239624023
6228,20241127,2,9300.0,4657053.332519531
6229,20241129,2,9300.0,4697974.411010742
6230,20241202,2,9300.0,4749124.978637695
6231,20241203,2,9300.0,4763687.164306641
6232,20241204,2,9300.0,4822580.731201172
6233,20241205,2,9300.0,4809216.522216797
6234,20241206,2,9300.0,4852257.403564453
6235,20241209,2,9300.0,4814469.909667969
6236,20241210,2,9300.0,4798064.35546875
6237,20241211,2,9300.0,4883961.639404297
6238,20241212,2,9300.0,4852441.314697266
6239,20241213,2,9300.0,4889583.984375
6240,20241216,2,9300.0,4959997.540283203
6241,20241217,2,9300.0,4938154.6875
6242,20241218,2,9300.0,4760000.994873047
6243,20241219,2,9300.0,4738802.682495117
6244,20241220,2,9300.0,4780184.674072266
6245,20241223,2,9300.0,4826756.195068359
6246,20241224,2,9300.0,4892206.4208984375
6247,20241226,2,9300.0,4888883.532714844
6248,20241227,2,9300.0,4823894.219970703
6249,20241230,2,9300.0,4759737.33215332
6250,20241231,2,9300.0,4719304.696655273
6251,20250102,2,9300.0,4710073.095703125
6252,20250103,2,9300.0,4787154.5654296875
6253,20250106,2,9300.0,4842173.5107421875
6254,20250107,2,9300.0,4755767.349243164
6255,20250108,2,9300.0,4756598.355102539
6256,20250110,2,9300.0,4682010.470581055
6257,20250113,2,9300.0,4666963.247680664
6258,20250114,2,9300.0,4662532.067871094
6259,20250115,2,9300.0,4769799.938964844
6260,20250116,2,9300.0,4736382.888793945
6261,20250117,2,9300.0,4816325.482177734
6262,20250121,2,9300.0,4844572.302246094
6263,20250122,2,9300.0,4906515.1611328125
6264,20250123,2,9300.0,4916945.8740234375
6265,20250124,2,9300.0,4889159.3994140625
6266,20250127,2,9300.0,4746813.60168457
6267,20250128,2,9300.0,4816971.441650391
6268,20250129,2,9300.0,4807925.738525391
6269,20250130,2,9300.0,4828418.206787109
6270,20250131,2,9300.0,4821401.770019531
6271,20250203,2,9300.0,4782816.192626953
6272,20250204,2,9300.0,4841525.848388672
6273,20250205,2,9300.0,4863496.417236328
6274,20250206,2,9300.0,4888883.532714844
6275,20250207,2,9300.0,4827217.67578125
6276,20250210,2,9300.0,4885651.46484375
6277,20250211,2,9300.0,4874020.220947266
6278,20250212,2,9300.0,4876882.196044922
6279,20250213,2,9300.0,4947039.752197266
6280,20250214,2,9300.0,4967810.357666016
6281,20250218,2,9300.0,4979072.644042969
6282,20250219,2,9300.0,4980457.086181641
6283,20250220,2,9300.0,4959318.0908203125
6284,20250221,2,9300.0,4856389.16015625
6285,20250224,2,9300.0,4799062.811279297
6286,20250225,2,9300.0,4738597.769165039
6287,20250226,2,9300.0,4750044.534301758
6288,20250227,2,9300.0,4618130.017089844
6289,20250228,2,9300.0,4691057.025146484
6290,20250303,2,9300.0,4588404.81262207
6291,20250304,2,9300.0,4574558.120727539
6292,20250305,2,9300.0,4634192.156982422
6293,20250306,2,9300.0,4506708.251953125
6294,20250307,2,9300.0,4539848.583984375
6295,20250310,2,9300.0,4363900.405883789
6296,20250311,2,9300.0,4353469.125366211
6297,20250312,2,9300.0,4402579.641723633
6298,20250313,2,9300.0,4323375.247192383
6299,20250314,2,9300.0,4427873.098754883
6300,20250317,2,9300.0,4456582.2509765625
6301,20250318,2,9300.0,4380609.072875977
6302,20250319,2,9300.0,4439227.908325195
6303,20250320,2,9300.0,4424180.969238281
6304,20250321,2,9300.0,4438766.143798828
6305,20250324,2,9300.0,4536172.064208984
6306,20250325,2,9300.0,4562057.556152344
6307,20250326,2,9300.0,4478112.908935547
6308,20250327,2,9300.0,4452596.942138672
6309,20250328,2,9300.0,4335369.488525391
6310,20250331,2,9300.0,4335184.725952148
6311,20250401,2,9300.0,4370130.963134766
6312,20250402,2,9300.0,4402026.205444336
6313,20250403,2,9300.0,4166369.9157714844
6314,20250404,2,9300.0,3907601.559448242
6315,20250407,2,9300.0,3917031.2622070312
6316,20250408,2,9300.0,3846491.409301758
6317,20250409,2,9300.0,4308188.955688477
6318,20250410,2,9300.0,4124952.163696289
6319,20250411,2,9300.0,4200946.627807617
6320,20250414,2,9300.0,4229421.350097656
6321,20250415,2,9300.0,4234136.343383789
6322,20250416,2,9300.0,4106461.9995117188
6323,20250417,2,9300.0,4105722.94921875
6324,20250421,2,9300.0,4004119.711303711
6325,20250422,2,9300.0,4109235.9924316406
6326,20250423,2,9300.0,4202425.863647461
6327,20250424,2,9300.0,4320670.220947266
6328,20250425,2,9300.0,4368836.2060546875
6329,20250428,2,9300.0,4367449.493408203
6330,20250429,2,9300.0,4396294.592285156
6331,20250430,2,9300.0,4395739.736938477
6332,20250501,2,9300.0,4453150.946044922
6333,20250502,2,9300.0,4519253.091430664
6334,20250505,2,9300.0,4492442.6513671875
6335,20250506,2,9300.0,4450655.090332031
6336,20250507,2,9300.0,4468128.067016602
6337,20250508,2,9300.0,4514261.096191406
6338,20250509,2,9300.0,4511302.908325195
6339,20250512,2,9300.0,4695093.988037109
6340,20250513,2,9300.0,4766651.312255859
6341,20250514,2,9300.0,4795217.706298828
6342,20250515,2,9300.0,4800488.122558594
6343,20250516,2,9300.0,4821380.767822266
6344,20250519,2,9300.0,4826004.089355469
6345,20250520,2,9300.0,4809918.109130859
6346,20250521,2,9300.0,4743075.778198242
6347,20250522,2,9300.0,4751951.193237305
6348,20250523,2,9300.0,4707944.778442383
6349,20250527,2,9300.0,4818700.433349609
6350,20250528,2,9300.0,4797344.036865234
6351,20250529,2,9300.0,4806774.591064453
6352,20250530,2,9300.0,4799192.7978515625
6353,20250602,2,9300.0,4837098.358154297
6354,20250603,2,9300.0,4874909.6923828125
6355,20250604,2,9300.0,4888500.384521484
6356,20250605,2,9300.0,4851705.1025390625
6357,20250606,2,9300.0,4899132.037353516
6358,20250609,2,9300.0,4906343.737792969
6359,20250610,2,9300.0,4938793.267822266
6360,20250611,2,9300.0,4922152.1484375
6361,20250612,2,9300.0,4933708.465576172
6362,20250613,2,9300.0,4871766.741943359
6363,20250616,2,9300.0,4939532.8857421875
6364,20250617,2,9300.0,4891365.765380859
6365,20250618,2,9300.0,4890533.624267578
6366,20250620,2,9300.0,4870565.643310547
6367,20250623,2,9300.0,4920646.234130859
6368,20250624,2,9300.0,4995892.565917969
6369,20250625,2,9300.0,5008664.739990234
6370,20250626,2,9300.0,5055496.8017578125
6371,20250627,2,9300.0,5072806.018066406
6372,20250630,2,9300.0,5105661.968994141
6373,20250701,2,9300.0,5062625.061035156
6374,20250702,2,9300.0,5097887.1826171875
6375,20250703,2,9300.0,5148051.7822265625
6376,20250707,2,9300.0,5109272.076416016
6377,20250708,2,9300.0,5112140.295410156
6378,20250709,2,9300.0,5148329.351806641
6379,20250710,2,9300.0,5140925.225830078
6380,20250711,2,9300.0,5129355.853271484
6381,20250714,2,9300.0,5147959.826660156
6382,20250715,2,9300.0,5152679.0771484375
6383,20250716,2,9300.0,5157954.602050781
6384,20250717,2,9300.0,5199697.888183594
6385,20250718,2,9300.0,5194699.365234375
6386,20250721,2,9300.0,5221632.696533203
6387,20250722,2,9300.0,5194606.2744140625
6388,20250723,2,9300.0,5218300.158691406
6389,20250724,2,9300.0,5229407.482910156
6390,20250725,2,9300.0,5241994.610595703
6391,20250728,2,9300.0,5258376.892089844
6392,20250729,2,9300.0,5250231.4453125
6393,20250730,2,9300.0,5257266.613769531
6394,20250731,2,9300.0,5229407.482910156
6395,20250801,2,9300.0,5126394.543457031
6396,20250804,2,9300.0,5220983.898925781
6397,20250805,2,9300.0,5185536.730957031
6398,20250806,2,9300.0,5250787.152099609
6399,20250807,2,9300.0,5268557.281494141
6400,20250808,2,9300.0,5317703.558349609
6401,20250811,2,9300.0,5301969.5068359375
6402,20250812,2,9300.0,5368608.343505859
6403,20250813,2,9300.0,5371292.6513671875
6404,20250814,2,9300.0,5367128.5400390625
6405,20250815,2,9300.0,5343526.611328125
6406,20250818,2,9300.0,5341396.875
6407,20250819,2,9300.0,5268928.509521484
6408,20250820,2,9300.0,5237644.885253906
6409,20250821,2,9300.0,5213395.861816406
6410,20250822,2,9300.0,5293824.627685547
6411,20250825,2,9300.0,5278553.192138672
6412,20250826,2,9300.0,5299748.382568359
6413,20250827,2,9300.0,5307893.26171875
6414,20250828,2,9300.0,5341120.440673828
6415,20250829,2,9300.0,5279294.512939453
6416,20250902,2,9300.0,5235052.532958984
6417,20250903,2,9300.0,5276239.544677734
6418,20250904,2,9300.0,5323997.406005859
6419,20250905,2,9300.0,5331679.1015625
6420,20250908,2,9300.0,5357687.200927734
6421,20250909,2,9300.0,5372866.11328125
6422,20250910,2,9300.0,5374625.189208984
6423,20250911,2,9300.0,5405908.245849609
6424,20250912,2,9300.0,5429786.608886719
6425,20250915,2,9300.0,5476249.1455078125
6426,20250916,2,9300.0,5471621.282958984
6427,20250917,2,9300.0,5460700.140380859
6428,20250918,2,9300.0,5509939.508056641
6429,20250919,2,9300.0,5547238.275146484
6430,20250922,2,9300.0,5580077.764892578
6431,20250923,2,9300.0,5543012.860107422
6432,20250924,2,9300.0,5523554.040527344
6433,20250925,2,9300.0,5499740.386962891
6434,20250926,2,9300.0,5522348.968505859
6435,20250929,2,9300.0,5547923.968505859
6436,20250930,2,9300.0,5563120.477294922
6437,20251001,2,9300.0,5589806.890869141
6438,20251002,2,9300.0,5612787.268066406
6439,20251003,2,9300.0,5589158.660888672
6440,20251006,2,9300.0,5631134.1064453125
6441,20251007,2,9300.0,5601482.977294922
6442,20251008,2,9300.0,5665696.911621094
6443,20251009,2,9300.0,5658839.978027344
6444,20251010,2,9300.0,5462397.344970703
6445,20251013,2,9300.0,5578316.986083984
6446,20251014,2,9300.0,5541160.125732422
6447,20251015,2,9300.0,5580262.811279297
6448,20251016,2,9300.0,5559599.4873046875
6449,20251017,2,9300.0,5596108.117675781
6450,20251020,2,9300.0,5666623.278808594
6451,20251021,2,9300.0,5665140.637207031
6452,20251022,2,9300.0,5610563.3056640625
6453,20251023,2,9300.0,5657728.564453125
6454,20251024,2,9300.0,5718142.803955078
6455,20251027,2,9300.0,5819979.052734375
6456,20251028,2,9300.0,5864733.599853516
6457,20251029,2,9300.0,5891142.443847656
6458,20251030,2,9300.0,5801075.372314453
6459,20251031,2,9300.0,5829059.381103516
6460,20251103,2,9300.0,5856950.866699219
6461,20251104,2,9300.0,5738065.9423828125
6462,20251105,2,9300.0,5775408.416748047
6463,20251106,2,9300.0,5667827.783203125
6464,20251107,2,9300.0,5649944.696044922
6465,20251110,2,9300.0,5774944.665527344
6466,20251111,2,9300.0,5759563.1103515625
6467,20251112,2,9300.0,5755022.662353516
6468,20251113,2,9300.0,5637528.424072266
6469,20251114,2,9300.0,5641789.599609375
6470,20251117,2,9300.0,5593606.018066406
6471,20251118,2,9300.0,5525499.865722656
6472,20251119,2,9300.0,5558487.506103516
6473,20251120,2,9300.0,5426908.172607422
6474,20251121,2,9300.0,5467679.113769531
6475,20251124,2,9300.0,5607505.499267578
6476,20251125,2,9300.0,5642068.8720703125
6477,20251126,2,9300.0,5691920.1416015625
6478,20251128,2,9300.0,5738065.9423828125
6479,20251201,2,9300.0,5718791.6015625
6480,20251202,2,9300.0,5763547.283935547
6481,20251203,2,9300.0,5777632.379150391
6482,20251204,2,9300.0,5772257.51953125
6483,20251205,2,9300.0,5795794.171142578
6484,20251208,2,9300.0,5784674.359130859
6485,20251209,2,9300.0,5791809.429931641
6486,20251210,2,9300.0,5815530.560302734
6487,20251211,2,9300.0,5796721.105957031
6488,20251212,2,9300.0,5685897.052001953
6489,20251215,2,9300.0,5657357.336425781
6490,20251216,2,9300.0,5668569.104003906
6491,20251217,2,9300.0,5563490.570068359
6492,20251218,2,9300.0,5644106.652832031
6493,20251219,2,9300.0,5717679.620361328
6494,20251222,2,9300.0,5745087.487792969
6495,20251223,2,9300.0,5771993.572998047
6496,20251224,2,9300.0,5788879.9072265625
6497,20251226,2,9300.0,5788509.246826172
6498,20251229,2,9300.0,5760488.909912109
6499,20251230,2,9300.0,5747128.106689453
6500,20251231,2,9300.0,5699624.542236328
6501,20260102,2,9300.0,5688583.630371094
6502,20260105,2,9300.0,5733767.87109375
6503,20260106,2,9300.0,5784148.1689453125
6504,20260107,2,9300.0,5789715.4541015625
6505,20260108,2,9300.0,5756777.764892578
6506,20260109,2,9300.0,5814116.6015625
6507,20260112,2,9300.0,5818940.863037109
6508,20260113,2,9300.0,5810312.365722656
6509,20260114,2,9300.0,5748241.790771484
6510,20260115,2,9300.0,5768932.360839844
6511,20260116,2,9300.0,5764107.531738281
6512,20260120,2,9300.0,5641636.907958984
6513,20260121,2,9300.0,5717902.697753906
6514,20260122,2,9300.0,5759468.316650391
6515,20260123,2,9300.0,5777653.381347656
6516,20260126,2,9300.0,5803075.689697266
6517,20260127,2,9300.0,5855682.220458984
6518,20260128,2,9300.0,5875072.9248046875
6519,20260129,2,9300.0,5839909.002685547
6520,20260130,2,9300.0,5769766.7724609375
6521,20260202,2,9300.0,5809384.86328125
6522,20260203,2,9300.0,5720129.498291016
6523,20260204,2,9300.0,5620203.8818359375
6524,20260205,2,9300.0,5539299.444580078
6525,20260206,2,9300.0,5656388.96484375
6526,20260209,2,9300.0,5699717.633056641
6527,20260210,2,9300.0,5673274.7314453125
6528,20260211,2,9300.0,5688491.107177734
6529,20260212,2,9300.0,5572793.408203125
6530,20260213,2,9300.0,5584668.731689453
6531,20260217,2,9300.0,5578916.400146484
6532,20260218,2,9300.0,5620575.677490234
6533,20260219,2,9300.0,5599049.560546875
6534,20260220,2,9300.0,5648594.879150391
6535,20260223,2,9300.0,5579936.993408203
6536,20260224,2,9300.0,5639873.858642578
6537,20260225,2,9300.0,5721613.8427734375
6538,20260226,2,9300.0,5652584.729003906
6539,20260227,2,9300.0,5634492.755126953
6540,20260302,2,9300.0,5641915.045166016
6541,20260303,2,9300.0,5581514.4287109375
6542,20260304,2,9300.0,5666594.329833984
6543,20260305,2,9300.0,5649522.94921875
6544,20260306,2,9300.0,5564535.5712890625
6545,20260309,2,9300.0,5638853.265380859
6546,20260310,2,9300.0,5638946.356201172
6547,20260311,2,9300.0,5638203.332519531
6548,20260312,2,9300.0,5541433.154296875
6549,20260313,2,9300.0,5508588.555908203
6550,20260316,2,9300.0,5570380.993652344
6551,20260317,2,9300.0,5597565.783691406
6552,20260318,2,9300.0,5519537.512207031
6553,20260319,2,9300.0,5502094.3359375
6554,20260320,2,9300.0,5400406.237792969
6555,20260323,2,9300.0,5462397.344970703
6556,20260324,2,9300.0,5425052.032470703
6557,20260325,2,9300.0,5460725.115966797
6558,20260326,2,9300.0,5330388.885498047
6559,20260327,2,9300.0,5226250.909423828
6560,20260330,2,9300.0,5186304.730224609
6561,20260331,2,9300.0,5361881.396484375
6562,20260401,2,9300.0,5428117.785644531
6563,20260402,2,9300.0,5434341.815185547
6564,20260406,2,9300.0,5467042.236328125
6565,20260407,2,9300.0,5467878.350830078
6566,20260408,2,9300.0,5630449.548339844
6567,20260409,2,9300.0,5668537.884521484
6568,20260410,2,9300.0,5676712.847900391
6569,20260413,2,9300.0,5735424.206542969
6570,20260414,2,9300.0,5839562.1826171875
6571,20260415,2,9300.0,5921312.951660156
6572,20260416,2,9300.0,5949832.232666016
6573,20260417,2,9300.0,6027680.56640625
6574,20260420,2,9300.0,6008543.591308594
6575,20260421,2,9300.0,5985690.930175781
6576,20260422,2,9300.0,6085835.0830078125
6577,20260423,2,9300.0,6051555.523681641
6578,20260424,2,9300.0,6167306.579589844
6579,20260427,2,9300.0,6170557.946777344
6580,20260428,2,9300.0,6108502.130126953
6581,20260429,2,9300.0,6145846.875
6582,20260430,2,9300.0,6203164.709472656
6583,20260501,2,9300.0,6262712.750244141
6584,20260504,2,9300.0,6250914.6240234375
6585,20260505,2,9300.0,6332014.324951172
6586,20260506,2,9300.0,6463557.897949219
6587,20260507,2,9300.0,6455847.253417969
6588,20260508,2,9300.0,6607177.734375
6589,20260511,2,9300.0,6626314.709472656
6590,20260512,2,9300.0,6570111.6943359375
6591,20260513,2,9300.0,6639506.927490234
6592,20260514,2,9300.0,6686698.297119141
6593,20260515,2,9300.0,6585811.688232422
6594,20260518,2,9300.0,6557477.453613281
6595,20260519,2,9300.0,6517067.523193359
6596,20260520,2,9300.0,6625014.84375
6597,20260521,2,9300.0,6637648.516845703
6598,20260522,2,9300.0,6665796.569824219
6599,20260526,2,9300.0,6784149.060058594
6600,20260527,2,9300.0,6776438.415527344
6601,20260528,2,9300.0,6833570.068359375
6602,20260529,2,9300.0,6858745.458984375
6603,20260601,2,9300.0,6899899.548339844
6604,20260602,2,9300.0,6931670.196533203
6605,20260603,2,9300.0,6913555.517578125
6606,20260604,2,9300.0,6880112.072753906
6607,20260605,2,9300.0,6549859.899902344
6608,20260608,2,9300.0,6652140.6005859375
6609,20260609,2,9300.0,6575592.7001953125
6610,20260610,2,9300.0,6444235.308837891
6611,20260611,2,9300.0,6661894.7021484375
6612,20260612,2,9300.0,6701097.857666016
6613,20260615,2,9300.0,6911604.583740234
6614,20260616,2,9300.0,6780246.624755859
6615,20260617,2,9300.0,6711966.778564453
6616,20260618,2,9300.0,6880205.163574219
6617,20260622,2,9300.0,6862935.113525391
6618,20260623,2,9300.0,6636945.227050781
6619,20260624,2,9300.0,6608765.954589844
6620,20260625,2,9300.0,6662334.045410156
6621,20260626,2,9300.0,6570636.181640625
6622,20260629,2,9300.0,6733944.158935547
6623,20260630,2,9300.0,6848520.227050781
6624,20260701,2,9300.0,6744080.841064453
6625,20260702,2,9300.0,6627179.772949219
6626,20260706,2,9300.0,6722226.068115234
6627,20260707,2,9300.0,6597698.931884766
6628,20260708,2,9300.0,6616392.022705078
6629,20260709,2,9300.0,6726504.2724609375
6630,20260710,2,9300.0,6747243.0908203125
6631,20260713,2,9300.0,6619181.9091796875
6632,20260714,2,9300.0,6693117.022705078
6633,20260715,2,9300.0,6674981.9091796875
6634,20260716,2,9300.0,6565242.022705078
6635,20260717,2,9300.0,6466569.158935547
6636,20260720,2,9300.0,6473357.977294922
6637,20260721,2,9300.0,6593420.7275390625
6638,20260722,2,9300.0,6559754.772949219
6639,20260723,2,9300.0,6435228.204345703
6640,20260724,2,9300.0,6363338.818359375
6641,20260727,2,9300.0,6343715.954589844
6642,20260728,2,9300.0,6282056.9091796875
6643,20260729,2,9300.0,6154088.818359375
6644,20260730,2,9300.0,6357014.886474609
6645,20260731,2,9300.0,6398306.9091796875
6646,20260803,2,9300.0,6510651.068115234
6647,20260804,2,9300.0,6731804.772949219
6648,20260805,2,9300.0,6670889.886474609
6649,20260806,2,9300.0,6646245.227050781
6650,20260807,2,9300.0,6724179.2724609375
6651,20260810,2,9300.0,6704090.954589844
6652,20260811,2,9300.0,6681585.113525391
6653,20260812,2,9300.0,6730410.113525391
6654,20260813,2,9300.0,6808251.068115234
6655,20260814,2,9300.0,6798951.068115234
6656,20260817,2,9300.0,6787790.954589844
6657,20260818,2,9300.0,6672843.0908203125
6658,20260819,2,9300.0,6659544.158935547
6659,20260820,2,9300.0,6611648.931884766
6660,20260821,2,9300.0,6634992.022705078
6661,20260824,2,9300.0,6568776.068115234
6662,20260825,2,9300.0,6609695.7275390625
6663,20260826,2,9300.0,6615740.954589844
6664,20260827,2,9300.0,6706322.863769531
6665,20260828,2,9300.0,6662798.931884766
6666,20260831,2,9300.0,6665868.0908203125
6667,20210104,5,11500.0,846769.8860168457
6668,20210105,5,11500.0,845327.3849487305
6669,20210106,5,11500.0,841578.1631469727
6670,20210107,5,11500.0,839846.9161987305
6671,20210108,5,11500.0,839077.9800415039
6672,20210111,5,11500.0,838212.0933532715
6673,20210112,5,11500.0,838020.1225280762
6674,20210113,5,11500.0,840231.559753418
6675,20210114,5,11500.0,839174.1409301758
6676,20210115,5,11500.0,839846.9161987305
6677,20210119,5,11500.0,841000.7591247559
6678,20210120,5,11500.0,840904.4227600098
6679,20210121,5,11500.0,839750.9307861328
6680,20210122,5,11500.0,840135.3988647461
6681,20210125,5,11500.0,842058.3534240723
6682,20210126,5,11500.0,841962.2802734375
6683,20210127,5,11500.0,841962.2802734375
6684,20210128,5,11500.0,841289.680480957
6685,20210129,5,11500.0,840616.3787841797
6686,20210201,5,11500.0,840895.3857421875
6687,20210202,5,11500.0,839836.124420166
6688,20210203,5,11500.0,838391.429901123
6689,20210204,5,11500.0,838584.1903686523
6690,20210205,5,11500.0,837428.8558959961
6691,20210208,5,11500.0,838391.429901123
6692,20210209,5,11500.0,838006.7863464355
6693,20210210,5,11500.0,839354.6180725098
6694,20210211,5,11500.0,838488.0294799805
6695,20210212,5,11500.0,836272.819519043
6696,20210216,5,11500.0,832324.9588012695
6697,20210217,5,11500.0,834058.3114624023
6698,20210218,5,11500.0,833576.2786865234
6699,20210219,5,11500.0,830687.8547668457
6700,20210222,5,11500.0,828377.0980834961
6701,20210223,5,11500.0,828183.9866638184
6702,20210224,5,11500.0,827702.3048400879
6703,20210225,5,11500.0,820479.7973632812
6704,20210226,5,11500.0,827606.2316894531
6705,20210301,5,11500.0,826535.4766845703
6706,20210302,5,11500.0,826439.4035339355
6707,20210303,5,11500.0,823834.9876403809
6708,20210304,5,11500.0,821231.0981750488
6709,20210305,5,11500.0,820748.8899230957
6710,20210308,5,11500.0,816987.6480102539
6711,20210309,5,11500.0,819687.6106262207
6712,20210310,5,11500.0,821231.0981750488
6713,20210311,5,11500.0,821327.522277832
6714,20210312,5,11500.0,816408.6647033691
6715,20210315,5,11500.0,817372.9057312012
6716,20210316,5,11500.0,817277.0957946777
6717,20210317,5,11500.0,816987.6480102539
6718,20210318,5,11500.0,813611.7515563965
6719,20210319,5,11500.0,814287.7731323242
6720,20210322,5,11500.0,816601.5129089355
6721,20210323,5,11500.0,818434.4482421875
6722,20210324,5,11500.0,819687.6106262207
6723,20210325,5,11500.0,819109.2414855957
6724,20210326,5,11500.0,817663.0554199219
6725,20210329,5,11500.0,816601.5129089355
6726,20210330,5,11500.0,817469.3298339844
6727,20210331,5,11500.0,817083.8966369629
6728,20210401,5,11500.0,819713.493347168
6729,20210405,5,11500.0,818456.3827514648
6730,20210406,5,11500.0,821356.4758300781
6731,20210407,5,11500.0,820389.8658752441
6732,20210408,5,11500.0,822226.3984680176
6733,20210409,5,11500.0,821162.8379821777
6734,20210412,5,11500.0,820969.5510864258
6735,20210413,5,11500.0,823096.1456298828
6736,20210414,5,11500.0,822516.5481567383
6737,20210415,5,11500.0,825996.2387084961
6738,20210416,5,11500.0,823773.2200622559
6739,20210419,5,11500.0,823289.7834777832
6740,20210420,5,11500.0,824642.9672241211
6741,20210421,5,11500.0,825512.8898620605
6742,20210422,5,11500.0,825899.7268676758
6743,20210423,5,11500.0,825996.2387084961
6744,20210426,5,11500.0,825416.5534973145
6745,20210427,5,11500.0,823289.7834777832
6746,20210428,5,11500.0,823676.1817932129
6747,20210429,5,11500.0,822999.8970031738
6748,20210430,5,11500.0,824159.5306396484
6749,20210503,5,11500.0,824362.6441955566
6750,20210504,5,11500.0,825427.7839660645
6751,20210505,5,11500.0,825912.0979309082
6752,20210506,5,11500.0,826299.2858886719
6753,20210507,5,11500.0,826395.9732055664
6754,20210510,5,11500.0,824459.9456787109
6755,20210511,5,11500.0,822814.0678405762
6756,20210512,5,11500.0,819909.1491699219
6757,20210513,5,11500.0,821555.7289123535
6758,20210514,5,11500.0,823491.6687011719
6759,20210517,5,11500.0,822717.3805236816
6760,20210518,5,11500.0,821845.9663391113
6761,20210519,5,11500.0,820974.9031066895
6762,20210520,5,11500.0,823685.4820251465
6763,20210521,5,11500.0,823879.207611084
6764,20210524,5,11500.0,824847.0458984375
6765,20210525,5,11500.0,826976.9744873047
6766,20210526,5,11500.0,826686.824798584
6767,20210527,5,11500.0,825524.9977111816
6768,20210528,5,11500.0,825427.7839660645
6769,20210601,5,11500.0,825369.7891235352
6770,20210602,5,11500.0,826242.3439025879
6771,20210603,5,11500.0,824691.047668457
6772,20210604,5,11500.0,827988.0676269531
6773,20210607,5,11500.0,827406.1012268066
6774,20210608,5,11500.0,828957.5729370117
6775,20210609,5,11500.0,830605.9074401855
6776,20210610,5,11500.0,832351.3679504395
6777,20210611,5,11500.0,832157.1159362793
6778,20210614,5,11500.0,830024.3797302246
6779,20210615,5,11500.0,830024.3797302246
6780,20210616,5,11500.0,827696.6896057129
6781,20210617,5,11500.0,830508.7814331055
6782,20210618,5,11500.0,833126.7967224121
6783,20210621,5,11500.0,830217.7543640137
6784,20210622,5,11500.0,831381.5994262695
6785,20210623,5,11500.0,830799.8962402344
6786,20210624,5,11500.0,831187.6983642578
6787,20210625,5,11500.0,829635.9634399414
6788,20210628,5,11500.0,831866.0888671875
6789,20210629,5,11500.0,832254.3296813965
6790,20210630,5,11500.0,832836.2083435059
6791,20210701,5,11500.0,832758.3847045898
6792,20210702,5,11500.0,834215.1870727539
6793,20210706,5,11500.0,837225.830078125
6794,20210707,5,11500.0,838973.8349914551
6795,20210708,5,11500.0,839750.7553100586
6796,20210709,5,11500.0,837128.2653808594
6797,20210712,5,11500.0,836837.5015258789
6798,20210713,5,11500.0,834215.1870727539
6799,20210714,5,11500.0,837031.4025878906
6800,20210715,5,11500.0,839071.2242126465
6801,20210716,5,11500.0,838293.8652038574
6802,20210719,5,11500.0,843052.5131225586
6803,20210720,5,11500.0,842178.7300109863
6804,20210721,5,11500.0,839459.0263366699
6805,20210722,5,11500.0,841304.859161377
6806,20210723,5,11500.0,840333.3358764648
6807,20210726,5,11500.0,839847.8813171387
6808,20210727,5,11500.0,841984.3902587891
6809,20210728,5,11500.0,842761.661529541
6810,20210729,5,11500.0,841304.859161377
6811,20210730,5,11500.0,842566.7953491211
6812,20210802,5,11500.0,844570.3811645508
6813,20210803,5,11500.0,844765.4228210449
6814,20210804,5,11500.0,844765.4228210449
6815,20210805,5,11500.0,842819.8318481445
6816,20210806,5,11500.0,838831.9625854492
6817,20210809,5,11500.0,837276.0162353516
6818,20210810,5,11500.0,836010.9214782715
6819,20210811,5,11500.0,836594.6426391602
6820,20210812,5,11500.0,836692.1195983887
6821,20210813,5,11500.0,839999.5803833008
6822,20210816,5,11500.0,840777.3780822754
6823,20210817,5,11500.0,839902.1034240723
6824,20210818,5,11500.0,839707.2372436523
6825,20210819,5,11500.0,841555.2635192871
6826,20210820,5,11500.0,841360.7482910156
6827,20210823,5,11500.0,841555.2635192871
6828,20210824,5,11500.0,839902.1034240723
6829,20210825,5,11500.0,838540.3213500977
6830,20210826,5,11500.0,838637.3596191406
6831,20210827,5,11500.0,841069.1070556641
6832,20210830,5,11500.0,842041.8586730957
6833,20210831,5,11500.0,840971.7178344727
6834,20210901,5,11500.0,841118.3280944824
6835,20210902,5,11500.0,842287.1742248535
6836,20210903,5,11500.0,840533.5540771484
6837,20210907,5,11500.0,838097.9461669922
6838,20210908,5,11500.0,839461.9216918945
6839,20210909,5,11500.0,842482.0404052734
6840,20210910,5,11500.0,840436.4280700684
6841,20210913,5,11500.0,841702.4879455566
6842,20210914,5,11500.0,843748.8021850586
6843,20210915,5,11500.0,842968.9865112305
6844,20210916,5,11500.0,841410.4080200195
6845,20210917,5,11500.0,840338.4246826172
6846,20210920,5,11500.0,842676.3801574707
6847,20210921,5,11500.0,842482.0404052734
6848,20210922,5,11500.0,843358.7188720703
6849,20210923,5,11500.0,838877.2354125977
6850,20210924,5,11500.0,837123.966217041
6851,20210927,5,11500.0,836149.6353149414
6852,20210928,5,11500.0,832545.093536377
6853,20210929,5,11500.0,832642.6582336426
6854,20210930,5,11500.0,832447.6165771484
6855,20211001,5,11500.0,835277.2560119629
6856,20211004,5,11500.0,834691.780090332
6857,20211005,5,11500.0,832642.7459716797
6858,20211006,5,11500.0,833033.0047607422
6859,20211007,5,11500.0,830691.1010742188
6860,20211008,5,11500.0,828642.3301696777
6861,20211011,5,11500.0,827374.2523193359
6862,20211012,5,11500.0,830398.5824584961
6863,20211013,5,11500.0,832642.7459716797
6864,20211014,5,11500.0,834106.3041687012
6865,20211015,5,11500.0,832057.6210021973
6866,20211018,5,11500.0,831569.6220397949
6867,20211019,5,11500.0,829227.8060913086
6868,20211020,5,11500.0,828252.2468566895
6869,20211021,5,11500.0,827081.470489502
6870,20211022,5,11500.0,828837.5473022461
6871,20211025,5,11500.0,829227.8060913086
6872,20211026,5,11500.0,830886.7568969727
6873,20211027,5,11500.0,833911.262512207
6874,20211028,5,11500.0,832837.963104248
6875,20211029,5,11500.0,833033.0047607422
6876,20211101,5,11500.0,832387.866973877
6877,20211102,5,11500.0,833951.4465332031
6878,20211103,5,11500.0,832485.8703613281
6879,20211104,5,11500.0,836297.0352172852
6880,20211105,5,11500.0,838837.4900817871
6881,20211108,5,11500.0,836980.7777404785
6882,20211109,5,11500.0,839326.3664245605
6883,20211110,5,11500.0,833658.4014892578
6884,20211111,5,11500.0,832290.6532287598
6885,20211112,5,11500.0,832387.866973877
6886,20211115,5,11500.0,828967.7505493164
6887,20211116,5,11500.0,828381.3972473145
6888,20211117,5,11500.0,830140.5448913574
6889,20211118,5,11500.0,831117.3324584961
6890,20211119,5,11500.0,832876.8310546875
6891,20211122,5,11500.0,828772.7088928223
6892,20211123,5,11500.0,825449.9816894531
6893,20211124,5,11500.0,827404.0832519531
6894,20211126,5,11500.0,833267.6162719727
6895,20211129,5,11500.0,833169.9638366699
6896,20211130,5,11500.0,834733.2801818848
6897,20211201,5,11500.0,835271.5530395508
6898,20211202,5,11500.0,835369.4686889648
6899,20211203,5,11500.0,838599.6322631836
6900,20211206,5,11500.0,836348.6251831055
6901,20211207,5,11500.0,834488.7542724609
6902,20211208,5,11500.0,831943.8247680664
6903,20211209,5,11500.0,832335.4873657227
6904,20211210,5,11500.0,832628.9710998535
6905,20211213,5,11500.0,835467.2088623047
6906,20211214,5,11500.0,834097.5303649902
6907,20211215,5,11500.0,833020.4582214355
6908,20211216,5,11500.0,834097.5303649902
6909,20211217,5,11500.0,835565.3877258301
6910,20211220,5,11500.0,834195.2705383301
6911,20211221,5,11500.0,833314.0296936035
6912,20211222,5,11500.0,834195.2705383301
6913,20211223,5,11500.0,832928.6842346191
6914,20211227,5,11500.0,833321.1364746094
6915,20211228,5,11500.0,833222.957611084
6916,20211229,5,11500.0,830474.1249084473
6917,20211230,5,11500.0,832339.2601013184
6918,20211231,5,11500.0,832142.9023742676
6919,20220103,5,11500.0,826546.3562011719
6920,20220104,5,11500.0,826448.0895996094
6921,20220105,5,11500.0,823600.4638671875
6922,20220106,5,11500.0,822717.1173095703
6923,20220107,5,11500.0,820458.4770202637
6924,20220110,5,11500.0,819771.4004516602
6925,20220111,5,11500.0,821440.5288696289
6926,20220112,5,11500.0,821146.0800170898
6927,20220113,5,11500.0,822520.5841064453
6928,20220114,5,11500.0,818003.6544799805
6929,20220118,5,11500.0,812898.265838623
6930,20220119,5,11500.0,814861.8431091309
6931,20220120,5,11500.0,815745.4528808594
6932,20220121,5,11500.0,818789.3486022949
6933,20220124,5,11500.0,817512.9356384277
6934,20220125,5,11500.0,816432.7926635742
6935,20220126,5,11500.0,811916.3017272949
6936,20220127,5,11500.0,814567.3065185547
6937,20220128,5,11500.0,815549.2706298828
6938,20220131,5,11500.0,814960.1097106934
6939,20220201,5,11500.0,814635.5667114258
6940,20220202,5,11500.0,815815.731048584
6941,20220203,5,11500.0,812373.3291625977
6942,20220204,5,11500.0,807357.7842712402
6943,20220207,5,11500.0,808046.0014343262
6944,20220208,5,11500.0,805390.4342651367
6945,20220209,5,11500.0,805980.7357788086
6946,20220210,5,11500.0,798604.3357849121
6947,20220211,5,11500.0,803817.2035217285
6948,20220214,5,11500.0,799292.9039001465
6949,20220215,5,11500.0,797620.9678649902
6950,20220216,5,11500.0,798702.7778625488
6951,20220217,5,11500.0,800473.1559753418
6952,20220218,5,11500.0,801849.9412536621
6953,20220222,5,11500.0,801358.4327697754
6954,20220223,5,11500.0,797325.8171081543
6955,20220224,5,11500.0,799095.9320068359
6956,20220225,5,11500.0,799784.5001220703
6957,20220228,5,11500.0,805685.7604980469
6958,20220301,5,11500.0,809911.3998413086
6959,20220302,5,11500.0,799962.2573852539
6960,20220303,5,11500.0,803508.716583252
6961,20220304,5,11500.0,806365.291595459
6962,20220307,5,11500.0,802425.1518249512
6963,20220308,5,11500.0,798682.071685791
6964,20220309,5,11500.0,796514.591217041
6965,20220310,5,11500.0,792279.125213623
6966,20220311,5,11500.0,791687.9463195801
6967,20220314,5,11500.0,784398.4069824219
6968,20220315,5,11500.0,785679.7332763672
6969,20220316,5,11500.0,786861.3014221191
6970,20220317,5,11500.0,787550.8346557617
6971,20220318,5,11500.0,789816.40625
6972,20220321,5,11500.0,781739.0670776367
6973,20220322,5,11500.0,779769.0849304199
6974,20220323,5,11500.0,783315.3686523438
6975,20220324,5,11500.0,782329.9827575684
6976,20220325,5,11500.0,775434.4749450684
6977,20220328,5,11500.0,777700.2220153809
6978,20220329,5,11500.0,781147.9759216309
6979,20220330,5,11500.0,782921.1616516113
6980,20220331,5,11500.0,783512.1650695801
6981,20220401,5,11500.0,781813.4689331055
6982,20220404,5,11500.0,782406.1393737793
6983,20220405,5,11500.0,774505.9432983398
6984,20220406,5,11500.0,772136.2266540527
6985,20220407,5,11500.0,770556.0646057129
6986,20220408,5,11500.0,766408.3366394043
6987,20220411,5,11500.0,762853.4545898438
6988,20220412,5,11500.0,765322.0520019531
6989,20220413,5,11500.0,766210.6628417969
6990,20220414,5,11500.0,760977.352142334
6991,20220418,5,11500.0,758508.228302002
6992,20220419,5,11500.0,753768.3563232422
6993,20220420,5,11500.0,758508.228302002
6994,20220421,5,11500.0,754459.4688415527
6995,20220422,5,11500.0,753472.240447998
6996,20220425,5,11500.0,758211.9369506836
6997,20220426,5,11500.0,760187.2711181641
6998,20220427,5,11500.0,757817.2035217285
6999,20220428,5,11500.0,757520.7366943359
7000,20220429,5,11500.0,752385.6048583984
7001,20220502,5,11500.0,748537.1513366699
7002,20220503,5,11500.0,750317.7947998047
7003,20220504,5,11500.0,755166.1109924316
7004,20220505,5,11500.0,747646.785736084
7005,20220506,5,11500.0,744481.0218811035
7006,20220509,5,11500.0,747844.5472717285
7007,20220510,5,11500.0,750021.240234375
7008,20220511,5,11500.0,752593.4562683105
7009,20220512,5,11500.0,754077.5451660156
7010,20220513,5,11500.0,751307.3921203613
7011,20220516,5,11500.0,752494.2245483398
7012,20220517,5,11500.0,748042.308807373
7013,20220518,5,11500.0,751207.9849243164
7014,20220519,5,11500.0,752791.2178039551
7015,20220520,5,11500.0,755066.967010498
7016,20220523,5,11500.0,752395.7824707031
7017,20220524,5,11500.0,758529.3731689453
7018,20220525,5,11500.0,761596.2562561035
7019,20220526,5,11500.0,760804.859161377
7020,20220527,5,11500.0,762981.5521240234
7021,20220531,5,11500.0,758628.7803649902
7022,20220601,5,11500.0,755238.4071350098
7023,20220602,5,11500.0,755932.1517944336
7024,20220603,5,11500.0,754841.9189453125
7025,20220606,5,11500.0,750381.404876709
7026,20220607,5,11500.0,752958.4465026855
7027,20220608,5,11500.0,749885.5094909668
7028,20220609,5,11500.0,748894.4206237793
7029,20220610,5,11500.0,742550.1708984375
7030,20220613,5,11500.0,730555.8109283447
7031,20220614,5,11500.0,726591.1483764648
7032,20220615,5,11500.0,734917.6635742188
7033,20220616,5,11500.0,736503.5285949707
7034,20220617,5,11500.0,736899.8413085938
7035,20220621,5,11500.0,733529.5600891113
7036,20220622,5,11500.0,739576.5533447266
7037,20220623,5,11500.0,743145.1225280762
7038,20220624,5,11500.0,741757.5454711914
7039,20220627,5,11500.0,738188.6253356934
7040,20220628,5,11500.0,738585.4644775391
7041,20220629,5,11500.0,742847.6905822754
7042,20220630,5,11500.0,746019.5960998535
7043,20220701,5,11500.0,751968.936920166
7044,20220705,5,11500.0,753260.5285644531
7045,20220706,5,11500.0,748691.3070678711
7046,20220707,5,11500.0,746605.6861877441
7047,20220708,5,11500.0,744122.7874755859
7048,20220711,5,11500.0,746903.7322998047
7049,20220712,5,11500.0,748194.8852539062
7050,20220713,5,11500.0,750578.6399841309
7051,20220714,5,11500.0,748194.8852539062
7052,20220715,5,11500.0,750876.4228820801
7053,20220718,5,11500.0,748592.0753479004
7054,20220719,5,11500.0,747996.3340759277
7055,20220720,5,11500.0,747300.8346557617
7056,20220721,5,11500.0,753459.0797424316
7057,20220722,5,11500.0,759616.9738769531
7058,20220725,5,11500.0,756836.0290527344
7059,20220726,5,11500.0,757034.4047546387
7060,20220727,5,11500.0,759120.5520629883
7061,20220728,5,11500.0,764384.3955993652
7062,20220729,5,11500.0,763788.3911132812
7063,20220801,5,11500.0,767102.4322509766
7064,20220802,5,11500.0,759340.0726318359
7065,20220803,5,11500.0,763122.0207214355
7066,20220804,5,11500.0,765012.5999450684
7067,20220805,5,11500.0,756354.2594909668
7068,20220808,5,11500.0,759738.2278442383
7069,20220809,5,11500.0,758046.3752746582
7070,20220810,5,11500.0,760136.1198425293
7071,20220811,5,11500.0,755856.8725585938
7072,20220812,5,11500.0,759340.0726318359
7073,20220815,5,11500.0,760136.1198425293
7074,20220816,5,11500.0,759140.380859375
7075,20220817,5,11500.0,754662.670135498
7076,20220818,5,11500.0,756055.6869506836
7077,20220819,5,11500.0,751278.7895202637
7078,20220822,5,11500.0,747895.3475952148
7079,20220823,5,11500.0,747596.5995788574
7080,20220824,5,11500.0,745705.6694030762
7081,20220825,5,11500.0,749786.1022949219
7082,20220826,5,11500.0,748293.1518554688
7083,20220829,5,11500.0,744909.3589782715
7084,20220830,5,11500.0,745506.4163208008
7085,20220831,5,11500.0,742421.5469360352
7086,20220901,5,11500.0,738392.3530578613
7087,20220902,5,11500.0,740287.3191833496
7088,20220906,5,11500.0,733605.4973602295
7089,20220907,5,11500.0,738891.1437988281
7090,20220908,5,11500.0,736597.3205566406
7091,20220909,5,11500.0,736298.4848022461
7092,20220912,5,11500.0,735400.4859924316
7093,20220913,5,11500.0,731710.750579834
7094,20220914,5,11500.0,732608.3984375
7095,20220915,5,11500.0,730414.2456054688
7096,20220916,5,11500.0,729616.3558959961
7097,20220919,5,11500.0,729117.9161071777
7098,20220920,5,11500.0,725527.7633666992
7099,20220921,5,11500.0,727522.0928192139
7100,20220922,5,11500.0,720042.4251556396
7101,20220923,5,11500.0,718047.6131439209
7102,20220926,5,11500.0,708872.7149963379
7103,20220927,5,11500.0,705780.9143066406
7104,20220928,5,11500.0,716751.5029907227
7105,20220929,5,11500.0,713061.2411499023
7106,20220930,5,11500.0,711365.9229278564
7107,20221003,5,11500.0,717322.6337432861
7108,20221004,5,11500.0,719121.8338012695
7109,20221005,5,11500.0,715323.7857818604
7110,20221006,5,11500.0,712625.0953674316
7111,20221007,5,11500.0,708927.1564483643
7112,20221010,5,11500.0,705728.7979125977
7113,20221011,5,11500.0,705928.6212921143
7114,20221012,5,11500.0,706728.2218933105
7115,20221013,5,11500.0,704229.2671203613
7116,20221014,5,11500.0,700831.6116333008
7117,20221017,5,11500.0,702330.7914733887
7118,20221018,5,11500.0,703929.817199707
7119,20221019,5,11500.0,698132.833480835
7120,20221020,5,11500.0,693435.0757598877
7121,20221021,5,11500.0,694634.6740722656
7122,20221024,5,11500.0,693635.425567627
7123,20221025,5,11500.0,700231.6589355469
7124,20221026,5,11500.0,703030.2391052246
7125,20221027,5,11500.0,706728.2218933105
7126,20221028,5,11500.0,705328.9318084717
7127,20221031,5,11500.0,703130.3482055664
7128,20221101,5,11500.0,703861.5570068359
7129,20221102,5,11500.0,702759.6111297607
7130,20221103,5,11500.0,700054.6474456787
7131,20221104,5,11500.0,700255.1288604736
7132,20221107,5,11500.0,697550.121307373
7133,20221108,5,11500.0,700655.6968688965
7134,20221109,5,11500.0,701657.7968597412
7135,20221110,5,11500.0,716183.7062835693
7136,20221111,5,11500.0,716183.7062835693
7137,20221114,5,11500.0,713879.3544769287
7138,20221115,5,11500.0,718888.3190155029
7139,20221116,5,11500.0,722995.7313537598
7140,20221117,5,11500.0,719990.5281066895
7141,20221118,5,11500.0,718788.3415222168
7142,20221121,5,11500.0,718788.3415222168
7143,20221122,5,11500.0,722494.966506958
7144,20221123,5,11500.0,726902.7938842773
7145,20221125,5,11500.0,726902.7938842773
7146,20221128,5,11500.0,726001.0662078857
7147,20221129,5,11500.0,723296.760559082
7148,20221130,5,11500.0,728906.4235687256
7149,20221201,5,11500.0,734981.0981750488
7150,20221202,5,11500.0,737993.4959411621
7151,20221205,5,11500.0,732169.620513916
7152,20221206,5,11500.0,734579.1702270508
7153,20221207,5,11500.0,741005.3672790527
7154,20221208,5,11500.0,738896.8467712402
7155,20221209,5,11500.0,734579.1702270508
7156,20221212,5,11500.0,734579.1702270508
7157,20221213,5,11500.0,739599.8039245605
7158,20221214,5,11500.0,741407.1197509766
7159,20221215,5,11500.0,741809.0476989746
7160,20221216,5,11500.0,739900.8331298828
7161,20221219,5,11500.0,735483.1352233887
7162,20221220,5,11500.0,730663.7287139893
7163,20221221,5,11500.0,732370.6722259521
7164,20221222,5,11500.0,732269.8612213135
7165,20221223,5,11500.0,729975.5115509033
7166,20221227,5,11500.0,724339.3955230713
7167,20221228,5,11500.0,723332.6454162598
7168,20221229,5,11500.0,726050.0240325928
7169,20221230,5,11500.0,723030.782699585
7170,20230103,5,11500.0,726855.3714752197
7171,20230104,5,11500.0,730981.7790985107
7172,20230105,5,11500.0,730176.8703460693
7173,20230106,5,11500.0,738228.1951904297
7174,20230109,5,11500.0,740241.2567138672
7175,20230110,5,11500.0,737322.2999572754
7176,20230111,5,11500.0,741247.6997375488
7177,20230112,5,11500.0,746984.6267700195
7178,20230113,5,11500.0,744468.2121276855
7179,20230117,5,11500.0,743462.1200561523
7180,20230118,5,11500.0,750305.7746887207
7181,20230119,5,11500.0,748795.8908081055
7182,20230120,5,11500.0,745474.6551513672
7183,20230123,5,11500.0,743663.0401611328
7184,20230124,5,11500.0,746984.6267700195
7185,20230125,5,11500.0,747890.2587890625
7186,20230126,5,11500.0,746481.0981750488
7187,20230127,5,11500.0,745675.7507324219
7188,20230130,5,11500.0,743562.6678466797
7189,20230131,5,11500.0,746984.6267700195
7190,20230201,5,11500.0,751786.1785888672
7191,20230202,5,11500.0,752291.1109924316
7192,20230203,5,11500.0,745632.6713562012
7193,20230206,5,11500.0,740991.5924072266
7194,20230207,5,11500.0,739983.0436706543
7195,20230208,5,11500.0,741294.2008972168
7196,20230209,5,11500.0,738268.0282592773
7197,20230210,5,11500.0,735140.6059265137
7198,20230213,5,11500.0,737158.317565918
7199,20230214,5,11500.0,734636.0244750977
7200,20230215,5,11500.0,733021.7761993408
7201,20230216,5,11500.0,730197.093963623
7202,20230217,5,11500.0,731811.2983703613
7203,20230221,5,11500.0,725455.8181762695
7204,20230222,5,11500.0,727069.5838928223
7205,20230223,5,11500.0,729692.7318572998
7206,20230224,5,11500.0,725657.3963165283
7207,20230227,5,11500.0,726868.0934906006
7208,20230228,5,11500.0,727069.5838928223
7209,20230301,5,11500.0,722762.2604370117
7210,20230302,5,11500.0,721245.6207275391
7211,20230303,5,11500.0,726806.9400787354
7212,20230306,5,11500.0,725088.2396697998
7213,20230307,5,11500.0,724279.03175354
7214,20230308,5,11500.0,723672.6741790771
7215,20230309,5,11500.0,726099.0257263184
7216,20230310,5,11500.0,734795.093536377
7217,20230313,5,11500.0,740659.4161987305
7218,20230314,5,11500.0,736008.3351135254
7219,20230315,5,11500.0,743591.9723510742
7220,20230316,5,11500.0,740052.9708862305
7221,20230317,5,11500.0,745412.3611450195
7222,20230320,5,11500.0,742176.2313842773
7223,20230321,5,11500.0,740154.1328430176
7224,20230322,5,11500.0,746726.0627746582
7225,20230323,5,11500.0,748445.4650878906
7226,20230324,5,11500.0,749962.3680114746
7227,20230327,5,11500.0,742176.2313842773
7228,20230328,5,11500.0,740861.6523742676
7229,20230329,5,11500.0,741670.8602905273
7230,20230330,5,11500.0,742681.8656921387
7231,20230331,5,11500.0,746524.1775512695
7232,20230403,5,11500.0,749697.0481872559
7233,20230404,5,11500.0,752738.0485534668
7234,20230405,5,11500.0,754765.1481628418
7235,20230406,5,11500.0,754562.6487731934
7236,20230410,5,11500.0,749494.1101074219
7237,20230411,5,11500.0,749798.2978820801
7238,20230412,5,11500.0,750609.3482971191
7239,20230413,5,11500.0,750203.8230895996
7240,20230414,5,11500.0,746858.7226867676
7241,20230417,5,11500.0,742804.084777832
7242,20230418,5,11500.0,743919.2352294922
7243,20230419,5,11500.0,742905.7731628418
7244,20230420,5,11500.0,746149.1851806641
7245,20230421,5,11500.0,744831.0966491699
7246,20230424,5,11500.0,747771.0227966309
7247,20230425,5,11500.0,752636.360168457
7248,20230426,5,11500.0,750000.9727478027
7249,20230427,5,11500.0,746757.3852539062
7250,20230428,5,11500.0,750913.4483337402
7251,20230501,5,11500.0,743190.746307373
7252,20230502,5,11500.0,750506.9580078125
7253,20230503,5,11500.0,753656.9290161133
7254,20230504,5,11500.0,752640.4838562012
7255,20230505,5,11500.0,749896.915435791
7256,20230508,5,11500.0,746340.6295776367
7257,20230509,5,11500.0,745527.8244018555
7258,20230510,5,11500.0,750100.2044677734
7259,20230511,5,11500.0,752539.0586853027
7260,20230512,5,11500.0,748576.2825012207
7261,20230515,5,11500.0,746645.1683044434
7262,20230516,5,11500.0,744816.707611084
7263,20230517,5,11500.0,743495.6359863281
7264,20230518,5,11500.0,740447.1778869629
7265,20230519,5,11500.0,738414.9017333984
7266,20230522,5,11500.0,738211.8759155273
7267,20230523,5,11500.0,738720.0546264648
7268,20230524,5,11500.0,736687.5152587891
7269,20230525,5,11500.0,733944.1223144531
7270,20230526,5,11500.0,734858.3965301514
7271,20230530,5,11500.0,739735.6224060059
7272,20230531,5,11500.0,742174.3011474609
7273,20230601,5,11500.0,744181.8351745605
7274,20230602,5,11500.0,740004.8904418945
7275,20230605,5,11500.0,740106.9297790527
7276,20230606,5,11500.0,741125.2174377441
7277,20230607,5,11500.0,736948.7113952637
7278,20230608,5,11500.0,740615.8981323242
7279,20230609,5,11500.0,739087.9402160645
7280,20230612,5,11500.0,740615.8981323242
7281,20230613,5,11500.0,737356.0791015625
7282,20230614,5,11500.0,737967.3500061035
7283,20230615,5,11500.0,742551.399230957
7284,20230616,5,11500.0,740921.8406677246
7285,20230620,5,11500.0,741940.3915405273
7286,20230621,5,11500.0,743162.9333496094
7287,20230622,5,11500.0,739597.6104736328
7288,20230623,5,11500.0,741736.6638183594
7289,20230626,5,11500.0,742653.1753540039
7290,20230627,5,11500.0,741227.2567749023
7291,20230628,5,11500.0,743570.3010559082
7292,20230629,5,11500.0,737967.3500061035
7293,20230630,5,11500.0,740513.9465332031
7294,20230703,5,11500.0,738410.1638793945
7295,20230705,5,11500.0,735346.1761474609
7296,20230706,5,11500.0,730648.4622955322
7297,20230707,5,11500.0,730239.559173584
7298,20230710,5,11500.0,732793.0431365967
7299,20230711,5,11500.0,734324.9492645264
7300,20230712,5,11500.0,740146.4996337891
7301,20230713,5,11500.0,744640.3541564941
7302,20230714,5,11500.0,741167.6826477051
7303,20230717,5,11500.0,741985.050201416
7304,20230718,5,11500.0,742904.0184020996
7305,20230719,5,11500.0,744640.3541564941
7306,20230720,5,11500.0,741167.6826477051
7307,20230721,5,11500.0,741678.581237793
7308,20230724,5,11500.0,740452.9685974121
7309,20230725,5,11500.0,739635.7765197754
7310,20230726,5,11500.0,742086.9140625
7311,20230727,5,11500.0,735754.903793335
7312,20230728,5,11500.0,738308.1245422363
7313,20230731,5,11500.0,739635.7765197754
7314,20230801,5,11500.0,735058.3953857422
7315,20230802,5,11500.0,732703.1555175781
7316,20230803,5,11500.0,728197.1492767334
7317,20230804,5,11500.0,734238.9221191406
7318,20230807,5,11500.0,733112.585067749
7319,20230808,5,11500.0,735775.2151489258
7320,20230809,5,11500.0,735979.907989502
7321,20230810,5,11500.0,731883.7261199951
7322,20230811,5,11500.0,729528.5301208496
7323,20230814,5,11500.0,728606.6665649414
7324,20230815,5,11500.0,726968.0271148682
7325,20230816,5,11500.0,724920.3090667725
7326,20230817,5,11500.0,724203.6209106445
7327,20230818,5,11500.0,725739.4752502441
7328,20230821,5,11500.0,722257.6351165771
7329,20230822,5,11500.0,723179.4109344482
7330,20230823,5,11500.0,729733.3984375
7331,20230824,5,11500.0,727992.1932220459
7332,20230825,5,11500.0,727992.1932220459
7333,20230828,5,11500.0,729323.7934112549
7334,20230829,5,11500.0,733829.3609619141
7335,20230830,5,11500.0,733522.2339630127
7336,20230831,5,11500.0,734751.1806488037
7337,20230901,5,11500.0,731218.5401916504
7338,20230905,5,11500.0,727213.8690948486
7339,20230906,5,11500.0,726392.5094604492
7340,20230907,5,11500.0,728857.027053833
7341,20230908,5,11500.0,729062.1147155762
7342,20230911,5,11500.0,727932.7507019043
7343,20230912,5,11500.0,728446.4130401611
7344,20230913,5,11500.0,729575.8647918701
7345,20230914,5,11500.0,728343.2331085205
7346,20230915,5,11500.0,726906.171798706
7347,20230918,5,11500.0,727624.6585845947
7348,20230919,5,11500.0,726084.5050811768
7349,20230920,5,11500.0,725160.1409912109
7350,20230921,5,11500.0,720642.0707702637
7351,20230922,5,11500.0,723619.987487793
7352,20230925,5,11500.0,718280.294418335
7353,20230926,5,11500.0,717561.6321563721
7354,20230927,5,11500.0,714994.5049285889
7355,20230928,5,11500.0,716842.7066802979
7356,20230929,5,11500.0,716534.6145629883
7357,20231002,5,11500.0,711612.9932403564
7358,20231003,5,11500.0,705846.8055725098
7359,20231004,5,11500.0,710480.2513122559
7360,20231005,5,11500.0,710994.8787689209
7361,20231006,5,11500.0,708215.0745391846
7362,20231009,5,11500.0,715422.6665496826
7363,20231010,5,11500.0,714702.0301818848
7364,20231011,5,11500.0,717996.9444274902
7365,20231012,5,11500.0,711818.9144134521
7366,20231013,5,11500.0,715113.8286590576
7367,20231016,5,11500.0,711406.8088531494
7368,20231017,5,11500.0,706773.5824584961
7369,20231018,5,11500.0,703684.4577789307
7370,20231019,5,11500.0,700595.2014923096
7371,20231020,5,11500.0,703169.6109771729
7372,20231023,5,11500.0,705846.8055725098
7373,20231024,5,11500.0,708215.0745391846
7374,20231025,5,11500.0,702860.5976104736
7375,20231026,5,11500.0,707597.3110198975
7376,20231027,5,11500.0,707597.3110198975
7377,20231030,5,11500.0,705846.8055725098
7378,20231031,5,11500.0,705640.7089233398
7379,20231101,5,11500.0,712487.7853393555
7380,20231102,5,11500.0,716618.6676025391
7381,20231103,5,11500.0,720852.949142456
7382,20231106,5,11500.0,717754.7874450684
7383,20231107,5,11500.0,721369.4190979004
7384,20231108,5,11500.0,723641.3955688477
7385,20231109,5,11500.0,718271.520614624
7386,20231110,5,11500.0,719614.0441894531
7387,20231113,5,11500.0,719407.0701599121
7388,20231114,5,11500.0,728185.6555938721
7389,20231115,5,11500.0,724157.9093933105
7390,20231116,5,11500.0,728495.3708648682
7391,20231117,5,11500.0,729528.2230377197
7392,20231120,5,11500.0,730560.5487823486
7393,20231121,5,11500.0,731593.4886932373
7394,20231122,5,11500.0,732213.0947113037
7395,20231124,5,11500.0,728701.9500732422
7396,20231127,5,11500.0,733142.635345459
7397,20231128,5,11500.0,736240.665435791
7398,20231129,5,11500.0,740062.0079040527
7399,20231130,5,11500.0,737686.7637634277
7400,20231201,5,11500.0,743703.9260864258
7401,20231204,5,11500.0,740700.4776000977
7402,20231205,5,11500.0,745464.5652770996
7403,20231206,5,11500.0,747639.3280029297
7404,20231207,5,11500.0,747432.0907592773
7405,20231208,5,11500.0,743807.3692321777
7406,20231211,5,11500.0,743911.1633300781
7407,20231212,5,11500.0,746085.9260559082
7408,20231213,5,11500.0,755613.8381958008
7409,20231214,5,11500.0,761309.9670410156
7410,20231215,5,11500.0,760170.7763671875
7411,20231218,5,11500.0,758617.1989440918
7412,20231219,5,11500.0,760067.4209594727
7413,20231220,5,11500.0,762552.864074707
7414,20231221,5,11500.0,762449.1577148438
7415,20231222,5,11500.0,761940.1893615723
7416,20231226,5,11500.0,762667.537689209
7417,20231227,5,11500.0,767548.755645752
7418,20231228,5,11500.0,765679.2335510254
7419,20231229,5,11500.0,763913.7687683105
7420,20240102,5,11500.0,760693.8705444336
7421,20240103,5,11500.0,761317.2492980957
7422,20240104,5,11500.0,757889.5874023438
7423,20240105,5,11500.0,755604.5379638672
7424,20240108,5,11500.0,758928.4934997559
7425,20240109,5,11500.0,758824.348449707
7426,20240110,5,11500.0,757474.235534668
7427,20240111,5,11500.0,761420.955657959
7428,20240112,5,11500.0,762979.0077209473
7429,20240116,5,11500.0,757578.2051086426
7430,20240117,5,11500.0,755812.3893737793
7431,20240118,5,11500.0,754773.6587524414
7432,20240119,5,11500.0,754773.6587524414
7433,20240122,5,11500.0,756020.1530456543
7434,20240123,5,11500.0,754254.337310791
7435,20240124,5,11500.0,752696.6361999512
7436,20240125,5,11500.0,756227.9167175293
7437,20240126,5,11500.0,755085.1287841797
7438,20240129,5,11500.0,758097.2633361816
7439,20240130,5,11500.0,759447.7272033691
7440,20240131,5,11500.0,762667.537689209
7441,20240201,5,11500.0,767271.3279724121
7442,20240202,5,11500.0,760396.5263366699
7443,20240205,5,11500.0,754355.1483154297
7444,20240206,5,11500.0,757897.045135498
7445,20240207,5,11500.0,756438.4002685547
7446,20240208,5,11500.0,754459.2933654785
7447,20240209,5,11500.0,753834.2475891113
7448,20240212,5,11500.0,754042.537689209
7449,20240213,5,11500.0,747480.2589416504
7450,20240214,5,11500.0,750292.7017211914
7451,20240215,5,11500.0,752375.7781982422
7452,20240216,5,11500.0,749980.0910949707
7453,20240220,5,11500.0,750917.4842834473
7454,20240221,5,11500.0,748834.4078063965
7455,20240222,5,11500.0,749147.0184326172
7456,20240223,5,11500.0,751854.8774719238
7457,20240226,5,11500.0,750500.904083252
7458,20240227,5,11500.0,749355.2207946777
7459,20240228,5,11500.0,751021.8048095703
7460,20240229,5,11500.0,752271.7208862305
7461,20240301,5,11500.0,755426.4297485352
7462,20240304,5,11500.0,753650.6996154785
7463,20240305,5,11500.0,757724.3766784668
7464,20240306,5,11500.0,759082.2105407715
7465,20240307,5,11500.0,760335.8116149902
7466,20240308,5,11500.0,761067.0204162598
7467,20240311,5,11500.0,760753.7956237793
7468,20240312,5,11500.0,758455.7609558105
7469,20240313,5,11500.0,757202.1598815918
7470,20240314,5,11500.0,752710.4988098145
7471,20240315,5,11500.0,752292.5148010254
7472,20240318,5,11500.0,751352.7526855469
7473,20240319,5,11500.0,753337.2993469238
7474,20240320,5,11500.0,754695.7473754883
7475,20240321,5,11500.0,755322.021484375
7476,20240322,5,11500.0,757829.0481567383
7477,20240325,5,11500.0,756366.8937683105
7478,20240326,5,11500.0,756993.4310913086
7479,20240327,5,11500.0,759604.7782897949
7480,20240328,5,11500.0,758664.5774841309
7481,20240401,5,11500.0,753488.9106750488
7482,20240402,5,11500.0,752650.749206543
7483,20240403,5,11500.0,753174.5452880859
7484,20240404,5,11500.0,754746.5476989746
7485,20240405,5,11500.0,750974.6017456055
7486,20240408,5,11500.0,750346.134185791
7487,20240409,5,11500.0,753069.8738098145
7488,20240410,5,11500.0,744269.3099975586
7489,20240411,5,11500.0,744269.3099975586
7490,20240412,5,11500.0,745945.8961486816
7491,20240415,5,11500.0,741021.7742919922
7492,20240416,5,11500.0,739135.8451843262
7493,20240417,5,11500.0,742697.9217529297
7494,20240418,5,11500.0,740707.3211669922
7495,20240419,5,11500.0,741650.2418518066
7496,20240422,5,11500.0,741964.7827148438
7497,20240423,5,11500.0,743326.4770507812
7498,20240424,5,11500.0,741440.8111572266
7499,20240425,5,11500.0,739345.100402832
7500,20240426,5,11500.0,741021.7742919922
7501,20240429,5,11500.0,743221.8933105469
7502,20240430,5,11500.0,740393.1312561035
7503,20240501,5,11500.0,743062.2100830078
7504,20240502,5,11500.0,746004.6806335449
7505,20240503,5,11500.0,749787.5938415527
7506,20240506,5,11500.0,750523.365020752
7507,20240507,5,11500.0,751994.6441650391
7508,20240508,5,11500.0,750207.9467773438
7509,20240509,5,11500.0,752204.6890258789
7510,20240510,5,11500.0,750103.099822998
7511,20240513,5,11500.0,750733.4976196289
7512,20240514,5,11500.0,752940.1969909668
7513,20240515,5,11500.0,757774.299621582
7514,20240516,5,11500.0,756512.9776000977
7515,20240517,5,11500.0,754621.5209960938
7516,20240520,5,11500.0,753886.0130310059
7517,20240521,5,11500.0,755462.1391296387
7518,20240522,5,11500.0,754516.3230895996
7519,20240523,5,11500.0,752309.886932373
7520,20240524,5,11500.0,753150.5928039551
7521,20240528,5,11500.0,749577.63671875
7522,20240529,5,11500.0,746845.1232910156
7523,20240530,5,11500.0,750103.099822998
7524,20240531,5,11500.0,752835.0868225098
7525,20240603,5,11500.0,757041.072845459
7526,20240604,5,11500.0,759886.9438171387
7527,20240605,5,11500.0,761995.0256347656
7528,20240606,5,11500.0,762100.5744934082
7529,20240607,5,11500.0,755986.9003295898
7530,20240610,5,11500.0,754827.4421691895
7531,20240611,5,11500.0,757884.147644043
7532,20240612,5,11500.0,761362.6976013184
7533,20240613,5,11500.0,764735.6986999512
7534,20240614,5,11500.0,765895.1568603516
7535,20240617,5,11500.0,763049.2858886719
7536,20240618,5,11500.0,765684.497833252
7537,20240620,5,11500.0,764208.8317871094
7538,20240621,5,11500.0,764419.5785522461
7539,20240624,5,11500.0,764841.3352966309
7540,20240625,5,11500.0,765262.7410888672
7541,20240626,5,11500.0,761678.9054870605
7542,20240627,5,11500.0,763049.2858886719
7543,20240628,5,11500.0,759465.3625488281
7544,20240701,5,11500.0,755458.1031799316
7545,20240702,5,11500.0,757678.4896850586
7546,20240703,5,11500.0,762013.4506225586
7547,20240705,5,11500.0,765502.6168823242
7548,20240708,5,11500.0,765502.6168823242
7549,20240709,5,11500.0,765185.7070922852
7550,20240710,5,11500.0,765819.7898864746
7551,20240711,5,11500.0,769626.1291503906
7552,20240712,5,11500.0,771635.066986084
7553,20240715,5,11500.0,769203.3195495605
7554,20240716,5,11500.0,772163.7763977051
7555,20240717,5,11500.0,772903.8467407227
7556,20240718,5,11500.0,770895.0843811035
7557,20240719,5,11500.0,768886.1465454102
7558,20240722,5,11500.0,768569.0612792969
7559,20240723,5,11500.0,768674.6101379395
7560,20240724,5,11500.0,766454.3991088867
7561,20240725,5,11500.0,768145.9007263184
7562,20240726,5,11500.0,771212.1696472168
7563,20240729,5,11500.0,772163.7763977051
7564,20240730,5,11500.0,773115.4708862305
7565,20240731,5,11500.0,777344.5320129395
7566,20240801,5,11500.0,780250.6790161133
7567,20240802,5,11500.0,789159.5115661621
7568,20240805,5,11500.0,788416.8968200684
7569,20240806,5,11500.0,783538.4864807129
7570,20240807,5,11500.0,781629.4822692871
7571,20240808,5,11500.0,780462.5663757324
7572,20240809,5,11500.0,783220.1728820801
7573,20240812,5,11500.0,784598.8006591797
7574,20240813,5,11500.0,787568.5577392578
7575,20240814,5,11500.0,789053.0853271484
7576,20240815,5,11500.0,785765.3656005859
7577,20240816,5,11500.0,787462.2192382812
7578,20240819,5,11500.0,788416.8968200684
7579,20240820,5,11500.0,790750.2021789551
7580,20240821,5,11500.0,792447.2312927246
7581,20240822,5,11500.0,789265.4113769531
7582,20240823,5,11500.0,792765.2816772461
7583,20240826,5,11500.0,791916.7671203613
7584,20240827,5,11500.0,791916.7671203613
7585,20240828,5,11500.0,791386.3906860352
7586,20240829,5,11500.0,790220.0012207031
7587,20240830,5,11500.0,788628.8719177246
7588,20240903,5,11500.0,791990.4670715332
7589,20240904,5,11500.0,795501.2168884277
7590,20240905,5,11500.0,797416.0118103027
7591,20240906,5,11500.0,798373.3215332031
7592,20240909,5,11500.0,799437.2329711914
7593,20240910,5,11500.0,802096.3096618652
7594,20240911,5,11500.0,801671.2188720703
7595,20240912,5,11500.0,800820.1599121094
7596,20240913,5,11500.0,802522.2778320312
7597,20240916,5,11500.0,804649.7497558594
7598,20240917,5,11500.0,803585.8383178711
7599,20240918,5,11500.0,801139.2631530762
7600,20240919,5,11500.0,801139.2631530762
7601,20240920,5,11500.0,801032.8369140625
7602,20240923,5,11500.0,800500.8811950684
7603,20240924,5,11500.0,801458.366394043
7604,20240925,5,11500.0,798479.8355102539
7605,20240926,5,11500.0,798479.8355102539
7606,20240927,5,11500.0,800820.1599121094
7607,20240930,5,11500.0,799011.5280151367
7608,20241001,5,11500.0,801369.4877624512
7609,20241002,5,11500.0,799875.7476806641
7610,20241003,5,11500.0,796355.0834655762
7611,20241004,5,11500.0,791126.7738342285
7612,20241007,5,11500.0,788779.956817627
7613,20241008,5,11500.0,789953.3653259277
7614,20241009,5,11500.0,787819.4007873535
7615,20241010,5,11500.0,787499.4201660156
7616,20241011,5,11500.0,787606.1973571777
7617,20241014,5,11500.0,787072.6623535156
7618,20241015,5,11500.0,790166.7442321777
7619,20241016,5,11500.0,791233.4632873535
7620,20241017,5,11500.0,787392.8184509277
7621,20241018,5,11500.0,787819.4007873535
7622,20241021,5,11500.0,782484.8403930664
7623,20241022,5,11500.0,782804.9964904785
7624,20241023,5,11500.0,780884.4108581543
7625,20241024,5,11500.0,782164.5088195801
7626,20241025,5,11500.0,780564.4302368164
7627,20241028,5,11500.0,779604.3128967285
7628,20241029,5,11500.0,780244.0986633301
7629,20241030,5,11500.0,779497.4479675293
7630,20241031,5,11500.0,779390.8462524414
7631,20241101,5,11500.0,776372.6577758789
7632,20241104,5,11500.0,779476.390838623
7633,20241105,5,11500.0,781402.6794433594
7634,20241106,5,11500.0,774981.3079833984
7635,20241107,5,11500.0,780760.7002258301
7636,20241108,5,11500.0,782259.0026855469
7637,20241111,5,11500.0,780760.7002258301
7638,20241112,5,11500.0,776051.6242980957
7639,20241113,5,11500.0,775730.4153442383
7640,20241114,5,11500.0,775516.4222717285
7641,20241115,5,11500.0,775730.4153442383
7642,20241118,5,11500.0,776479.6981811523
7643,20241119,5,11500.0,777870.9602355957
7644,20241120,5,11500.0,777014.7247314453
7645,20241121,5,11500.0,776586.5631103516
7646,20241122,5,11500.0,776907.6843261719
7647,20241125,5,11500.0,784078.426361084
7648,20241126,5,11500.0,782686.9888305664
7649,20241127,5,11500.0,784827.7969360352
7650,20241129,5,11500.0,787717.3614501953
7651,20241202,5,11500.0,788179.126739502
7652,20241203,5,11500.0,786354.0000915527
7653,20241204,5,11500.0,789037.7311706543
7654,20241205,5,11500.0,789145.1225280762
7655,20241206,5,11500.0,791292.2477722168
7656,20241209,5,11500.0,788930.778503418
7657,20241210,5,11500.0,788071.8231201172
7658,20241211,5,11500.0,786354.0000915527
7659,20241212,5,11500.0,783240.8790588379
7660,20241213,5,11500.0,780127.5825500488
7661,20241216,5,11500.0,780986.2747192383
7662,20241217,5,11500.0,781093.8415527344
7663,20241218,5,11500.0,774974.7276306152
7664,20241219,5,11500.0,772827.6023864746
7665,20241220,5,11500.0,775189.510345459
7666,20241223,5,11500.0,772720.1232910156
7667,20241224,5,11500.0,773829.9217224121
7668,20241226,5,11500.0,774368.0191040039
7669,20241227,5,11500.0,772752.6741027832
7670,20241230,5,11500.0,775768.1427001953
7671,20241231,5,11500.0,774475.9368896484
7672,20250102,5,11500.0,774799.0760803223
7673,20250103,5,11500.0,773829.9217224121
7674,20250106,5,11500.0,773075.7255554199
7675,20250107,5,11500.0,770383.3084106445
7676,20250108,5,11500.0,771244.8081970215
7677,20250110,5,11500.0,767259.9220275879
7678,20250113,5,11500.0,766505.989074707
7679,20250114,5,11500.0,767044.7883605957
7680,20250115,5,11500.0,773183.4678649902
7681,20250116,5,11500.0,774691.2460327148
7682,20250117,5,11500.0,774906.6429138184
7683,20250121,5,11500.0,777168.4417724609
7684,20250122,5,11500.0,775553.0090332031
7685,20250123,5,11500.0,774368.0191040039
7686,20250124,5,11500.0,775875.8850097656
7687,20250127,5,11500.0,779968.5134887695
7688,20250128,5,11500.0,779537.7197265625
7689,20250129,5,11500.0,779106.9259643555
7690,20250130,5,11500.0,780183.910369873
7691,20250131,5,11500.0,779106.9259643555
7692,20250203,5,11500.0,779809.4444274902
7693,20250204,5,11500.0,780889.9383544922
7694,20250205,5,11500.0,784887.8974914551
7695,20250206,5,11500.0,784023.3268737793
7696,20250207,5,11500.0,781646.240234375
7697,20250210,5,15500.0,1053814.4569396973
7698,20250211,5,15500.0,1052066.7572021484
7699,20250212,5,15500.0,1046678.5583496094
7700,20250213,5,15500.0,1052940.5479431152
7701,20250214,5,15500.0,1056290.2565002441
7702,20250218,5,15500.0,1052358.139038086
7703,20250219,5,15500.0,1053814.4569396973
7704,20250220,5,15500.0,1055124.8474121094
7705,20250221,5,15500.0,1059785.4194641113
7706,20250224,5,15500.0,1061241.9738769531
7707,20250225,5,15500.0,1067941.0362243652
7708,20250226,5,15500.0,1069543.0450439453
7709,20250227,5,15500.0,1068232.6545715332
7710,20250228,5,15500.0,1072746.9444274902
7711,20250303,5,15500.0,1075215.5303955078
7712,20250304,5,15500.0,1072148.0979919434
7713,20250305,5,15500.0,1068350.4371643066
7714,20250306,5,15500.0,1067474.2813110352
7715,20250307,5,15500.0,1066305.5610656738
7716,20250310,5,15500.0,1071271.469116211
7717,20250311,5,15500.0,1067181.59866333
7718,20250312,5,15500.0,1064990.6768798828
7719,20250313,5,15500.0,1068203.9184570312
7720,20250314,5,15500.0,1065575.096130371
7721,20250317,5,15500.0,1067035.6712341309
7722,20250318,5,15500.0,1068203.9184570312
7723,20250319,5,15500.0,1071417.6330566406
7724,20250320,5,15500.0,1071856.243133545
7725,20250321,5,15500.0,1070980.0872802734
7726,20250324,5,15500.0,1066305.5610656738
7727,20250325,5,15500.0,1067620.0904846191
7728,20250326,5,15500.0,1065282.886505127
7729,20250327,5,15500.0,1064844.6311950684
7730,20250328,5,15500.0,1070980.0872802734
7731,20250331,5,15500.0,1072878.6811828613
7732,20250401,5,15500.0,1076249.0844726562
7733,20250402,5,15500.0,1075369.972229004
7734,20250403,5,15500.0,1080938.6291503906
7735,20250404,5,15500.0,1081817.8596496582
7736,20250407,5,15500.0,1068774.974822998
7737,20250408,5,15500.0,1062620.2430725098
7738,20250409,5,15500.0,1065111.1793518066
7739,20250410,5,15500.0,1056611.6752624512
7740,20250411,5,15500.0,1055439.1708374023
7741,20250414,5,15500.0,1061447.9751586914
7742,20250415,5,15500.0,1064085.6666564941
7743,20250416,5,15500.0,1067016.7503356934
7744,20250417,5,15500.0,1064671.859741211
7745,20250421,5,15500.0,1058809.6923828125
7746,20250422,5,15500.0,1060714.7903442383
7747,20250423,5,15500.0,1062913.3987426758
7748,20250424,5,15500.0,1068921.730041504
7749,20250425,5,15500.0,1072438.7702941895
7750,20250428,5,15500.0,1075076.6983032227
7751,20250429,5,15500.0,1077861.2632751465
7752,20250430,5,15500.0,1077128.3149719238
7753,20250501,5,15500.0,1074128.9978027344
7754,20250502,5,15500.0,1068836.46774292
7755,20250505,5,15500.0,1067366.195678711
7756,20250506,5,15500.0,1069718.5363769531
7757,20250507,5,15500.0,1071776.7753601074
7758,20250508,5,15500.0,1066043.270111084
7759,20250509,5,15500.0,1066925.3387451172
7760,20250512,5,15500.0,1063249.7177124023
7761,20250513,5,15500.0,1062808.6242675781
7762,20250514,5,15500.0,1059133.1214904785
7763,20250515,5,15500.0,1064867.099761963
7764,20250516,5,15500.0,1065602.0584106445
7765,20250519,5,15500.0,1065308.0749511719
7766,20250520,5,15500.0,1063396.827697754
7767,20250521,5,15500.0,1056780.7807922363
7768,20250522,5,15500.0,1059721.0884094238
7769,20250523,5,15500.0,1061338.4704589844
7770,20250527,5,15500.0,1066337.2535705566
7771,20250528,5,15500.0,1063984.7946166992
7772,20250529,5,15500.0,1067807.4073791504
7773,20250530,5,15500.0,1069865.6463623047
7774,20250602,5,15500.0,1067505.3825378418
7775,20250603,5,15500.0,1066325.6645202637
7776,20250604,5,15500.0,1072963.233947754
7777,20250605,5,15500.0,1070897.8996276855
7778,20250606,5,15500.0,1065145.3552246094
7779,20250609,5,15500.0,1066768.0587768555
7780,20250610,5,15500.0,1068833.2748413086
7781,20250611,5,15500.0,1072225.7919311523
7782,20250612,5,15500.0,1076208.2862854004
7783,20250613,5,15500.0,1072373.3749389648
7784,20250616,5,15500.0,1070308.0406188965
7785,20250617,5,15500.0,1073700.7942199707
7786,20250618,5,15500.0,1074291.0079956055
7787,20250620,5,15500.0,1075028.2135009766
7788,20250623,5,15500.0,1077683.2885742188
7789,20250624,5,15500.0,1080928.4591674805
7790,20250625,5,15500.0,1081223.861694336
7791,20250626,5,15500.0,1084321.33102417
7792,20250627,5,15500.0,1081813.6024475098
7793,20250630,5,15500.0,1086091.381072998
7794,20250701,5,15500.0,1085277.4276733398
7795,20250702,5,15500.0,1084093.4524536133
7796,20250703,5,15500.0,1081430.21774292
7797,20250707,5,15500.0,1077878.2920837402
7798,20250708,5,15500.0,1077286.777496338
7799,20250709,5,15500.0,1081578.037261963
7800,20250710,5,15500.0,1081725.975036621
7801,20250711,5,15500.0,1077286.777496338
7802,20250714,5,15500.0,1077138.7214660645
7803,20250715,5,15500.0,1073883.2626342773
7804,20250716,5,15500.0,1075954.8645019531
7805,20250717,5,15500.0,1076250.6217956543
7806,20250718,5,15500.0,1078026.3481140137
7807,20250721,5,15500.0,1081133.7509155273
7808,20250722,5,15500.0,1082909.8320007324
7809,20250723,5,15500.0,1080690.1741027832
7810,20250724,5,15500.0,1079358.1428527832
7811,20250725,5,15500.0,1082021.8505859375
7812,20250728,5,15500.0,1080246.2425231934
7813,20250729,5,15500.0,1085869.4152832031
7814,20250730,5,15500.0,1083057.7697753906
7815,20250731,5,15500.0,1083205.4710388184
7816,20250801,5,15500.0,1092589.1723632812
7817,20250804,5,15500.0,1093331.3446044922
7818,20250805,5,15500.0,1093776.6952514648
7819,20250806,5,15500.0,1092885.9939575195
7820,20250807,5,15500.0,1092440.6433105469
7821,20250808,5,15500.0,1090065.0062561035
7822,20250811,5,15500.0,1090807.415008545
7823,20250812,5,15500.0,1090955.7075500488
7824,20250813,5,15500.0,1094964.5729064941
7825,20250814,5,15500.0,1091846.881866455
7826,20250815,5,15500.0,1090362.0643615723
7827,20250818,5,15500.0,1089174.0684509277
7828,20250819,5,15500.0,1091252.8839111328
7829,20250820,5,15500.0,1091995.2926635742
7830,20250821,5,15500.0,1089322.597503662
7831,20250822,5,15500.0,1094816.162109375
7832,20250825,5,15500.0,1093331.3446044922
7833,20250826,5,15500.0,1094667.6330566406
7834,20250827,5,15500.0,1095706.745147705
7835,20250828,5,15500.0,1097043.270111084
7836,20250829,5,15500.0,1095706.745147705
7837,20250902,5,15500.0,1093368.12210083
7838,20250903,5,15500.0,1096943.2258605957
7839,20250904,5,15500.0,1101114.101409912
7840,20250905,5,15500.0,1106327.8732299805
7841,20250908,5,15500.0,1109902.976989746
7842,20250909,5,15500.0,1107817.1844482422
7843,20250910,5,15500.0,1109753.9749145508
7844,20250911,5,15500.0,1112137.1803283691
7845,20250912,5,15500.0,1110796.516418457
7846,20250915,5,15500.0,1112882.1907043457
7847,20250916,5,15500.0,1113031.0745239258
7848,20250917,5,15500.0,1111094.5205688477
7849,20250918,5,15500.0,1108264.3089294434
7850,20250919,5,15500.0,1108711.196899414
7851,20250922,5,15500.0,1106625.6408691406
7852,20250923,5,15500.0,1108860.1989746094
7853,20250924,5,15500.0,1106625.6408691406
7854,20250925,5,15500.0,1105434.097290039
7855,20250926,5,15500.0,1105434.097290039
7856,20250929,5,15500.0,1108264.3089294434
7857,20250930,5,15500.0,1107817.1844482422
7858,20251001,5,15500.0,1110611.801147461
7859,20251002,5,15500.0,1111807.3654174805
7860,20251003,5,15500.0,1110462.5625610352
7861,20251006,5,15500.0,1107921.9589233398
7862,20251007,5,15500.0,1110014.1372680664
7863,20251008,5,15500.0,1110014.1372680664
7864,20251009,5,15500.0,1109266.9982910156
7865,20251010,5,15500.0,1113600.7118225098
7866,20251013,5,15500.0,1115393.9399719238
7867,20251014,5,15500.0,1117037.6930236816
7868,20251015,5,15500.0,1116290.4357910156
7869,20251016,5,15500.0,1120474.7924804688
7870,20251017,5,15500.0,1118980.2780151367
7871,20251020,5,15500.0,1120474.7924804688
7872,20251021,5,15500.0,1121819.595336914
7873,20251022,5,15500.0,1121819.595336914
7874,20251023,5,15500.0,1119578.0601501465
7875,20251024,5,15500.0,1121072.2198486328
7876,20251027,5,15500.0,1121670.1202392578
7877,20251028,5,15500.0,1122267.9023742676
7878,20251029,5,15500.0,1116738.7428283691
7879,20251030,5,15500.0,1114796.2760925293
7880,20251031,5,15500.0,1114497.2076416016
7881,20251103,5,15500.0,1113207.748413086
7882,20251104,5,15500.0,1113807.4226379395
7883,20251105,5,15500.0,1110659.1033935547
7884,20251106,5,15500.0,1115007.1258544922
7885,20251107,5,15500.0,1114407.3333740234
7886,20251110,5,15500.0,1114107.3188781738
7887,20251111,5,15500.0,1117255.874633789
7888,20251112,5,15500.0,1116805.9120178223
7889,20251113,5,15500.0,1113507.526397705
7890,20251114,5,15500.0,1111858.4518432617
7891,20251117,5,15500.0,1112458.1260681152
7892,20251118,5,15500.0,1113357.9330444336
7893,20251119,5,15500.0,1112907.9704284668
7894,20251120,5,15500.0,1114557.1632385254
7895,20251121,5,15500.0,1117255.874633789
7896,20251124,5,15500.0,1119204.963684082
7897,20251125,5,15500.0,1121753.7269592285
7898,20251126,5,15500.0,1122953.1936645508
7899,20251128,5,15500.0,1121153.9344787598
7900,20251201,5,15500.0,1116776.9393920898
7901,20251202,5,15500.0,1117830.1239013672
7902,20251203,5,15500.0,1119484.519958496
7903,20251204,5,15500.0,1117378.6239624023
7904,20251205,5,15500.0,1116025.0701904297
7905,20251208,5,15500.0,1114370.6741333008
7906,20251209,5,15500.0,1113618.5684204102
7907,20251210,5,15500.0,1116927.4787902832
7908,20251211,5,15500.0,1116927.4787902832
7909,20251212,5,15500.0,1113468.0290222168
7910,20251215,5,15500.0,1114821.81930542
7911,20251216,5,15500.0,1116927.4787902832
7912,20251217,5,15500.0,1116626.636505127
7913,20251218,5,15500.0,1118996.006011963
7914,20251219,5,15500.0,1117336.051940918
7915,20251222,5,15500.0,1117034.0270996094
7916,20251223,5,15500.0,1116883.2511901855
7917,20251224,5,15500.0,1119599.7009277344
7918,20251226,5,15500.0,1119599.7009277344
7919,20251229,5,15500.0,1121259.7732543945
7920,20251230,5,15500.0,1120806.7359924316
7921,20251231,5,15500.0,1117788.8526916504
7922,20260102,5,15500.0,1117336.051940918
7923,20260105,5,15500.0,1119448.68850708
7924,20260106,5,15500.0,1119448.68850708
7925,20260107,5,15500.0,1120656.078338623
7926,20260108,5,15500.0,1118694.2176818848
7927,20260109,5,15500.0,1121108.642578125
7928,20260112,5,15500.0,1120052.3834228516
7929,20260113,5,15500.0,1120957.748413086
7930,20260114,5,15500.0,1123221.6339111328
7931,20260115,5,15500.0,1121561.5615844727
7932,20260116,5,15500.0,1119750.5950927734
7933,20260120,5,15500.0,1115676.097869873
7934,20260121,5,15500.0,1118844.9935913086
7935,20260122,5,15500.0,1119298.0308532715
7936,20260123,5,15500.0,1120504.9476623535
7937,20260126,5,15500.0,1121863.3499145508
7938,20260127,5,15500.0,1120957.748413086
7939,20260128,5,15500.0,1120504.9476623535
7940,20260129,5,15500.0,1120656.078338623
7941,20260130,5,15500.0,1120203.2775878906
7942,20260202,5,15500.0,1119067.9054260254
7943,20260203,5,15500.0,1119370.6398010254
7944,20260204,5,15500.0,1118916.1834716797
7945,20260205,5,15500.0,1123761.3525390625
7946,20260206,5,15500.0,1123912.8379821777
7947,20260209,5,15500.0,1124215.4541015625
7948,20260210,5,15500.0,1127546.7147827148
7949,20260211,5,15500.0,1125275.6156921387
7950,20260212,5,15500.0,1130423.4008789062
7951,20260213,5,15500.0,1133754.1885375977
7952,20260217,5,15500.0,1133603.2943725586
7953,20260218,5,15500.0,1132391.7655944824
7954,20260219,5,15500.0,1132845.9854125977
7955,20260220,5,15500.0,1132694.4999694824
7956,20260223,5,15500.0,1135117.0845031738
7957,20260224,5,15500.0,1134511.2609863281
7958,20260225,5,15500.0,1134208.5266113281
7959,20260226,5,15500.0,1135874.038696289
7960,20260227,5,15500.0,1138145.3742980957
7961,20260302,5,15500.0,1133558.8302612305
7962,20260303,5,15500.0,1132343.7538146973
7963,20260304,5,15500.0,1131584.5527648926
7964,20260305,5,15500.0,1129002.6779174805
7965,20260306,5,15500.0,1127483.9210510254
7966,20260309,5,15500.0,1130673.2749938965
7967,20260310,5,15500.0,1127180.2406311035
7968,20260311,5,15500.0,1122168.4494018555
7969,20260312,5,15500.0,1118068.0541992188
7970,20260313,5,15500.0,1117004.8179626465
7971,20260316,5,15500.0,1121257.2898864746
7972,20260317,5,15500.0,1123535.4843139648
7973,20260318,5,15500.0,1118979.45022583
7974,20260319,5,15500.0,1120194.1719055176
7975,20260320,5,15500.0,1111233.943939209
7976,20260323,5,15500.0,1115486.2976074219
7977,20260324,5,15500.0,1112600.8605957031
7978,20260325,5,15500.0,1116853.214263916
7979,20260326,5,15500.0,1110322.666168213
7980,20260327,5,15500.0,1110322.666168213
7981,20260330,5,15500.0,1115941.8182373047
7982,20260331,5,15500.0,1118371.7346191406
7983,20260401,5,15500.0,1118828.9108276367
7984,20260402,5,15500.0,1121267.2233581543
7985,20260406,5,15500.0,1119590.8317565918
7986,20260407,5,15500.0,1121267.2233581543
7987,20260408,5,15500.0,1123400.6729125977
7988,20260409,5,15500.0,1123857.8491210938
7989,20260410,5,15500.0,1122181.4575195312
7990,20260413,5,15500.0,1124619.6517944336
7991,20260414,5,15500.0,1127362.8273010254
7992,20260415,5,15500.0,1125838.7489318848
7993,20260416,5,15500.0,1124162.4755859375
7994,20260417,5,15500.0,1128581.687927246
7995,20260420,5,15500.0,1127819.8852539062
7996,20260421,5,15500.0,1124314.7888183594
7997,20260422,5,15500.0,1125534.0042114258
7998,20260423,5,15500.0,1123552.8678894043
7999,20260424,5,15500.0,1125534.0042114258
8000,20260427,5,15500.0,1123705.4176330566
8001,20260428,5,15500.0,1123400.6729125977
8002,20260429,5,15500.0,1118371.8528747559
8003,20260430,5,15500.0,1120048.007965088
8004,20260501,5,15500.0,1121607.4447631836
8005,20260504,5,15500.0,1117785.3050231934
8006,20260505,5,15500.0,1119772.8271484375
8007,20260506,5,15500.0,1124512.5122070312
8008,20260507,5,15500.0,1121607.4447631836
8009,20260508,5,15500.0,1124512.5122070312
8010,20260511,5,15500.0,1121760.585784912
8011,20260512,5,15500.0,1118396.8048095703
8012,20260513,5,15500.0,1118855.5183410645
8013,20260514,5,15500.0,1118549.7093200684
8014,20260515,5,15500.0,1112128.3111572266
8015,20260518,5,15500.0,1111363.9068603516
8016,20260519,5,15500.0,1107694.3168640137
8017,20260520,5,15500.0,1113810.0242614746
8018,20260521,5,15500.0,1115033.1420898438
8019,20260522,5,15500.0,1116103.3554077148
8020,20260526,5,15500.0,1119314.2318725586
8021,20260527,5,15500.0,1120384.4451904297
8022,20260528,5,15500.0,1122524.8718261719
8023,20260529,5,15500.0,1123136.489868164
8024,20260601,5,15500.0,1122630.2375793457
8025,20260602,5,15500.0,1122936.9926452637
8026,20260603,5,15500.0,1120789.234161377
8027,20260604,5,15500.0,1122323.4825134277
8028,20260605,5,15500.0,1117261.0778808594
8029,20260608,5,15500.0,1116954.086303711
8030,20260609,5,15500.0,1119408.7181091309
8031,20260610,5,15500.0,1118488.2164001465
8032,20260611,5,15500.0,1124931.2553405762
8033,20260612,5,15500.0,1123550.5027770996
8034,20260615,5,15500.0,1124471.1227416992
8035,20260616,5,15500.0,1126158.6303710938
8036,20260617,5,15500.0,1122016.4909362793
8037,20260618,5,15500.0,1125084.6328735352
8038,20260622,5,15500.0,1122016.4909362793
8039,20260623,5,15500.0,1123243.7477111816
8040,20260624,5,15500.0,1128306.15234375
8041,20260625,5,15500.0,1129073.2765197754
8042,20260626,5,15500.0,1130147.1557617188
8043,20260629,5,15500.0,1130760.6658935547
8044,20260630,5,15500.0,1126158.6303710938
8045,20260701,5,15500.0,1124526.9393920898
8046,20260702,5,15500.0,1125296.6651916504
8047,20260706,5,15500.0,1125758.3351135254
8048,20260707,5,15500.0,1121294.6586608887
8049,20260708,5,15500.0,1118985.8360290527
8050,20260709,5,15500.0,1120986.9575500488
8051,20260710,5,15500.0,1120063.2629394531
8052,20260713,5,15500.0,1115907.642364502
8053,20260714,5,15500.0,1118985.8360290527
8054,20260715,5,15500.0,1120832.8704833984
8055,20260716,5,15500.0,1120679.0199279785
8056,20260717,5,15500.0,1121448.6274719238
8057,20260720,5,15500.0,1118678.0166625977
8058,20260721,5,15500.0,1116215.3434753418
8059,20260722,5,15500.0,1114368.4272766113
8060,20260723,5,15500.0,1112059.6046447754
8061,20260724,5,15500.0,1112983.0627441406
8062,20260727,5,15500.0,1115291.8853759766
8063,20260728,5,15500.0,1118062.4961853027
8064,20260729,5,15500.0,1114060.489654541
8065,20260730,5,15500.0,1114676.1283874512
8066,20260731,5,15500.0,1111751.7852783203
8067,20260803,5,15500.0,1114408.3976745605
8068,20260804,5,15500.0,1118887.6838684082
8069,20260805,5,15500.0,1119196.5675354004
8070,20260806,5,15500.0,1115952.9342651367
8071,20260807,5,15500.0,1118269.9165344238
8072,20260810,5,15500.0,1114408.3976745605
8073,20260811,5,15500.0,1115335.1669311523
8074,20260812,5,15500.0,1116416.3780212402
8075,20260813,5,15500.0,1119505.5694580078
8076,20260814,5,15500.0,1116879.7035217285
8077,20260817,5,15500.0,1114562.9577636719
8078,20260818,5,15500.0,1115489.6087646484
8079,20260819,5,15500.0,1120741.1041259766
8080,20260820,5,15500.0,1117343.0290222168
8081,20260821,5,15500.0,1115644.1688537598
8082,20260824,5,15500.0,1117806.4727783203
8083,20260825,5,15500.0,1122440.200805664
8084,20260826,5,15500.0,1121050.106048584
8085,20260827,5,15500.0,1120432.2204589844
8086,20260828,5,15500.0,1116879.7035217285
8087,20260831,5,15500.0,1115798.4924316406
