price_id,date_key,asset_key,adj_close,return_1d
1,20210104,3,46.0319938659668,0.0
2,20210105,3,47.138526916503906,0.02403834719302078
3,20210106,3,46.74017333984375,-0.008450700578016668
4,20210107,3,47.18279266357422,0.009469783531015574
5,20210108,3,48.43096160888672,0.026453901408767244
6,20210111,3,47.77589416503906,-0.01352579882963667
7,20210112,3,48.24506759643555,0.00982029618903102
8,20210113,3,48.35129165649414,0.002201760000569264
9,20210114,3,48.80275344848633,0.009337119578925579
10,20210115,3,48.112281799316406,-0.014148210918032533
11,20210119,3,48.90898513793945,0.016559250753190646
12,20210120,3,49.767662048339844,0.017556629072932983
13,20210121,3,49.85618209838867,0.0017786660334344617
14,20210122,3,49.422428131103516,-0.008700103959608518
15,20210125,3,49.794219970703125,0.007522735196525687
16,20210126,3,49.4312744140625,-0.007288909372496821
17,20210127,3,48.05916976928711,-0.027757824596669645
18,20210128,3,48.39554977416992,0.00699928872050104
19,20210129,3,47.1916389465332,-0.02487647796656045
20,20210201,3,48.466373443603516,0.02701187171131214
21,20210202,3,49.094886779785156,0.012968028996702019
22,20210203,3,49.34275817871094,0.005048823109371936
23,20210204,3,49.360450744628906,0.0003585645912596025
24,20210205,3,49.785362243652344,0.00860833911792569
25,20210208,3,49.8738899230957,0.0017781869098409953
26,20210209,3,50.405033111572266,0.01064972452109858
27,20210210,3,50.582069396972656,0.003512273962969603
28,20210211,3,51.12206268310547,0.010675587072068948
29,20210212,3,51.166324615478516,0.0008658088122817098
30,20210216,3,51.290260314941406,0.0024222122732926454
31,20210217,3,51.30795669555664,0.00034502419185566957
32,20210218,3,50.59977722167969,-0.013802527317137936
33,20210219,3,50.927310943603516,0.006473026956006045
34,20210222,3,49.4312744140625,-0.029375918378995336
35,20210223,3,49.6525764465332,0.004476963928078392
36,20210224,3,49.333900451660156,-0.006418115990742268
37,20210225,3,48.20965576171875,-0.022788481746806144
38,20210226,3,47.56343460083008,-0.013404392764857831
39,20210301,3,48.838165283203125,0.026800644088700976
40,20210302,3,48.36014938354492,-0.009787753018285605
41,20210303,3,48.26277160644531,-0.002013595457021955
42,20210304,3,47.138526916503906,-0.023294242177158142
43,20210305,3,47.65196228027344,0.010892053641790245
44,20210308,3,46.368377685546875,-0.026936657659068275
45,20210309,3,47.386390686035156,0.021954897956363073
46,20210310,3,47.17393493652344,-0.004483476087456695
47,20210311,3,48.66112518310547,0.03152567723220834
48,20210312,3,47.7935905456543,-0.01782808420863169
49,20210315,3,47.9086799621582,0.002408051271937106
50,20210316,3,48.112281799316406,0.004249790169944534
51,20210317,3,48.17424011230469,0.0012877857933806247
52,20210318,3,47.28901672363281,-0.01837545100053939
53,20210319,3,47.87327194213867,0.012354987669132012
54,20210322,3,47.731632232666016,-0.0029586385832128803
55,20210323,3,46.819847106933594,-0.019102324456200415
56,20210324,3,45.748714447021484,-0.02287774792313413
57,20210325,3,45.96116256713867,0.004643805245351906
58,20210326,3,47.15623474121094,0.0260017829689696
59,20210329,3,46.828697204589844,-0.006945794939281935
60,20210330,3,46.979183197021484,0.0032135421528851627
61,20210331,3,47.21820068359375,0.005087731848590682
62,20210401,3,47.67852020263672,0.009748772981154952
63,20210405,3,47.864418029785156,0.0038989848333874644
64,20210406,3,48.12998962402344,0.005548413731323754
65,20210407,3,47.42180252075195,-0.014714050611762453
66,20210408,3,47.81130599975586,0.00821359497740426
67,20210409,3,47.40408706665039,-0.008517209990196672
68,20210412,3,47.120826721191406,-0.005975441422608085
69,20210413,3,47.315574645996094,0.004132947962840028
70,20210414,3,47.55458450317383,0.005051399226701836
71,20210415,3,47.988346099853516,0.00912134132200726
72,20210416,3,48.112281799316406,0.0025826207722392525
73,20210419,3,47.93523406982422,-0.003679886358969209
74,20210420,3,47.54573059082031,-0.008125619631616732
75,20210421,3,47.83786392211914,0.006144260013857705
76,20210422,3,47.66966247558594,-0.0035160735188142223
77,20210423,3,48.36014938354492,0.014484828968793773
78,20210426,3,48.4221076965332,0.0012811853101795112
79,20210427,3,48.39554977416992,-0.0005484668806595705
80,20210428,3,48.75849914550781,0.007499643521595267
81,20210429,3,48.64341735839844,-0.0023602405555170902
82,20210430,3,47.78474426269531,-0.01765240072210661
83,20210503,3,47.78474426269531,0.0
84,20210504,3,47.2447509765625,-0.01130053732555758
85,20210505,3,47.4660530090332,0.004684161264401299
86,20210506,3,47.91753387451172,0.009511658055760375
87,20210507,3,48.41325759887695,0.010345351362686106
88,20210510,3,47.54573059082031,-0.01791920335632946
89,20210511,3,47.41294860839844,-0.0027927214656684463
90,20210512,3,46.10280227661133,-0.02763266934963493
91,20210513,3,46.04084014892578,-0.0013439991632998582
92,20210514,3,46.872955322265625,0.018073414182891767
93,20210517,3,46.828697204589844,-0.0009442143635171041
94,20210518,3,47.45721435546875,0.013421623670907934
95,20210519,3,47.315574645996094,-0.0029845769794183408
96,20210520,3,47.59000015258789,0.005799897996483949
97,20210521,3,47.04115295410156,-0.01153282615521245
98,20210524,3,47.43065643310547,0.008280058088371067
99,20210525,3,47.89982604980469,0.00989169562434622
100,20210526,3,48.2539176940918,0.0073923367470882795
101,20210527,3,48.26277160644531,0.00018348587589600562
102,20210528,3,48.572601318359375,0.006419641922775332
103,20210601,3,49.57291030883789,0.020594099622587514
104,20210602,3,49.6525764465332,0.0016070498423230717
105,20210603,3,49.1214485168457,-0.010696885593830752
106,20210604,3,49.564056396484375,0.009010481022091232
107,20210607,3,49.316192626953125,-0.005000877400922921
108,20210608,3,49.07718276977539,-0.004846478295388645
109,20210609,3,48.935543060302734,-0.0028860603131418694
110,20210610,3,49.32763671875,0.008012451357985118
111,20210611,3,49.158714294433594,-0.0034244986290250523
112,20210614,3,49.292076110839844,0.002712882513718373
113,20210615,3,48.95421600341797,-0.006854247864548246
114,20210616,3,48.287384033203125,-0.013621543242941181
115,20210617,3,48.554115295410156,0.005523829206063979
116,20210618,3,48.216251373291016,-0.006958502282731871
117,20210621,3,48.420753479003906,0.0042413522388879965
118,20210622,3,48.19847106933594,-0.004590643343961087
119,20210623,3,48.491878509521484,0.006087484388529019
120,20210624,3,48.93643569946289,0.00916766278407044
121,20210625,3,49.345420837402344,0.008357477043305472
122,20210628,3,49.38987350463867,0.0009008468563436178
123,20210629,3,49.35431671142578,-0.000719920718354361
124,20210630,3,49.03424072265625,-0.006485268363474961
125,20210701,3,48.758609771728516,-0.005621193412308267
126,20210702,3,48.705257415771484,-0.001094214051770681
127,20210706,3,47.85172653198242,-0.017524409664913865
128,20210707,3,47.79837417602539,-0.0011149515351629447
129,20210708,3,46.80257797241211,-0.02083326516391748
130,20210709,3,47.61166000366211,0.01728712533157717
131,20210712,3,47.6561164855957,0.0009337309795578452
132,20210713,3,47.70057678222656,0.0009329399856636833
133,20210714,3,47.905067443847656,0.004286964129483817
134,20210715,3,48.020652770996094,0.0024127995912732736
135,20210716,3,47.64722442626953,-0.00777641125595252
136,20210719,3,46.84703063964844,-0.016794132213500346
137,20210720,3,46.9981803894043,0.003226453153851283
138,20210721,3,47.30047607421875,0.00643207209959562
139,20210722,3,47.389381408691406,0.001879586461944971
140,20210723,3,46.68699264526367,-0.01482164870164171
141,20210726,3,45.79787826538086,-0.019044156187965844
142,20210727,3,44.87322235107422,-0.020189929082491953
143,20210728,3,46.09128952026367,0.027144633377555794
144,20210729,3,46.32246017456055,0.005015495480881427
145,20210730,3,45.877906799316406,-0.00959692929885192
146,20210802,3,46.206878662109375,0.007170594426463062
147,20210803,3,46.40247344970703,0.004233023161507088
148,20210804,3,46.642539978027344,0.0051735718049708
149,20210805,3,46.57140350341797,-0.0015251415262309553
150,20210806,3,46.180198669433594,-0.008400108318738164
151,20210809,3,46.33134841918945,0.003273042431840123
152,20210810,3,46.39358901977539,0.0013433798650279716
153,20210811,3,46.51806640625,0.002683073008676873
154,20210812,3,46.10907745361328,-0.008792045418761663
155,20210813,3,45.99348831176758,-0.0025068630349845966
156,20210816,3,45.57560348510742,-0.009085738916507435
157,20210817,3,44.739845275878906,-0.018337841856589154
158,20210818,3,44.810977935791016,0.001589917432067267
159,20210819,3,44.046348571777344,-0.0170634384527224
160,20210820,3,44.01078414916992,-0.0008074318021950022
161,20210823,3,44.677616119384766,0.015151558489725714
162,20210824,3,45.691192626953125,0.02268645007513248
163,20210825,3,45.744537353515625,0.0011675056722206811
164,20210826,3,45.30887222290039,-0.009523872265848832
165,20210827,3,45.869014739990234,0.01236275567253542
166,20210830,3,45.966819763183594,0.0021322678009931817
167,20210831,3,46.598079681396484,0.013732947405652007
168,20210901,3,47.193782806396484,0.012783855666864019
169,20210902,3,46.98039245605469,-0.004521577581885983
170,20210903,3,47.22935104370117,0.005299201957058131
171,20210907,3,47.50497055053711,0.005835767393477687
172,20210908,3,46.81147003173828,-0.01459848329052349
173,20210909,3,46.722557067871094,-0.0018993841425382074
174,20210910,3,46.66920852661133,-0.0011418155299648403
175,20210913,3,46.79368591308594,0.0026672272876371306
176,20210914,3,46.40247344970703,-0.00836036862121825
177,20210915,3,46.39358901977539,-0.00019146457658703042
178,20210916,3,45.869014739990234,-0.011307042435573456
179,20210917,3,45.67340850830078,-0.004264452436971933
180,20210920,3,44.446449279785156,-0.026863754394258366
181,20210921,3,44.775413513183594,0.007401361384970162
182,20210922,3,45.33555603027344,0.01251004676762868
183,20210923,3,45.691192626953125,0.007844540308322268
184,20210924,3,45.148841857910156,-0.011869919296504383
185,20210927,3,45.44224548339844,0.006498585864320949
186,20210928,3,44.855438232421875,-0.012913253839776484
187,20210929,3,44.43755340576172,-0.009316257807912898
188,20210930,3,44.79319381713867,0.008003150131367098
189,20211001,3,44.74874496459961,-0.0009923126428652562
190,20211004,3,44.09080123901367,-0.014703065440302976
191,20211005,3,44.401981353759766,0.007057710588183719
192,20211006,3,44.153038024902344,-0.005606581536847122
193,20211007,3,45.01547622680664,0.019532930019852346
194,20211008,3,45.18440246582031,0.0037526258338922425
195,20211011,3,45.09549331665039,-0.001967695583385831
196,20211012,3,44.86432647705078,-0.005126162784746757
197,20211013,3,45.486698150634766,0.013872306183005945
198,20211014,3,45.62895202636719,0.003127373089630181
199,20211015,3,46.180198669433594,0.012081071744708627
200,20211018,3,46.06461715698242,-0.0025028370553042967
201,20211019,3,46.678096771240234,0.013317805554904583
202,20211020,3,46.66920852661133,-0.00019041574622169488
203,20211021,3,46.366912841796875,-0.006477411860157822
204,20211022,3,46.26911926269531,-0.00210912422475118
205,20211025,3,46.50917053222656,0.005188152991811856
206,20211026,3,46.26911926269531,-0.005161374988722156
207,20211027,3,45.895687103271484,-0.008070872438778132
208,20211028,3,45.94014358520508,0.0009686418210399506
209,20211029,3,45.273311614990234,-0.014515234785413167
210,20211101,3,45.62895202636719,0.00785540970365406
211,20211102,3,45.21996307373047,-0.008963365023162972
212,20211103,3,45.433353424072266,0.004718941278078148
213,20211104,3,45.32665252685547,-0.002348514674249458
214,20211105,3,45.273311614990234,-0.0011768111892584976
215,20211108,3,45.691192626953125,0.009230184341640468
216,20211109,3,45.51337432861328,-0.0038917412331879175
217,20211110,3,45.32665252685547,-0.0041025699481135325
218,20211111,3,46.10907745361328,0.017261917285734674
219,20211112,3,46.233551025390625,0.0026995459170173763
220,20211115,3,46.082401275634766,-0.003269265423130774
221,20211116,3,46.1446418762207,0.0013506370949216695
222,20211117,3,45.90458297729492,-0.005202313620067067
223,20211118,3,45.34443664550781,-0.012202405412639616
224,20211119,3,45.273311614990234,-0.0015685503179501126
225,20211122,3,44.908775329589844,-0.008051902376845166
226,20211123,3,44.86432647705078,-0.0009897587322933443
227,20211124,3,44.80208969116211,-0.0013872221155600828
228,20211126,3,43.299495697021484,-0.03353848011328442
229,20211129,3,43.468421936035156,0.0039013442603510473
230,20211130,3,43.423973083496094,-0.0010225550079657753
231,20211201,3,43.584007263183594,0.003685387778308291
232,20211202,3,44.117469787597656,0.012239868656241937
233,20211203,3,43.49509811401367,-0.014107147952509003
234,20211206,3,43.83296203613281,0.007767862052719066
235,20211207,3,44.526458740234375,0.015821351601333467
236,20211208,3,44.704288482666016,0.003993799360265671
237,20211209,3,44.490901947021484,-0.004773290055321455
238,20211210,3,44.526458740234375,0.0007991924563639508
239,20211213,3,43.82032012939453,-0.0158588540570771
240,20211214,3,43.721126556396484,-0.00226364327565709
241,20211215,3,43.59486389160156,-0.002887909684396006
242,20211216,3,43.64897537231445,0.0012412352254944636
243,20211217,3,43.43253707885742,-0.004958611092491183
244,20211220,3,42.783206939697266,-0.01495031565807936
245,20211221,3,43.50468063354492,0.01686347858084991
246,20211222,3,43.712100982666016,0.0047677708720188505
247,20211223,3,43.93756103515625,0.0051578406761925155
248,20211227,3,44.13596725463867,0.004515640258767828
249,20211228,3,43.99167251586914,-0.0032693231336029527
250,20211229,3,43.793270111083984,-0.004509999130257847
251,20211230,3,44.29496383666992,0.011455954860492668
252,20211231,3,44.078399658203125,-0.004889137719252701
253,20220103,3,44.394222259521484,0.007165019686906637
254,20220104,3,44.24082565307617,-0.003455328162943805
255,20220105,3,43.51896286010742,-0.01631666638930729
256,20220106,3,43.71747589111328,0.0045615294565724
257,20220107,3,44.114501953125,0.009081632777715454
258,20220110,3,44.114501953125,0.0
259,20220111,3,45.13412094116211,0.02311301143375788
260,20220112,3,45.8830451965332,0.016593305458356244
261,20220113,3,45.23337173461914,-0.014159336180309845
262,20220114,3,45.21533203125,-0.0003988140321481426
263,20220118,3,44.412269592285156,-0.017760843565404305
264,20220119,3,44.60175323486328,0.004266470601877126
265,20220120,3,44.86342239379883,0.005866790876081884
266,20220121,3,44.21375274658203,-0.01448105410938505
267,20220124,3,43.591156005859375,-0.014081517673724009
268,20220125,3,43.50993728637695,-0.0018631926042865787
269,20220126,3,42.95952606201172,-0.012650241730814193
270,20220127,3,42.46324157714844,-0.011552373369922653
271,20220128,3,42.67078399658203,0.00488757833187381
272,20220131,3,44.06938171386719,0.03277647107203818
273,20220201,3,44.3400764465332,0.006142467221881498
274,20220202,3,44.26789093017578,-0.001627997111021351
275,20220203,3,43.79867935180664,-0.010599366007954414
276,20220204,3,43.906959533691406,0.0024722248133333125
277,20220207,3,43.816734313964844,-0.002054918415777096
278,20220208,3,44.24082565307617,0.009678752781358435
279,20220209,3,44.93560791015625,0.015704549967678227
280,20220210,3,44.63784408569336,-0.006626455906821982
281,20220211,3,43.96110153198242,-0.015160735639735745
282,20220214,3,43.65431213378906,-0.0069786558457859416
283,20220215,3,44.60175323486328,0.02170326491849317
284,20220216,3,44.92658996582031,0.00728304847673833
285,20220217,3,44.40324401855469,-0.011648913208498146
286,20220218,3,43.96110153198242,-0.009957436587009427
287,20220222,3,43.3385009765625,-0.014162533096832686
288,20220223,3,42.83320236206055,-0.011659346842088913
289,20220224,3,41.94892883300781,-0.02064458131283642
290,20220225,3,42.724910736083984,0.018498253105942997
291,20220228,3,42.16548538208008,-0.013093657642950562
292,20220301,3,41.606040954589844,-0.013267828472051546
293,20220302,3,41.67823028564453,0.0017350684996315646
294,20220303,3,41.09172058105469,-0.014072327461366774
295,20220304,3,40.26158142089844,-0.020202102720882076
296,20220307,3,38.75470733642578,-0.037427096286150596
297,20220308,3,38.88103103637695,0.0032595704788729307
298,20220309,3,39.98186111450195,0.028312780005629756
299,20220310,3,39.232940673828125,-0.018731505232561174
300,20220311,3,38.41182327270508,-0.020929285111447316
301,20220314,3,37.48242950439453,-0.02419551297297995
302,20220315,3,37.53657150268555,0.0014444634194448192
303,20220316,3,40.559349060058594,0.08052886655236424
304,20220317,3,40.35181427001953,-0.005116817573471266
305,20220318,3,40.92930221557617,0.014311325426220156
306,20220321,3,40.297672271728516,-0.01543221871999767
307,20220322,3,41.02855682373047,0.01813714070315453
308,20220323,3,40.75785827636719,-0.006597808168741448
309,20220324,3,40.97441482543945,0.00531324653037113
310,20220325,3,40.64957809448242,-0.007927794267249766
311,20220328,3,40.78492736816406,0.003329659987295397
312,20220329,3,41.47971725463867,0.017035457246319607
313,20220330,3,41.36241149902344,-0.0028280268858900115
314,20220331,3,40.739810943603516,-0.015052327290796863
315,20220401,3,41.41655731201172,0.016611426335410018
316,20220404,3,42.14743423461914,0.017646974303087593
317,20220405,3,41.37144088745117,-0.018411401815073725
318,20220406,3,40.830039978027344,-0.01308634405305531
319,20220407,3,40.505210876464844,-0.007955640056617752
320,20220408,3,40.54130172729492,0.0008910174777301272
321,20220411,3,40.036006927490234,-0.012463704377417506
322,20220412,3,39.90968322753906,-0.0031552522253269766
323,20220413,3,40.433021545410156,0.0131130661921659
324,20220414,3,39.90968322753906,-0.012943339326825565
325,20220418,3,39.774330139160156,-0.003391484908742859
326,20220419,3,39.57582092285156,-0.004990887731209037
327,20220420,3,39.341217041015625,-0.00592795996053419
328,20220421,3,38.5832633972168,-0.019266146316943233
329,20220422,3,38.24037551879883,-0.008886958961659586
330,20220425,3,37.960662841796875,-0.0073145902258320294
331,20220426,3,37.13053894042969,-0.021868003328255226
332,20220427,3,37.56364440917969,0.011664400278295295
333,20220428,3,38.10503387451172,0.014412591585488688
334,20220429,3,38.24037551879883,0.003551804854256879
335,20220502,3,38.186248779296875,-0.0014154343090941879
336,20220503,3,38.465965270996094,0.007325058120159378
337,20220504,3,38.88103103637695,0.01079046794891747
338,20220505,3,37.44634246826172,-0.03689944761940456
339,20220506,3,36.9320182800293,-0.013734964600837785
340,20220509,3,35.86727523803711,-0.028829809243540283
341,20220510,3,36.038719177246094,0.004779954375434992
342,20220511,3,35.78606414794922,-0.0070106550694619685
343,20220512,3,35.55146789550781,-0.006555519809932742
344,20220513,3,36.53499984741211,0.027665016668090292
345,20220516,3,36.390621185302734,-0.003951790412272338
346,20220517,3,37.28392028808594,0.024547509047303295
347,20220518,3,36.390621185302734,-0.02395936628661488
348,20220519,3,36.968109130859375,0.015869142288504667
349,20220520,3,37.12150955200195,0.004149533875253741
350,20220523,3,37.40122604370117,0.007535159401515612
351,20220524,3,36.75155258178711,-0.01737037874520364
352,20220525,3,36.9320182800293,0.0049104237934052275
353,20220526,3,37.50950622558594,0.01563651196037963
354,20220527,3,37.94261932373047,0.011546755522179986
355,20220531,3,38.47499084472656,0.014030963873470137
356,20220601,3,38.20428466796875,-0.007035899705611359
357,20220602,3,38.86298370361328,0.017241496375844934
358,20220603,3,38.231361389160156,-0.016252543018059673
359,20220606,3,38.43889236450195,0.005428291533469576
360,20220607,3,38.55619430541992,0.0030516472692718732
361,20220608,3,38.76373291015625,0.005382756479862305
362,20220609,3,37.846458435058594,-0.02366321316947595
363,20220610,3,37.42786407470703,-0.011060331076151675
364,20220613,3,36.11747741699219,-0.03501099221423043
365,20220614,3,36.61797332763672,0.01385744372083586
366,20220615,3,37.10027313232422,0.013171122289378445
367,20220616,3,35.9627799987793,-0.030659966558409524
368,20220617,3,36.099281311035156,0.0037956273753168013
369,20220621,3,36.68166732788086,0.016132897822197734
370,20220622,3,36.0264778137207,-0.017861497633237744
371,20220623,3,36.13568115234375,0.003031196643415779
372,20220624,3,36.99106979370117,0.023671579283401467
373,20220627,3,37.03657150268555,0.001230072805088911
374,20220628,3,36.8090705871582,-0.006142601928227798
375,20220629,3,36.66347122192383,-0.003955529517911005
376,20220630,3,36.49057388305664,-0.004715792943353336
377,20220701,3,36.26308059692383,-0.006234302778078349
378,20220705,3,35.980979919433594,-0.00777928054778021
379,20220706,3,35.76258850097656,-0.006069635094598347
380,20220707,3,36.481475830078125,0.020101658163864
381,20220708,3,36.481475830078125,0.0
382,20220711,3,35.507789611816406,-0.026689880168141
383,20220712,3,35.37128829956055,-0.0038442638572588894
384,20220713,3,35.28938674926758,-0.00231548112127955
385,20220714,3,34.97089385986328,-0.009025174953228854
386,20220715,3,35.15289306640625,0.005204305250883223
387,20220718,3,35.39858627319336,0.0069892741494412824
388,20220719,3,35.980979919433594,0.01645245495810288
389,20220720,3,35.82627868652344,-0.004299528063342217
390,20220721,3,36.23577880859375,0.011430160683262747
391,20220722,3,35.87177658081055,-0.010045381657337926
392,20220725,3,35.99917984008789,0.0035516294820339134
393,20220726,3,35.71708297729492,-0.007836202492558786
394,20220727,3,36.381370544433594,0.01859859517533824
395,20220728,3,36.53607940673828,0.004252419850861333
396,20220729,3,36.36317443847656,-0.004732444506069022
397,20220801,3,36.053775787353516,-0.00850857098976665
398,20220802,3,35.880882263183594,-0.004795434608282245
399,20220803,3,36.16298294067383,0.007862144398263382
400,20220804,3,36.41777801513672,0.007045742738669647
401,20220805,3,36.45417404174805,0.0009994027256743365
402,20220808,3,36.49967575073242,0.0012481892727089772
403,20220809,3,36.36317443847656,-0.0037397952022387715
404,20220810,3,36.818172454833984,0.012512604396715643
405,20220811,3,36.96377182006836,0.003954551666381256
406,20220812,3,37.355064392089844,0.010585839938797692
407,20220815,3,37.182167053222656,-0.004628484562425261
408,20220816,3,37.173065185546875,-0.0002447912103334948
409,20220817,3,37.018375396728516,-0.004161340692413584
410,20220818,3,36.8090705871582,-0.005654078746762381
411,20220819,3,36.30857849121094,-0.013596977265757815
412,20220822,3,35.99007797241211,-0.008772045947101126
413,20220823,3,36.18117904663086,0.005309826624027902
414,20220824,3,36.17207717895508,-0.0002515636006237276
415,20220825,3,36.95467758178711,0.02163548415979122
416,20220826,3,36.40867233276367,-0.014774996962564013
417,20220829,3,36.18117904663086,-0.006248326883595112
418,20220830,3,35.75349044799805,-0.011820747966272749
419,20220831,3,35.880882263183594,0.003563059538783664
420,20220901,3,35.59878921508789,-0.007861931767077834
421,20220902,3,35.27118682861328,-0.009202627215640247
422,20220906,3,34.852596282958984,-0.01186777603170186
423,20220907,3,35.16199493408203,0.008877348723495881
424,20220908,3,34.97089385986328,-0.005434875767913794
425,20220909,3,35.48958969116211,0.014832215423985717
426,20220912,3,36.01737976074219,0.014871686998159772
427,20220913,3,34.90719223022461,-0.03082366174031481
428,20220914,3,35.08009338378906,0.004953167027130556
429,20220915,3,34.70699691772461,-0.01063556080032746
430,20220916,3,34.38850021362305,-0.009176728970719639
431,20220919,3,34.49769592285156,0.0031753553818918423
432,20220920,3,34.306602478027344,-0.005539310371671435
433,20220921,3,33.733306884765625,-0.016710940514406913
434,20220922,3,33.56950759887695,-0.004855713863103239
435,20220923,3,32.741416931152344,-0.024667942038932744
436,20220926,3,32.34102249145508,-0.012228989372671362
437,20220927,3,32.30462646484375,-0.0011253826814209278
438,20220928,3,32.58672332763672,0.008732398224754911
439,20220929,3,31.85872459411621,-0.02234034782205596
440,20220930,3,31.740432739257812,-0.003713012883141076
441,20221003,3,32.25912857055664,0.0163418008683065
442,20221004,3,33.31471633911133,0.03272214146287067
443,20221005,3,33.33291244506836,0.0005461882302046916
444,20221006,3,33.13271713256836,-0.006005935209829505
445,20221007,3,32.441123962402344,-0.020873421500532507
446,20221010,3,31.98613166809082,-0.01402517048542573
447,20221011,3,31.47652816772461,-0.01593201408829903
448,20221012,3,31.51293182373047,0.0011565333956744528
449,20221013,3,31.60393524169922,0.0028878118506328043
450,20221014,3,31.130741119384766,-0.014972632955218335
451,20221017,3,31.98613166809082,0.027477358968926557
452,20221018,3,31.99522590637207,0.00028431816562313195
453,20221019,3,31.4128360748291,-0.0182023978592063
454,20221020,3,31.61302947998047,0.006372980926474758
455,20221021,3,32.0953254699707,0.01525624079450072
456,20221024,3,30.87594223022461,-0.03799254944110109
457,20221025,3,31.130741119384766,0.008252343758783587
458,20221026,3,31.640335083007812,0.016369477413620936
459,20221027,3,31.394634246826172,-0.007765430913959981
460,20221028,3,31.20353889465332,-0.0060868793906133645
461,20221031,3,31.1125431060791,-0.002916200911743716
462,20221101,3,31.68583106994629,0.01842626499262834
463,20221102,3,31.421932220458984,-0.008328607474575977
464,20221103,3,31.60393524169922,0.005792228815315603
465,20221104,3,32.94161605834961,0.04232640038084279
466,20221107,3,32.95981979370117,0.0005526060202789562
467,20221108,3,33.19641876220703,0.007178406010310612
468,20221109,3,32.62312316894531,-0.01726980242562781
469,20221110,3,33.80611038208008,0.036262230535330175
470,20221111,3,34.725196838378906,0.02718699211211284
471,20221114,3,34.51589584350586,-0.006027352295429611
472,20221115,3,35.30759048461914,0.02293710250786485
473,20221116,3,34.74339294433594,-0.01597949711490454
474,20221117,3,34.807090759277344,0.0018333792282019257
475,20221118,3,34.60689163208008,-0.005751676535733052
476,20221121,3,34.17009735107422,-0.012621598196382311
477,20221122,3,34.25200271606445,0.0023969895124591467
478,20221123,3,34.53409957885742,0.00823592317014099
479,20221125,3,34.370296478271484,-0.004743227783075676
480,20221128,3,34.215606689453125,-0.004500682410934487
481,20221129,3,34.952693939208984,0.021542428180385542
482,20221130,3,35.9627799987793,0.02889866118265716
483,20221201,3,35.84447479248047,-0.0032896568703210116
484,20221202,3,35.980979919433594,0.0038082613218191064
485,20221205,3,35.57148361206055,-0.011380910366809549
486,20221206,3,35.5259895324707,-0.0012789480496793182
487,20221207,3,35.31669235229492,-0.005891382138264789
488,20221208,3,35.744384765625,0.012110205821760367
489,20221209,3,35.507789611816406,-0.006619085916849343
490,20221212,3,35.39858627319336,-0.003075475545419648
491,20221213,3,35.65172576904297,0.007151118801637102
492,20221214,3,35.670204162597656,0.0005183029195947597
493,20221215,3,34.84796905517578,-0.023051034518160596
494,20221216,3,34.9495964050293,0.0029163062470758394
495,20221219,3,34.9773063659668,0.0007928549622253644
496,20221220,3,34.96807098388672,-0.00026403925972595665
497,20221221,3,35.28218078613281,0.008982760369905307
498,20221222,3,34.96807098388672,-0.008902788751922963
499,20221223,3,34.921875,-0.001321090428694438
500,20221227,3,35.439239501953125,0.014814911912751638
501,20221228,3,34.921875,-0.014598634429630275
502,20221229,3,35.503910064697266,0.016666775901845732
503,20221230,3,35.01426696777344,-0.013791244289194426
504,20230103,3,35.309898376464844,0.00844317000734307
505,20230104,3,36.37233352661133,0.030088875895905476
506,20230105,3,36.261474609375,-0.0030478912538075553
507,20230106,3,37.01903533935547,0.020891613982642943
508,20230109,3,37.296199798583984,0.007487079462977109
509,20230110,3,37.564117431640625,0.007183510237062096
510,20230111,3,37.721168518066406,0.004180880509480511
511,20230112,3,37.90593719482422,0.0048982755311335335
512,20230113,3,38.15537643432617,0.00658047941724571
513,20230117,3,37.942893981933594,-0.0055688731772390865
514,20230118,3,37.68421936035156,-0.006817472112306433
515,20230119,3,37.97060775756836,0.007599690323374819
516,20230120,3,38.552642822265625,0.015328568571074674
517,20230123,3,38.829803466796875,0.007189147727407752
518,20230124,3,38.85751724243164,0.0007137243344139677
519,20230125,3,38.894474029541016,0.0009510846222831049
520,20230126,3,39.264015197753906,0.009501122651310867
521,20230127,3,39.079246520996094,-0.004705801885701799
522,20230130,3,38.293968200683594,-0.020094510263666265
523,20230131,3,38.210819244384766,-0.002171332985473784
524,20230201,3,38.68198776245117,0.012330762003634588
525,20230202,3,38.45101547241211,-0.0059710553515884834
526,20230203,3,37.767364501953125,-0.017779789741820817
527,20230206,3,37.213043212890625,-0.014677256313022191
528,20230207,3,37.360862731933594,0.00397225021875558
529,20230208,3,37.314674377441406,-0.0012362764431750328
530,20230209,3,37.49020767211914,0.004704135775169815
531,20230210,3,37.12990188598633,-0.009610663917467899
532,20230213,3,37.434776306152344,0.008211021432326548
533,20230214,3,37.3701057434082,-0.0017275530703121378
534,20230215,3,37.055992126464844,-0.0084054784083335
535,20230216,3,37.06523513793945,0.0002494336528102714
536,20230217,3,36.65873336791992,-0.01096719792837475
537,20230221,3,36.196807861328125,-0.012600694681830671
538,20230222,3,36.02126693725586,-0.004849624440496858
539,20230223,3,36.196807861328125,0.004873257911167661
540,20230224,3,35.38380432128906,-0.022460641920517443
541,20230227,3,35.568580627441406,0.005222058783576511
542,20230228,3,35.31913757324219,-0.007013016819871987
543,20230301,3,36.07670211791992,0.021449123527061076
544,20230302,3,36.20603561401367,0.003584958948603889
545,20230303,3,36.52939224243164,0.008931014482370214
546,20230306,3,36.400054931640625,-0.003540636809193365
547,20230307,3,35.790306091308594,-0.016751316487767398
548,20230308,3,35.9381217956543,0.004130048621785898
549,20230309,3,35.14360427856445,-0.022107931004505588
550,20230310,3,34.958831787109375,-0.005257642044637412
551,20230313,3,35.01426696777344,0.0015857274923158915
552,20230314,3,35.032745361328125,0.0005277389805615762
553,20230315,3,34.43223571777344,-0.017141381223795715
554,20230316,3,34.958831787109375,0.015293693783122952
555,20230317,3,34.74634552001953,-0.006078185575073891
556,20230320,3,34.87568664550781,0.0037224382464555728
557,20230321,3,35.189796447753906,0.009006555352984114
558,20230322,3,35.32837677001953,0.003938082519783004
559,20230323,3,35.81801986694336,0.01385976774736375
560,20230324,3,35.72563171386719,-0.002579376342393469
561,20230327,3,35.53162384033203,-0.005430495255871137
562,20230328,3,36.03974533081055,0.014300542321450171
563,20230329,3,36.1413688659668,0.002819762854133545
564,20230330,3,36.50167465209961,0.009969345308115996
565,20230331,3,36.45547866821289,-0.0012655853279888163
566,20230403,3,36.52939224243164,0.002027502502201406
567,20230404,3,36.52939224243164,0.0
568,20230405,3,36.24300003051758,-0.00784004863846044
569,20230406,3,36.390811920166016,0.004078356910961478
570,20230410,3,36.42776870727539,0.0010155526947419613
571,20230411,3,36.64949417114258,0.006086715484797223
572,20230412,3,36.390811920166016,-0.007058276159790711
573,20230413,3,36.88970184326172,0.013709227598168505
574,20230414,3,36.69568634033203,-0.005259340499796594
575,20230417,3,36.85274124145508,0.004279928154673263
576,20230418,3,36.806549072265625,-0.0012534255969401942
577,20230419,3,36.43700408935547,-0.01004019643853582
578,20230420,3,36.38157653808594,-0.0015211884910626416
579,20230421,3,36.03974533081055,-0.009395722775167425
580,20230424,3,35.95659255981445,-0.0023072519029430083
581,20230425,3,35.28218078613281,-0.01875627598915952
582,20230426,3,35.48542785644531,0.00576061529599059
583,20230427,3,35.96583557128906,0.01353816887278958
584,20230428,3,36.15060806274414,0.005137444703288807
585,20230501,3,36.0305061340332,-0.003322265797092161
586,20230502,3,35.679443359375,-0.009743487181452681
587,20230503,3,35.6240119934082,-0.001553593911442941
588,20230504,3,35.91040802001953,0.008039409673012754
589,20230505,3,36.390811920166016,0.013377845773255181
590,20230508,3,36.40929412841797,0.000507881173206659
591,20230509,3,36.18756103515625,-0.006090013513572967
592,20230510,3,36.16909408569336,-0.0005103120778144898
593,20230511,3,36.03974533081055,-0.003576223241211207
594,20230512,3,35.614768981933594,-0.011791879908586322
595,20230515,3,36.27070617675781,0.018417561409901584
596,20230516,3,36.01203155517578,-0.007131777923524152
597,20230517,3,36.17832565307617,0.004617737203900907
598,20230518,3,35.984310150146484,-0.005362755169770805
599,20230519,3,36.01203155517578,0.0007703747803871064
600,20230522,3,36.30766296386719,0.008209239965772497
601,20230523,3,35.744110107421875,-0.015521595455101345
602,20230524,3,35.476192474365234,-0.007495434415669244
603,20230525,3,35.40228271484375,-0.002083362231583674
604,20230526,3,36.0305061340332,0.017745279993655494
605,20230530,3,35.614768981933594,-0.011538476605159831
606,20230531,3,35.28218078613281,-0.009338490893187945
607,20230601,3,35.91040802001953,0.017805793743158826
608,20230602,3,36.52939224243164,0.017236903074647092
609,20230605,3,36.52014923095703,-0.00025302943485250307
610,20230606,3,36.843502044677734,0.008854093439645716
611,20230607,3,36.68522262573242,-0.004295992784653757
612,20230608,3,36.945926666259766,0.007106513791318214
613,20230609,3,37.11351776123047,0.0045361183246150905
614,20230612,3,37.18800735473633,0.0020070744569429255
615,20230613,3,37.560447692871094,0.010015065732940753
616,20230614,3,37.83978271484375,0.007436946019833357
617,20230615,3,38.19359588623047,0.009350296064145391
618,20230616,3,38.0632438659668,-0.0034129287185201695
619,20230620,3,37.318363189697266,-0.01956955321234577
620,20230621,3,37.14145278930664,-0.004740572342129545
621,20230622,3,37.011104583740234,-0.003509507458037131
622,20230623,3,36.47106170654297,-0.014591374217848063
623,20230626,3,36.59210968017578,0.0033190142531851485
624,20230627,3,36.96455001831055,0.010178159756023542
625,20230628,3,36.74108123779297,-0.006045488999781745
626,20230629,3,36.545555114746094,-0.005321730239276401
627,20230630,3,36.83419418334961,0.007898062232116754
628,20230703,3,37.24387741088867,0.0111223616159426
629,20230705,3,37.020408630371094,-0.00600014810628291
630,20230706,3,36.2662239074707,-0.020372133933758585
631,20230707,3,36.675907135009766,0.011296550437242203
632,20230710,3,36.70383834838867,0.0007615684399049361
633,20230711,3,37.07627868652344,0.01014717683201427
634,20230712,3,37.90495300292969,0.022350525612686578
635,20230713,3,38.39844512939453,0.013019199006174764
636,20230714,3,38.18428039550781,-0.005577432449804354
637,20230717,3,38.2308464050293,0.001219507321839286
638,20230718,3,37.95150375366211,-0.007306734682453686
639,20230719,3,37.87702560424805,-0.0019624558198665376
640,20230720,3,37.59769058227539,-0.007374787685053286
641,20230721,3,37.541831970214844,-0.00148569263684728
642,20230724,3,38.05392837524414,0.013640687685022579
643,20230725,3,38.37050247192383,0.008319091095090103
644,20230726,3,38.593971252441406,0.005823973263865634
645,20230727,3,38.11910629272461,-0.01230412275043491
646,20230728,3,39.0408935546875,0.02418176477917111
647,20230731,3,39.05951690673828,0.0004770216651084347
648,20230801,3,38.566036224365234,-0.012634070297165234
649,20230802,3,37.64425277709961,-0.023901430831599457
650,20230803,3,37.79322814941406,0.003957453298291558
651,20230804,3,37.74666976928711,-0.0012319238764915141
652,20230807,3,37.69080352783203,-0.0014800310013185491
653,20230808,3,37.234561920166016,-0.012104852244105513
654,20230809,3,37.327674865722656,0.002500712798938931
655,20230810,3,37.383541107177734,0.0014966440223251887
656,20230811,3,36.83419418334961,-0.01469488731025137
657,20230814,3,36.657283782958984,-0.004802885045075755
658,20230815,3,36.238285064697266,-0.011430162713160441
659,20230816,3,35.91240692138672,-0.008992648044154006
660,20230817,3,35.99620819091797,0.002333490754732548
661,20230818,3,35.754119873046875,-0.006725383867853485
662,20230821,3,35.837921142578125,0.0023438213506248307
663,20230822,3,35.763431549072266,-0.002078513237682156
664,20230823,3,36.33140182495117,0.015881313712851508
665,20230824,3,36.191734313964844,-0.0038442642994966914
666,20230825,3,36.22898483276367,0.00102925487006722
667,20230828,3,36.58279800415039,0.00976602499407453
668,20230829,3,37.048343658447266,0.012725807748331874
669,20230830,3,36.927303314208984,-0.0032670919206042592
670,20230831,3,36.47106170654297,-0.012355129314045032
671,20230901,3,36.89937210083008,0.011743842220262701
672,20230905,3,36.60142517089844,-0.008074579944544302
673,20230906,3,36.396575927734375,-0.005596755924327734
674,20230907,3,35.9682731628418,-0.011767666434968405
675,20230908,3,36.04276657104492,0.00207108658972488
676,20230911,3,36.48968505859375,0.012399672113623472
677,20230912,3,36.377952575683594,-0.0030620292482859135
678,20230913,3,36.33140182495117,-0.0012796418554775757
679,20230914,3,36.573486328125,0.006663230456678271
680,20230915,3,36.43382263183594,-0.0038187143286272374
681,20230918,3,36.38726806640625,-0.0012777842693071362
682,20230919,3,36.17311477661133,-0.005885390719745587
683,20230920,3,36.024139404296875,-0.004118400453885673
684,20230921,3,35.400306701660156,-0.017317074410452382
685,20230922,3,35.819297790527344,0.011835803921086852
686,20230925,3,35.661006927490234,-0.004419150368686786
687,20230926,3,35.1582145690918,-0.014099219335583224
688,20230927,3,35.21408462524414,0.0015891039074964475
689,20230928,3,35.30719757080078,0.0026441961092433797
690,20230929,3,35.33512878417969,0.0007910912023787464
691,20231002,3,35.1582145690918,-0.005006751671076337
692,20231003,3,34.692665100097656,-0.013241556054539028
693,20231004,3,34.59025192260742,-0.00295201239785825
694,20231005,3,34.72060775756836,0.0037685714244752866
695,20231006,3,35.2234001159668,0.014481093243214893
696,20231009,3,35.05580520629883,-0.004758055983130283
697,20231010,3,35.558589935302734,0.01434240993881275
698,20231011,3,35.78205490112305,0.006284415839517221
699,20231012,3,35.381683349609375,-0.011189171572734469
700,20231013,3,35.25132751464844,-0.0036842745347325234
701,20231016,3,35.51203918457031,0.007395797216815048
702,20231017,3,35.41893005371094,-0.002621903247387425
703,20231018,3,34.87888717651367,-0.015247295058837707
704,20231019,3,34.674049377441406,-0.00587283069083111
705,20231020,3,34.25505447387695,-0.012083818045118377
706,20231023,3,34.22711944580078,-0.0008155009094343857
707,20231024,3,34.664737701416016,0.012785716785434165
708,20231025,3,34.20849609375,-0.01316154795676927
709,20231026,3,34.0409049987793,-0.004899107359511268
710,20231027,3,34.012969970703125,-0.0008206311811385092
711,20231030,3,34.36678695678711,0.010402413737722549
712,20231031,3,34.1712532043457,-0.005689614006897714
713,20231101,3,34.487831115722656,0.009264451306008725
714,20231102,3,35.09304428100586,0.017548600352757182
715,20231103,3,35.80998611450195,0.02042974179598711
716,20231106,3,36.098628997802734,0.00806040198892699
717,20231107,3,36.033451080322266,-0.0018055510497209104
718,20231108,3,35.79136657714844,-0.00671832688559848
719,20231109,3,35.4561767578125,-0.009365102576159967
720,20231110,3,35.70756530761719,0.00709012005219356
721,20231113,3,35.69825744628906,-0.0002606691676662054
722,20231114,3,36.647972106933594,0.026603950124833187
723,20231115,3,36.955238342285156,0.008384262966993239
724,20231116,3,36.60142517089844,-0.009574100648726658
725,20231117,3,36.647972106933594,0.0012717246888016565
726,20231120,3,37.10421371459961,0.012449300232350247
727,20231121,3,36.871437072753906,-0.006273590477787416
728,20231122,3,36.79694747924805,-0.0020202519733331092
729,20231124,3,36.815574645996094,0.000506214999452137
730,20231127,3,36.66659927368164,-0.0040465312234547746
731,20231128,3,36.973854064941406,0.008379691527059752
732,20231129,3,36.759708404541016,-0.005791813318250849
733,20231130,3,36.83419418334961,0.002026288619835448
734,20231201,3,36.99248123168945,0.004297285493797931
735,20231204,3,36.573486328125,-0.01132648823798077
736,20231205,3,36.35002517700195,-0.006109922065351658
737,20231206,3,36.303466796875,-0.0012808348797626046
738,20231207,3,36.48038101196289,0.0048732044263914975
739,20231208,3,36.32209014892578,-0.004339068251101863
740,20231211,3,36.5362434387207,0.005895951717449721
741,20231212,3,36.545555114746094,0.0002548613417525658
742,20231213,3,36.90868377685547,0.00993632908213371
743,20231214,3,37.44872283935547,0.014631761613743688
744,20231215,3,37.22525405883789,-0.005967327149611901
745,20231218,3,37.206634521484375,-0.0005001856353776812
746,20231219,3,37.5232048034668,0.008508436359639715
747,20231220,3,36.84772491455078,-0.018001657706316343
748,20231221,3,37.540279388427734,0.018795040276787134
749,20231222,3,37.36002731323242,-0.0048015645629658765
750,20231226,3,37.65412902832031,0.007872095826432224
751,20231227,3,37.87232971191406,0.005794867368453582
752,20231228,3,38.16642761230469,0.007765508555395373
753,20231229,3,38.14745330810547,-0.0004971464553077398
754,20240102,3,37.701568603515625,-0.01168845272549568
755,20240103,3,37.49284362792969,-0.005536241151687049
756,20240104,3,37.36951446533203,-0.0032894054081772373
757,20240105,3,37.41694641113281,0.0012692684526256492
758,20240108,3,37.521305084228516,0.00278907508776971
759,20240109,3,36.99003219604492,-0.014159232654380793
760,20240110,3,36.90464401245117,-0.002308410631848057
761,20240111,3,37.05644607543945,0.004113359363040248
762,20240112,3,37.18926239013672,0.0035841622379781946
763,20240116,3,36.28799057006836,-0.024234732343263454
764,20240117,3,35.74722671508789,-0.01490200604897951
765,20240118,3,36.041324615478516,0.008227152912718028
766,20240119,3,36.42081069946289,0.01052919358633675
767,20240122,3,36.09824752807617,-0.008856562091614117
768,20240123,3,36.411319732666016,0.008672781257493156
769,20240124,3,36.81926727294922,0.01120386581091748
770,20240125,3,36.86669921875,0.001288237091986666
771,20240126,3,36.89515686035156,0.0007719064143145715
772,20240129,3,36.91413497924805,0.0005143796777533627
773,20240130,3,36.62003707885742,-0.007967080917809843
774,20240131,3,36.42081069946289,-0.005440365310540707
775,20240201,3,36.771827697753906,0.009637813973651932
776,20240202,3,36.66747283935547,-0.0028379024087729077
777,20240205,3,36.71491241455078,0.0012937781505464319
778,20240206,3,37.54977035522461,0.022738933195519673
779,20240207,3,37.59720230102539,0.0012631753896781284
780,20240208,3,37.388484954833984,-0.005551406312637064
781,20240209,3,37.54977035522461,0.004313772023270213
782,20240212,3,37.84386444091797,0.007832114095803977
783,20240213,3,37.1323356628418,-0.018801694504191446
784,20240214,3,37.66361618041992,0.01430775921025007
785,20240215,3,37.84386444091797,0.00478573962825557
786,20240216,3,38.02412033081055,0.004763147013540081
787,20240220,3,38.0810432434082,0.00149702115663497
788,20240221,3,38.14745330810547,0.0017439140065775849
789,20240222,3,38.53642272949219,0.010196471524458683
790,20240223,3,38.51744842529297,-0.0004923732628845379
791,20240226,3,38.3466796875,-0.0044335423236611105
792,20240227,3,38.42258071899414,0.001979337770901868
793,20240228,3,37.91976547241211,-0.013086451695147772
794,20240229,3,37.93873977661133,0.0005003803151952813
795,20240301,3,38.40360641479492,0.012253085920112206
796,20240304,3,38.31822204589844,-0.00222334246357625
797,20240305,3,37.9766845703125,-0.008913186921273075
798,20240306,3,38.526939392089844,0.014489280146574357
799,20240307,3,38.76411437988281,0.006156081732297203
800,20240308,3,38.72616195678711,-0.0009790607551039
801,20240311,3,38.811546325683594,0.0022048239376719625
802,20240312,3,39.23846435546875,0.010999768630775897
803,20240313,3,39.115135192871094,-0.0031430680232639174
804,20240314,3,38.91590881347656,-0.00509333224625641
805,20240315,3,38.67872619628906,-0.0060947469664479614
806,20240318,3,38.74513626098633,0.0017169661782614476
807,20240319,3,38.55540084838867,-0.004897012397107159
808,20240320,3,38.99180221557617,0.011318812866284444
809,20240321,3,39.03923797607422,0.0012165572710844952
810,20240322,3,38.76411437988281,-0.007047360820926385
811,20240325,3,38.792572021484375,0.0007341233524047475
812,20240326,3,38.76411437988281,-0.0007335848106643228
813,20240327,3,38.83052062988281,0.0017130856995526411
814,20240328,3,38.97282791137695,0.003664830632855942
815,20240401,3,39.03923797607422,0.0017040093895233088
816,20240402,3,39.162567138671875,0.0031591078358967906
817,20240403,3,39.19103240966797,0.0007268489549037138
818,20240404,3,39.04872512817383,-0.003631118466249861
819,20240405,3,39.13410568237305,0.00218651323235175
820,20240408,3,39.3902587890625,0.006545520901090285
821,20240409,3,39.6558952331543,0.006743709035127221
822,20240410,3,39.115135192871094,-0.013636308980136236
823,20240411,3,39.35231018066406,0.0060635093455128075
824,20240412,3,38.4510383605957,-0.022902640681847553
825,20240415,3,38.20437240600586,-0.006415066149231041
826,20240416,3,37.701568603515625,-0.013160896798587118
827,20240417,3,37.67310333251953,-0.0007550155616984355
828,20240418,3,37.82489013671875,0.004029049660695172
829,20240419,3,37.67310333251953,-0.004012881561600956
830,20240422,3,38.0810432434082,0.010828412708345558
831,20240423,3,38.39411926269531,0.008221308888151313
832,20240424,3,38.526939392089844,0.003459387321421925
833,20240425,3,38.61231994628906,0.002216126054818357
834,20240426,3,39.05820846557617,0.011547830327402142
835,20240429,3,39.43769073486328,0.009715813504901583
836,20240430,3,38.88744354248047,-0.013952317748067045
837,20240501,3,38.92538833618164,0.0009757595317296808
838,20240502,3,39.93101501464844,0.02583472436502454
839,20240503,3,40.29153060913086,0.00902846056756057
840,20240506,3,40.3294792175293,0.0009418507518759167
841,20240507,3,40.10178756713867,-0.005645787022502846
842,20240508,3,40.111270904541016,0.0002364816627304922
843,20240509,3,40.2346076965332,0.0030748662211603772
844,20240510,3,40.31999206542969,0.002122162332002686
845,20240513,3,40.623573303222656,0.0075292980539363175
846,20240514,3,40.841773986816406,0.005371282382400366
847,20240515,3,41.27817916870117,0.010685265092197804
848,20240516,3,41.363563537597656,0.0020685110297022913
849,20240517,3,41.543819427490234,0.004357842373245546
850,20240520,3,41.39202880859375,-0.003653747320017553
851,20240521,3,41.13587951660156,-0.006188372480524729
852,20240522,3,41.00305938720703,-0.003228814624977927
853,20240523,3,40.6994743347168,-0.00740396099772378
854,20240524,3,40.81331253051758,0.002797043393351073
855,20240528,3,40.75638961791992,-0.0013947143485374403
856,20240529,3,40.14922332763672,-0.014897450337854279
857,20240530,3,40.035377502441406,-0.002835567310138898
858,20240531,3,39.64641189575195,-0.009715547372214361
859,20240603,3,40.06383514404297,0.010528651354089869
860,20240604,3,39.50409698486328,-0.013971157707873938
861,20240605,3,40.13973617553711,0.0160904624884195
862,20240606,3,40.338966369628906,0.004963415634336332
863,20240607,3,39.88358688354492,-0.01128882386106056
864,20240610,3,40.120758056640625,0.005946585842146357
865,20240611,3,39.987022399902344,-0.0033333282623793092
866,20240612,3,40.38823318481445,0.010033524899645707
867,20240613,3,40.292701721191406,-0.002365329109245806
868,20240614,3,40.34046936035156,0.0011855159152813766
869,20240617,3,40.598388671875,0.006393562484846349
870,20240618,3,40.97093963623047,0.009176496322711447
871,20240620,3,40.90407180786133,-0.0016320794436944785
872,20240621,3,40.760780334472656,-0.00350311025420047
873,20240624,3,40.760780334472656,0.0
874,20240625,3,40.66525650024414,-0.0023435231966775216
875,20240626,3,40.57928466796875,-0.0021141347596043136
876,20240627,3,40.607940673828125,0.000706173262881471
877,20240628,3,40.68436050415039,0.0018818937639828448
878,20240701,3,40.779884338378906,0.002347925174312815
879,20240702,3,40.90407180786133,0.003045311959493313
880,20240703,3,41.505882263183594,0.01471272733309159
881,20240705,3,41.677825927734375,0.0041426336503465055
882,20240708,3,41.6873779296875,0.00022918666558302547
883,20240709,3,41.85932540893555,0.004124689241382873
884,20240710,3,42.09813690185547,0.005705096548664024
885,20240711,3,42.34651184082031,0.005899903350684799
886,20240712,3,42.51845169067383,0.004060307269222907
887,20240715,3,42.069480895996094,-0.010559434241492194
888,20240716,3,42.30829620361328,0.005676687768208621
889,20240717,3,41.62051010131836,-0.016256530373732758
890,20240718,3,41.22885513305664,-0.009410143395847337
891,20240719,3,40.82765197753906,-0.009731125305875832
892,20240722,3,41.171539306640625,0.008422902431194146
893,20240723,3,40.80854415893555,-0.00881665232386708
894,20240724,3,40.216285705566406,-0.014513099292699394
895,20240725,3,40.053890228271484,-0.00403805260594825
896,20240726,3,40.46464920043945,0.010255157984081054
897,20240729,3,40.33091735839844,-0.0033049055084743983
898,20240730,3,40.149417877197266,-0.004500256703518168
899,20240731,3,41.028255462646484,0.021889173789200855
900,20240801,3,40.31180953979492,-0.017462256553994582
901,20240802,3,39.7386589050293,-0.014217933685160555
902,20240805,3,38.611454010009766,-0.02836544881178349
903,20240806,3,38.8311653137207,0.005690314165687216
904,20240807,3,39.06998062133789,0.006150093763289677
905,20240808,3,39.958370208740234,0.02273841894145079
906,20240809,3,40.17808151245117,0.0054985051332969714
907,20240812,3,40.31180953979492,0.0033283825984151694
908,20240813,3,40.760780334472656,0.011137450781873781
909,20240814,3,40.541072845458984,-0.005390168863569578
910,20240815,3,40.99004364013672,0.011074467525543641
911,20240816,3,41.46767044067383,0.01165226377240125
912,20240819,3,41.8688850402832,0.009675359028990416
913,20240820,3,41.54409408569336,-0.007757334695618345
914,20240821,3,41.706485748291016,0.003908898874114053
915,20240822,3,41.190643310546875,-0.012368398547347725
916,20240823,3,41.87843322753906,0.016697722145458282
917,20240826,3,41.52499008178711,-0.008439741377896937
918,20240827,3,41.582298278808594,0.0013800893608550968
919,20240828,3,41.32438278198242,-0.006202531064946282
920,20240829,3,41.34348678588867,0.00046229375056938693
921,20240830,3,41.42945861816406,0.0020794528705483373
922,20240903,3,40.607940673828125,-0.019829318840670407
923,20240904,3,40.598388671875,-0.00023522497803685205
924,20240905,3,40.655704498291016,0.0014117758928624546
925,20240906,3,39.91060256958008,-0.018327118860829383
926,20240909,3,40.24494552612305,0.008377296633396591
927,20240910,3,40.092105865478516,-0.003797735557756532
928,20240911,3,40.38823318481445,0.00738617523184093
929,20240912,3,40.72256851196289,0.008278037952750728
930,20240913,3,40.91362380981445,0.00469163181088228
931,20240916,3,41.047359466552734,0.0032687316420552115
932,20240917,3,41.09511947631836,0.001163534278119549
933,20240918,3,40.95183181762695,-0.0034867317705202794
934,20240919,3,41.82111740112305,0.021227025627750473
935,20240920,3,41.735145568847656,-0.0020557038553227214
936,20240923,3,42.05992889404297,0.007782010120451988
937,20240924,3,43.49281311035156,0.03406768042614394
938,20240925,3,43.0342903137207,-0.010542495732972723
939,20240926,3,44.61046600341797,0.03662604119196389
940,20240927,3,44.52449035644531,-0.0019272528326887972
941,20240930,3,43.808048248291016,-0.016090967070453766
942,20241001,3,44.123287200927734,0.00719591411263143
943,20241002,3,44.9925651550293,0.01970111497230609
944,20241003,3,44.45762252807617,-0.011889578313881266
945,20241004,3,44.86838150024414,0.009239337346673482
946,20241007,3,45.24093246459961,0.008303195967820809
947,20241008,3,44.123287200927734,-0.024704293275706002
948,20241009,3,43.88447189331055,-0.005412455026971963
949,20241010,3,43.97044372558594,0.0019590490341185873
950,20241011,3,44.285675048828125,0.007169164023213215
951,20241014,3,44.10417556762695,-0.004098379013101949
952,20241015,3,43.168025970458984,-0.021225872269906243
953,20241016,3,43.50236892700195,0.007745152784419007
954,20241017,3,43.43550109863281,-0.0015371077488066653
955,20241018,3,43.865360260009766,0.0098964936631174
956,20241021,3,43.5596809387207,-0.006968581119068951
957,20241022,3,43.46415710449219,-0.002192941549845062
958,20241023,3,43.20623779296875,-0.0059340690975180355
959,20241024,3,43.13936996459961,-0.0015476429280779636
960,20241025,3,43.101158142089844,-0.0008857760913318913
961,20241028,3,43.292213439941406,0.004432718425377846
962,20241029,3,43.158477783203125,-0.003089138810696501
963,20241030,3,42.738162994384766,-0.009738869635989356
964,20241031,3,42.46113586425781,-0.006481961570583894
965,20241101,3,42.49934768676758,0.0008999246424288287
966,20241104,3,42.738162994384766,0.005619269956266715
967,20241105,3,43.320865631103516,0.013634246207430811
968,20241106,3,42.78592300415039,-0.012348382682571435
969,20241107,3,43.73162841796875,0.022103190662186245
970,20241108,3,42.65218734741211,-0.02468330381479944
971,20241111,3,42.3274040222168,-0.007614693299311415
972,20241112,3,41.52499008178711,-0.01895731521849331
973,20241113,3,41.257511138916016,-0.006441396911697539
974,20241114,3,41.028255462646484,-0.005556701554236154
975,20241115,3,41.028255462646484,0.0
976,20241118,3,41.49633026123047,0.011408596180993769
977,20241119,3,41.46767044067383,-0.0006906591589236344
978,20241120,3,41.4199104309082,-0.0011517408443272314
979,20241121,3,41.33393478393555,-0.0020757081818434386
980,20241122,3,41.34348678588867,0.00023109345875393927
981,20241125,3,41.37214660644531,0.0006932124691143571
982,20241126,3,41.200199127197266,-0.004156116937409804
983,20241127,3,41.257511138916016,0.001391061522343806
984,20241129,3,41.32438278198242,0.00162083560593973
985,20241202,3,41.486778259277344,0.003929773812997528
986,20241203,3,41.57274627685547,0.0020721786840340872
987,20241204,3,41.677825927734375,0.0025276090778107996
988,20241205,3,41.95485305786133,0.00664687094301164
989,20241206,3,41.88798522949219,-0.001593804375310759
990,20241209,3,42.74771499633789,0.020524495559657296
991,20241210,3,42.05992889404297,-0.016089423782156387
992,20241211,3,42.231876373291016,0.00408815430195375
993,20241212,3,42.02172088623047,-0.004976228979336916
994,20241213,3,42.05992889404297,0.000909244243374685
995,20241216,3,41.83066940307617,-0.005450781705892638
996,20241217,3,41.73061752319336,-0.0023918307144148443
997,20241218,3,40.75923538208008,-0.023277444686108484
998,20241219,3,40.895225524902344,0.0033364252677334783
999,20241220,3,41.060359954833984,0.004037988000117121
1000,20241223,3,41.293495178222656,0.005677866040266544
1001,20241224,3,41.41977310180664,0.003058058491754334
1002,20241226,3,41.274070739746094,-0.0035177006330388005
1003,20241227,3,41.08950424194336,-0.004471729938307245
1004,20241230,3,40.75923538208008,-0.008037791303555086
1005,20241231,3,40.62323760986328,-0.003336612449717058
1006,20250102,3,40.56495666503906,-0.001434670111327363
1007,20250103,3,40.94379806518555,0.009339129911433819
1008,20250106,3,41.08950424194336,0.0035586873627559967
1009,20250107,3,40.79808807373047,-0.007092228869371886
1010,20250108,3,40.60380935668945,-0.004761956410553214
1011,20250110,3,39.91413116455078,-0.01698555389421974
1012,20250113,3,39.64214324951172,-0.006814326332640452
1013,20250114,3,40.0889778137207,0.011271705502817086
1014,20250115,3,40.613529205322266,0.013084678637578895
1015,20250116,3,40.56495666503906,-0.0011959694523872022
1016,20250117,3,40.8855094909668,0.007902210486126382
1017,20250121,3,41.322635650634766,0.010691469058604852
1018,20250122,3,41.351776123046875,0.0007051939440281263
1019,20250123,3,41.44891357421875,0.002349051486514986
1020,20250124,3,41.72090530395508,0.006562095511847277
1021,20250127,3,40.96322250366211,-0.01816074686713809
1022,20250128,3,41.26435470581055,0.00735128204626756
1023,20250129,3,41.274070739746094,0.00023545827881754633
1024,20250130,3,41.97346115112305,0.016945031077427952
1025,20250131,3,41.49748611450195,-0.011339904395955669
1026,20250203,3,41.19635772705078,-0.007256545290967309
1027,20250204,3,41.93460464477539,0.01792019873737183
1028,20250205,3,41.827754974365234,-0.0025480071009437166
1029,20250206,3,42.00260925292969,0.00418034098821729
1030,20250207,3,41.963748931884766,-0.0009251882617794527
1031,20250210,3,42.468868255615234,0.012037039983018971
1032,20250211,3,42.30373001098633,-0.003888454093830762
1033,20250212,3,42.536865234375,0.005510985043827743
1034,20250213,3,42.8088493347168,0.006394079555303023
1035,20250214,3,43.139122009277344,0.007715056108567264
1036,20250218,3,43.411109924316406,0.006304901499399218
1037,20250219,3,43.34311294555664,-0.0015663496943135735
1038,20250220,3,43.74137878417969,0.009188676390717632
1039,20250221,3,43.61509704589844,-0.002887008635560462
1040,20250224,3,42.944847106933594,-0.015367383873054474
1041,20250225,3,42.9739875793457,0.0006785557377710916
1042,20250226,3,43.401397705078125,0.00994578697039139
1043,20250227,3,42.55629348754883,-0.01947182031491157
1044,20250228,3,41.97346115112305,-0.013695561541239631
1045,20250303,3,41.604339599609375,-0.0087941652032143
1046,20250304,3,41.95403289794922,0.008405212093382852
1047,20250305,3,43.20711898803711,0.029868072352804642
1048,20250306,3,42.93513107299805,-0.006294979193460448
1049,20250307,3,43.148834228515625,0.0049773495544764845
1050,20250310,3,42.119171142578125,-0.023863056890121692
1051,20250311,3,42.468868255615234,0.008302563976231747
1052,20250312,3,42.70199966430664,0.005489466008093524
1053,20250313,3,42.52715301513672,-0.004094577550101786
1054,20250314,3,43.30426025390625,0.018273201558847152
1055,20250317,3,44.04250717163086,0.01704790506513776
1056,20250318,3,43.819091796875,-0.005072721538881164
1057,20250319,3,43.92594528198242,0.0024385143718346214
1058,20250320,3,43.51796340942383,-0.009287947474768132
1059,20250321,3,43.30426025390625,-0.004910688340514113
1060,20250324,3,43.49853515625,0.004486276897576635
1061,20250325,3,43.37225341796875,-0.002903126227760011
1062,20250326,3,43.109981536865234,-0.0060469968801496465
1063,20250327,3,43.32368469238281,0.004957161842781943
1064,20250328,3,42.51743698120117,-0.018609860100920583
1065,20250331,3,42.449440002441406,-0.0015992727593111544
1066,20250401,3,42.58543395996094,0.003203669059278713
1067,20250402,3,42.64371871948242,0.001368654821652937
1068,20250403,3,41.74032974243164,-0.02118457311364952
1069,20250404,3,39.41872787475586,-0.05562011325741223
1070,20250407,3,37.951934814453125,-0.03721056308471293
1071,20250408,3,37.41767883300781,-0.014077173774072027
1072,20250409,3,40.01126480102539,0.06931445372634015
1073,20250410,3,39.32158660888672,-0.01723710049078475
1074,20250411,3,40.555240631103516,0.03137345485286169
1075,20250414,3,40.92436981201172,0.009101886098170642
1076,20250415,3,40.8855094909668,-0.0009495643115197128
1077,20250416,3,40.40953826904297,-0.01164156269176464
1078,20250417,3,40.72037887573242,0.007692258313369171
1079,20250421,3,40.710662841796875,-0.00023860372137496366
1080,20250422,3,41.322635650634766,0.015032248706341012
1081,20250423,3,41.79861068725586,0.011518506240629556
1082,20250424,3,42.2843017578125,0.011619789810495496
1083,20250425,3,42.20659637451172,-0.0018376886946329662
1084,20250428,3,42.2843017578125,0.0018410720118551271
1085,20250429,3,42.400875091552734,0.002756893903745228
1086,20250430,3,42.50772476196289,0.002519987386568001
1087,20250501,3,42.498008728027344,-0.00022857101832562954
1088,20250502,3,43.71223831176758,0.028571446523786292
1089,20250505,3,44.04250717163086,0.007555523867428526
1090,20250506,3,43.86766052246094,-0.0039699522211248395
1091,20250507,3,43.36254119873047,-0.011514617322066711
1092,20250508,3,43.333396911621094,-0.0006721074527391568
1093,20250509,3,43.624813079833984,0.006724978630390677
1094,20250512,3,44.567054748535156,0.021598755437114647
1095,20250513,3,44.64476776123047,0.0017437322958360202
1096,20250514,3,44.98474884033203,0.007615250255524897
1097,20250515,3,44.9653205871582,-0.0004318853316884752
1098,20250516,3,44.936180114746094,-0.0006480654876156455
1099,20250519,3,45.03331756591797,0.0021616757571256695
1100,20250520,3,44.98474884033203,-0.0010785064972138603
1101,20250521,3,44.868186950683594,-0.0025911423905501385
1102,20250522,3,44.722476959228516,-0.0032475123546943374
1103,20250523,3,44.90704345703125,0.004126929238981836
1104,20250527,3,44.80018997192383,-0.0023794370967588074
1105,20250528,3,44.596195220947266,-0.0045534349542804
1106,20250529,3,44.76133346557617,0.003702967121090639
1107,20250530,3,44.21735763549805,-0.012152806629330493
1108,20250602,3,44.53791427612305,0.007249565730894192
1109,20250603,3,44.64476776123047,0.0023991578151809634
1110,20250604,3,45.198455810546875,0.012402081522243424
1111,20250605,3,45.43158721923828,0.005157950742135986
1112,20250606,3,45.57728958129883,0.0032070717969292506
1113,20250609,3,45.96584701538086,0.00852524223470863
1114,20250610,3,46.22812271118164,0.005705881928228518
1115,20250611,3,46.42239761352539,0.00420252631839535
1116,20250612,3,46.50010299682617,0.0016738769924744545
1117,20250613,3,45.76185989379883,-0.015876160598563227
1118,20250616,3,46.32286834716797,0.012259301843742687
1119,20250617,3,45.714778900146484,-0.013127197617905262
1120,20250618,3,45.7049674987793,-0.00021462208946954053
1121,20250620,3,45.44015884399414,-0.00579387032256895
1122,20250623,3,45.81285858154297,0.008201990200527032
1123,20250624,3,46.99961853027344,0.025904516449636983
1124,20250625,3,47.03884506225586,0.0008346138374963896
1125,20250626,3,47.35270309448242,0.006672315865986267
1126,20250627,3,47.166351318359375,-0.003935398909566401
1127,20250630,3,47.313472747802734,0.0031192031041438195
1128,20250701,3,47.4017448425293,0.0018656862326948964
1129,20250702,3,47.60770797729492,0.0043450538677394235
1130,20250703,3,47.823482513427734,0.004532344557224288
1131,20250707,3,47.14673614501953,-0.014150921949654949
1132,20250708,3,47.440975189208984,0.006240920756092061
1133,20250709,3,47.362510681152344,-0.001653939611142019
1134,20250710,3,47.490013122558594,0.0026920541071946413
1135,20250711,3,47.33308792114258,-0.0033043831976006244
1136,20250714,3,47.4017448425293,0.0014505058596874232
1137,20250715,3,47.745018005371094,0.007241783271526581
1138,20250716,3,47.970603942871094,0.0047248057896767115
1139,20250717,3,48.24522399902344,0.005724757113322765
1140,20250718,3,48.13733673095703,-0.0022362269075295593
1141,20250721,3,48.451194763183594,0.006520053944420345
1142,20250722,3,48.48061752319336,0.0006072659333495878
1143,20250723,3,48.971012115478516,0.010115271160697326
1144,20250724,3,48.70619583129883,-0.005407613049843163
1145,20250725,3,48.55907440185547,-0.0030205896176522806
1146,20250728,3,48.23542022705078,-0.006665163592828316
1147,20250729,3,48.255035400390625,0.0004066549694707877
1148,20250730,3,47.90195083618164,-0.007317051190187884
1149,20250731,3,47.62732696533203,-0.005733041474423217
1150,20250801,3,47.27423858642578,-0.007413566987777065
1151,20250804,3,47.7646369934082,0.010373480814204639
1152,20250805,3,47.90195083618164,0.0028748013471218137
1153,20250806,3,48.12752914428711,0.004709167459106656
1154,20250807,3,48.52965545654297,0.008355432315053646
1155,20250808,3,48.490421295166016,-0.0008084574474691575
1156,20250811,3,48.353111267089844,-0.002831693856408246
1157,20250812,3,48.94158935546875,0.012170428602376937
1158,20250813,3,49.53006362915039,0.012024012326356637
1159,20250814,3,48.921974182128906,-0.012277178797396093
1160,20250815,3,48.98081970214844,0.001202844345578935
1161,20250818,3,49.2652473449707,0.005806918801111616
1162,20250819,3,48.86312484741211,-0.008162396805659111
1163,20250820,3,48.79446792602539,-0.001405086588324389
1164,20250821,3,48.686580657958984,-0.0022110553235249464
1165,20250822,3,49.65756607055664,0.019943594302076484
1166,20250825,3,49.37313461303711,-0.005727857404758674
1167,20250826,3,49.245635986328125,-0.002582348228611697
1168,20250827,3,48.95139694213867,-0.00597492627105356
1169,20250828,3,49.13774871826172,0.0038068735064562542
1170,20250829,3,48.90235900878906,-0.004790404843785123
1171,20250902,3,48.86312484741211,-0.0008022958845380623
1172,20250903,3,49.049476623535156,0.003813750690423001
1173,20250904,3,48.892547607421875,-0.0031994024588222203
1174,20250905,3,49.48102569580078,0.012036151053204103
1175,20250908,3,49.93218994140625,0.009117924280291456
1176,20250909,3,50.206809997558594,0.00549986003967784
1177,20250910,3,50.55009078979492,0.0068373352589623515
1178,20250911,3,51.28568649291992,0.014551817645271248
1179,20250912,3,51.25625991821289,-0.0005737775336417394
1180,20250915,3,51.628963470458984,0.00727137627366492
1181,20250916,3,52.011470794677734,0.007408774038967669
1182,20250917,3,52.23705291748047,0.004337161002295975
1183,20250918,3,52.10955047607422,-0.0024408429320786906
1184,20250919,3,51.991851806640625,-0.0022586775045705387
1185,20250922,3,52.246864318847656,0.004904855344553427
1186,20250923,3,52.276283264160156,0.000563075807439084
1187,20250924,3,52.0997428894043,-0.0033770643919686094
1188,20250925,3,51.79569625854492,-0.005835856647215976
1189,20250926,3,51.69761657714844,-0.0018935874692543875
1190,20250929,3,52.16839599609375,0.009106404707125426
1191,20250930,3,52.374366760253906,0.003948190474853286
1192,20251001,3,52.78629684448242,0.007865108634423024
1193,20251002,3,53.031494140625,0.004645093723186777
1194,20251003,3,53.18842315673828,0.002959166409627345
1195,20251006,3,53.433624267578125,0.004610046628328757
1196,20251007,3,53.021690368652344,-0.007709263681290879
1197,20251008,3,53.44343185424805,0.007954131274642506
1198,20251009,3,52.89418411254883,-0.01027717948946727
1199,20251010,3,50.942405700683594,-0.036899678946029635
1200,20251013,3,52.42340850830078,0.02907210186183473
1201,20251014,3,51.9526252746582,-0.008980401065833643
1202,20251015,3,52.80591583251953,0.016424397291767923
1203,20251016,3,53.149192810058594,0.0065007295513594965
1204,20251017,3,53.13938522338867,-0.00018452936256196928
1205,20251020,3,53.865169525146484,0.01365812379474729
1206,20251021,3,53.26688766479492,-0.011107026407338405
1207,20251022,3,53.21784591674805,-0.0009206798106075054
1208,20251023,3,53.688629150390625,0.008846341401699265
1209,20251024,3,54.04171371459961,0.006576524113140136
1210,20251027,3,54.63999557495117,0.011070741825678576
1211,20251028,3,54.62038040161133,-0.00035898929224720266
1212,20251029,3,54.934234619140625,0.005746100909982621
1213,20251030,3,54.36537551879883,-0.010355274889796817
1214,20251031,3,54.23787307739258,-0.002345287606119073
1215,20251103,3,54.581153869628906,0.006329171347602358
1216,20251104,3,53.58074188232422,-0.0183288904022485
1217,20251105,3,54.06132888793945,0.008969398122010253
1218,20251106,3,53.65920639038086,-0.007438265130184418
1219,20251107,3,53.50227737426758,-0.0029245497030200296
1220,20251110,3,54.4438362121582,0.017598481487135276
1221,20251111,3,54.502685546875,0.0010809182234601256
1222,20251112,3,54.51249313354492,0.00017994685163702506
1223,20251113,3,53.87498092651367,-0.011694790870589444
1224,20251114,3,53.90440368652344,0.0005461303095382064
1225,20251117,3,53.26688766479492,-0.011826789244083646
1226,20251118,3,53.0020751953125,-0.004971427486975988
1227,20251119,3,52.81571960449219,-0.003516005555133317
1228,20251120,3,52.08993911743164,-0.013741751366743049
1229,20251121,3,52.08012390136719,-0.0001884282498838541
1230,20251124,3,52.629371643066406,0.010546206509405076
1231,20251125,3,52.81571960449219,0.003540759762240775
1232,20251126,3,53.19823455810547,0.007242445174991952
1233,20251128,3,53.27669143676758,0.0014748022996218246
1234,20251201,3,53.237464904785156,-0.0007362794296071895
1235,20251202,3,53.257080078125,0.0003684467954085946
1236,20251203,3,53.29631042480469,0.0007366221847338039
1237,20251204,3,53.28650665283203,-0.00018394841771440795
1238,20251205,3,53.688629150390625,0.007546422590215318
1239,20251208,3,53.5709342956543,-0.0021921747043800455
1240,20251209,3,53.482662200927734,-0.0016477609712646224
1241,20251210,3,54.0809440612793,0.011186463719847994
1242,20251211,3,53.8259391784668,-0.004715244662215068
1243,20251212,3,53.19823455810547,-0.01166174951968968
1244,20251215,3,53.04130935668945,-0.0029498197208897015
1245,20251216,3,52.70604705810547,-0.006320777195174987
1246,20251217,3,52.32801055908203,-0.007172545089687232
1247,20251218,3,52.92491149902344,0.011406910630922251
1248,20251219,3,53.442222595214844,0.00977443478957829
1249,20251222,3,53.73072052001953,0.005398314493576528
1250,20251223,3,54.029170989990234,0.0055545592369175
1251,20251224,3,54.13859939575195,0.0020253578531121974
1252,20251226,3,54.51663589477539,0.006982753585108359
1253,20251229,3,54.37736129760742,-0.0025547173790545497
1254,20251230,3,54.596221923828125,0.004024848227240696
1255,20251231,3,54.427101135253906,-0.0030976646847500344
1256,20260102,3,55.94919204711914,0.027965680334191667
1257,20260105,3,56.565982818603516,0.011024122939343295
1258,20260106,3,56.98381042480469,0.007386552577740346
1259,20260107,3,56.556034088134766,-0.007506980201585689
1260,20260108,3,56.575931549072266,0.00035181853286414544
1261,20260109,3,56.84453582763672,0.004747677523108562
1262,20260112,3,57.64039611816406,0.014000647185167248
1263,20260113,3,57.21261978149414,-0.007421467676817728
1264,20260114,3,57.45138168334961,0.004173238400327461
1265,20260115,3,57.78962326049805,0.005887440253616427
1266,20260116,3,57.57075881958008,-0.0037872619437471222
1267,20260120,3,57.01365661621094,-0.009676825784336707
1268,20260121,3,57.958744049072266,0.016576509716315968
1269,20260122,3,58.39646911621094,0.007552355978729608
1270,20260123,3,58.764556884765625,0.006303253846087431
1271,20260126,3,58.864036560058594,0.0016928516195238164
1272,20260127,3,60.02798843383789,0.01977356535160002
1273,20260128,3,60.43586730957031,0.006794811659930566
1274,20260129,3,60.127471923828125,-0.005102853644219141
1275,20260130,3,58.79439926147461,-0.022170775183136038
1276,20260202,3,58.97346878051758,0.0030456900877002813
1277,20260203,3,59.291812896728516,0.005398090409023171
1278,20260204,3,58.49595260620117,-0.013422768703556631
1279,20260205,3,58.22734832763672,-0.004591843821618147
1280,20260206,3,59.75938415527344,0.026311275914818966
1281,20260209,3,60.19710922241211,0.0073247921364336666
1282,20260210,3,60.286643981933594,0.001487359786508602
1283,20260211,3,61.24168014526367,0.015841587792086775
1284,20260212,3,60.5452995300293,-0.011371024008201225
1285,20260213,3,60.803955078125,0.004272099570131305
1286,20260217,3,60.55524826049805,-0.004090306581330028
1287,20260218,3,60.873592376708984,0.005257085477405221
1288,20260219,3,60.724369049072266,-0.002451363913489213
1289,20260220,3,62.01764678955078,0.021297508080049266
1290,20260223,3,61.331214904785156,-0.011068331681383325
1291,20260224,3,62.296199798583984,0.015733992801168828
1292,20260225,3,62.98263168334961,0.011018840426623155
1293,20260226,3,62.38573455810547,-0.00947717028156414
1294,20260227,3,62.25640869140625,-0.002073003830367126
1295,20260302,3,61.18199157714844,-0.017257935959388626
1296,20260303,3,58.117916107177734,-0.050081329341935654
1297,20260304,3,58.744659423828125,0.010783994998970536
1298,20260305,3,57.33200454711914,-0.024047375379556257
1299,20260306,3,57.02360534667969,-0.0053791804922151965
1300,20260309,3,58.147762298583984,0.01971388769738236
1301,20260310,3,58.37657165527344,0.003934964092247251
1302,20260311,3,58.52579879760742,0.002556284792043062
1303,20260312,3,56.655517578125,-0.03195652614584865
1304,20260313,3,56.50629425048828,-0.002633871051145986
1305,20260316,3,58.078125,0.027816914387340796
1306,20260317,3,58.44620895385742,0.006337738242366164
1307,20260318,3,57.262367248535156,-0.020255235138636474
1308,20260319,3,57.322052001953125,0.0010423032837416635
1309,20260320,3,55.352291107177734,-0.034363056205808484
1310,20260323,3,57.01365661621094,0.030014394631223684
1311,20260324,3,56.22774124145508,-0.013784686361133947
1312,20260325,3,57.123085021972656,0.015923523882504176
1313,20260326,3,55.18317413330078,-0.03396019118935334
1314,20260327,3,54.91456985473633,-0.004867503234149084
1315,20260330,3,54.466896057128906,-0.008152186182858956
1316,20260331,3,56.49634552001953,0.037260237131228946
1317,20260401,3,56.9340705871582,0.007747847460037205
1318,20260402,3,56.29737854003906,-0.011182970768697342
1319,20260406,3,56.814693450927734,0.009188969794051038
1320,20260407,3,57.01365661621094,0.00350196671315417
1321,20260408,3,60.127471923828125,0.05461525347475815
1322,20260409,3,59.968299865722656,-0.0026472434814341916
1323,20260410,3,60.24685287475586,0.004645004271538911
1324,20260413,3,60.754215240478516,0.008421392014905438
1325,20260414,3,61.91816711425781,0.019158372290253745
1326,20260415,3,61.87837219238281,-0.0006427018713517363
1327,20260416,3,62.127079010009766,0.004019285071910295
1328,20260417,3,63.3109245300293,0.019055225819143873
1329,20260420,3,62.85330581665039,-0.0072281161075423705
1330,20260421,3,61.9281120300293,-0.014719890618322906
1331,20260422,3,63.052268981933594,0.018152611391724527
1332,20260423,3,62.02759552001953,-0.01625117507202889
1333,20260424,3,63.41040802001953,0.02229350482485959
1334,20260427,3,63.3109245300293,-0.0015688826660573696
1335,20260428,3,62.66428756713867,-0.010213671142709546
1336,20260429,3,62.36583709716797,-0.004762688311918395
1337,20260430,3,63.65911865234375,0.020737019101672693
1338,20260501,3,63.79838943481445,0.0021877585712628544
1339,20260504,3,63.7685432434082,-0.0004678204523759222
1340,20260505,3,65.06182861328125,0.02028093012782972
1341,20260506,3,67.1410140991211,0.0319570711453292
1342,20260507,3,66.24566650390625,-0.01333533023336575
1343,20260508,3,67.58869171142578,0.0202734047130515
1344,20260511,3,67.53894805908203,-0.000735975961128732
1345,20260512,3,65.47965240478516,-0.030490490501798084
1346,20260513,3,66.86246490478516,0.02111820159721778
1347,20260514,3,67.03158569335938,0.0025293830973036613
1348,20260515,3,64.73352813720703,-0.034283204438351866
1349,20260518,3,64.63404846191406,-0.0015367565797141935
1350,20260519,3,63.9277229309082,-0.010928071934439676
1351,20260520,3,65.12151336669922,0.018674064725897388
1352,20260521,3,65.68856811523438,0.008707640827418706
1353,20260522,3,65.53933715820312,-0.0022717949456511066
1354,20260526,3,68.04631042480469,0.03825142845967555
1355,20260527,3,68.03636169433594,-0.00014620528881936767
1356,20260528,3,68.2552261352539,0.00321687455747921
1357,20260529,3,68.24527740478516,-0.00014575778342651446
1358,20260601,3,69.7176284790039,0.021574402364661127
1359,20260602,3,70.43390655517578,0.010273987968302478
1360,20260603,3,69.5584487915039,-0.012429493215544762
1361,20260604,3,68.74269104003906,-0.011727658762345494
1362,20260605,3,64.25601196289062,-0.06526772532857605
1363,20260608,3,65.4100112915039,0.01795939855837525
1364,20260609,3,65.47965240478516,0.001064685847108171
1365,20260610,3,64.32565307617188,-0.017623785194817998
1366,20260611,3,67.15096282958984,0.04392197542203502
1367,20260612,3,67.52899932861328,0.005629651208170827
1368,20260615,3,69.75,0.032889583637671915
1369,20260616,3,68.63999938964844,-0.01591398724518367
1370,20260617,3,68.55999755859375,-0.0011655278520698031
1371,20260618,3,70.79000091552734,0.03252630449742577
1372,20260622,3,71.20999908447266,0.005933015447287415
1373,20260623,3,67.16999816894531,-0.056733618416915044
1374,20260624,3,67.25,0.0011910351829020893
1375,20260625,3,67.95999908447266,0.010557607204054298
1376,20260626,3,67.19000244140625,-0.011330144988809021
1377,20260629,3,67.43000030517578,0.0035719281894479593
1378,20260630,3,68.41000366210938,0.01453364010823499
1379,20260701,3,66.4800033569336,-0.02821225262183058
1380,20260702,3,65.69999694824219,-0.011732947793391735
1381,20260706,3,67.56999969482422,0.02846275241162033
1382,20260707,3,65.72000122070312,-0.027378991896943927
1383,20260708,3,66.2300033569336,0.007760227126560215
1384,20260709,3,66.77999877929688,0.008304324241072303
1385,20260710,3,66.9000015258789,0.0017969863548310538
1386,20260713,3,64.5,-0.03587446145200035
1387,20260714,3,65.66999816894531,0.01813950649527607
1388,20260715,3,65.56999969482422,-0.0015227421487638004
1389,20260716,3,64.19000244140625,-0.021046168367252593
1390,20260717,3,63.290000915527344,-0.014020898763798084
1391,20260720,3,63.560001373291016,0.004266083960466904
1392,20260721,3,65.33999633789062,0.02800495478509535
1393,20260722,3,64.98999786376953,-0.005356573213000426
1394,20260723,3,64.5999984741211,-0.00600091402473879
1395,20260724,3,63.33000183105469,-0.01965939122390492
1396,20260727,3,63.619998931884766,0.0045791424671628445
1397,20260728,3,62.36000061035156,-0.01980506668794868
1398,20260729,3,61.06999969482422,-0.020686351874621534
1399,20260730,3,63.59000015258789,0.041264130839307134
1400,20260731,3,64.08999633789062,0.007862811512863166
1401,20260803,3,64.31999969482422,0.003588755969355706
1402,20260804,3,66.0,0.02611940785365041
1403,20260805,3,65.72000122070312,-0.004242405746922362
1404,20260806,3,65.0199966430664,-0.010651317173381303
1405,20260807,3,65.63999938964844,0.00953557026441576
1406,20260810,3,65.16999816894531,-0.00716028679270897
1407,20260811,3,65.43000030517578,0.00398959864256021
1408,20260812,3,66.45999908447266,0.01574199563644818
1409,20260813,3,66.68000030517578,0.0033102802247031438
1410,20260814,3,66.61000061035156,-0.0010497854604656354
1411,20260817,3,67.31999969482422,0.010659046358908464
1412,20260818,3,65.33999633789062,-0.02941181470453602
1413,20260819,3,66.11000061035156,0.011784577833139798
1414,20260820,3,66.62000274658203,0.007714447610375874
1415,20260821,3,67.12000274658203,0.007505253368150777
1416,20260824,3,66.11000061035156,-0.015047707015803158
1417,20260825,3,67.25,0.01724397790233767
1418,20260826,3,67.16999816894531,-0.0011896183056459009
1419,20260827,3,67.61000061035156,0.006550579922595112
1420,20260828,3,67.13999938964844,-0.006951652365924765
1421,20260831,3,67.0199966430664,-0.0017873510228320066
1422,20210104,6,182.3300018310547,0.0
1423,20210105,6,182.8699951171875,0.0029616260665272787
1424,20210106,6,179.89999389648438,-0.01624105266038789
1425,20210107,6,179.47999572753906,-0.00233462025122122
1426,20210108,6,173.33999633789062,-0.03420993723985433
1427,20210111,6,173.0,-0.0019614419353504164
1428,20210112,6,174.1199951171875,0.006473960214956609
1429,20210113,6,173.3699951171875,-0.004307374345463466
1430,20210114,6,173.27999877929688,-0.0005190998467168306
1431,20210115,6,171.1300048828125,-0.012407628760563338
1432,20210119,6,172.5800018310547,0.00847307255811236
1433,20210120,6,175.38999938964844,0.016282289539807593
1434,20210121,6,175.27999877929688,-0.0006271772092728556
1435,20210122,6,173.89999389648438,-0.007873145210082533
1436,20210125,6,174.0500030517578,0.0008626173693986328
1437,20210126,6,173.6199951171875,-0.0024705999829396363
1438,20210127,6,172.52000427246094,-0.006335623059913753
1439,20210128,6,172.67999267578125,0.0009273614616172043
1440,20210129,6,172.61000061035156,-0.0004053281700162614
1441,20210201,6,174.22999572753906,0.009385291185094458
1442,20210202,6,172.11000061035156,-0.012167796413785958
1443,20210203,6,171.85000610351562,-0.0015106298641213156
1444,20210204,6,168.14999389648438,-0.021530474690833024
1445,20210205,6,169.80999755859375,0.009872160109213546
1446,20210208,6,171.52000427246094,0.010070118005137685
1447,20210209,6,172.0800018310547,0.0032649110578624185
1448,20210210,6,172.7100067138672,0.0036611162023989507
1449,20210211,6,171.2100067138672,-0.008685078696598514
1450,20210212,6,170.69000244140625,-0.0030372306060941767
1451,20210216,6,168.24000549316406,-0.014353488272303538
1452,20210217,6,166.3300018310547,-0.011352850687983307
1453,20210218,6,166.32000732421875,-6.0088418961767864e-05
1454,20210219,6,167.00999450683594,0.004148551901348441
1455,20210222,6,169.50999450683594,0.014969164015496528
1456,20210223,6,169.1199951171875,-0.0023007456922117253
1457,20210224,6,169.0,-0.0007095264939214196
1458,20210225,6,165.82000732421875,-0.018816524708764826
1459,20210226,6,161.80999755859375,-0.024182906697045592
1460,20210301,6,161.52999877929688,-0.0017304170540851649
1461,20210302,6,162.41000366210938,0.005447934683729505
1462,20210303,6,160.6199951171875,-0.011021541189334294
1463,20210304,6,159.0399932861328,-0.009836893780889033
1464,20210305,6,159.13999938964844,0.0006288110395962221
1465,20210308,6,157.49000549316406,-0.010368190918767173
1466,20210309,6,160.83999633789062,0.02127113294736649
1467,20210310,6,161.66000366210938,0.005098279923459348
1468,20210311,6,161.52000427246094,-0.000866011298261804
1469,20210312,6,161.49000549316406,-0.00018572795011984056
1470,20210315,6,162.1999969482422,0.004396503999798185
1471,20210316,6,162.35000610351562,0.0009248406787658592
1472,20210317,6,163.50999450683594,0.00714498527693741
1473,20210318,6,162.55999755859375,-0.005810023730399405
1474,20210319,6,163.24000549316406,0.004183119739068708
1475,20210322,6,163.0,-0.0014702614866924923
1476,20210323,6,161.80999755859375,-0.007300628474884996
1477,20210324,6,162.3699951171875,0.0034608341081703298
1478,20210325,6,161.77999877929688,-0.003633653726877295
1479,20210326,6,162.24000549316406,0.0028434090575977233
1480,20210329,6,160.30999755859375,-0.011896005111092234
1481,20210330,6,157.57000732421875,-0.017091823816998808
1482,20210331,6,159.9600067138672,0.015167857324082767
1483,20210401,6,161.97999572753906,0.012628087827510459
1484,20210405,6,161.9199981689453,-0.0003704010382533651
1485,20210406,6,163.22000122070312,0.00802867506459215
1486,20210407,6,162.75999450683594,-0.002818323186048577
1487,20210408,6,164.50999450683594,0.01075202788807239
1488,20210409,6,163.27000427246094,-0.00753747660190629
1489,20210412,6,162.27999877929688,-0.006063609158189043
1490,20210413,6,163.42999267578125,0.007086479573175097
1491,20210414,6,162.72000122070312,-0.004344315528953313
1492,20210415,6,165.35000610351562,0.016162763416190717
1493,20210416,6,166.35000610351562,0.006047777218550321
1494,20210419,6,165.88999938964844,-0.0027652942409929215
1495,20210420,6,166.47999572753906,0.0035565515706876827
1496,20210421,6,168.1300048828125,0.009911155680072392
1497,20210422,6,167.0399932861328,-0.006483147356353358
1498,20210423,6,166.39999389648438,-0.003831414124593202
1499,20210426,6,166.83999633789062,0.002644245538133694
1500,20210427,6,166.4199981689453,-0.002517371003141977
1501,20210428,6,166.91000366210938,0.002944390689552989
1502,20210429,6,166.22000122070312,-0.004133978948338446
1503,20210430,6,165.66000366210938,-0.0033690142851713345
1504,20210503,6,167.80999755859375,0.012978352341882271
1505,20210504,6,166.5800018310547,-0.007329692780131181
1506,20210505,6,167.27000427246094,0.004142168530566259
1507,20210506,6,170.05999755859375,0.01667957921247054
1508,20210507,6,171.58999633789062,0.00899681760120985
1509,20210510,6,172.11000061035156,0.0030305045955998366
1510,20210511,6,172.13999938964844,0.000174300035968189
1511,20210512,6,170.42999267578125,-0.009933813872024522
1512,20210513,6,171.1300048828125,0.004107329913244362
1513,20210514,6,172.69000244140625,0.009115862292308208
1514,20210517,6,174.6999969482422,0.011639321781340195
1515,20210518,6,175.0399932861328,0.001946172546249958
1516,20210519,6,175.16000366210938,0.000685616890880425
1517,20210520,6,175.9600067138672,0.004567270124640199
1518,20210521,6,176.0399932861328,0.0004545724551812125
1519,20210524,6,176.35000610351562,0.001761036294059215
1520,20210525,6,177.9499969482422,0.009072814229376336
1521,20210526,6,177.63999938964844,-0.0017420486873281904
1522,20210527,6,177.7100067138672,0.00039409662496781017
1523,20210528,6,178.3800048828125,0.003770176937892389
1524,20210601,6,177.89999389648438,-0.0026909461441234628
1525,20210602,6,178.77000427246094,0.004890446350902078
1526,20210603,6,175.27000427246094,-0.019578228541437537
1527,20210604,6,177.16000366210938,0.010783359066451448
1528,20210607,6,177.8699951171875,0.0040076283608136976
1529,20210608,6,177.32000732421875,-0.0030920774052216604
1530,20210609,6,176.97999572753906,-0.0019175027218333307
1531,20210610,6,177.74000549316406,0.004294325821970535
1532,20210611,6,175.74000549316406,-0.011252390785353672
1533,20210614,6,174.7100067138672,-0.005860923791407013
1534,20210615,6,174.0500030517578,-0.0037777095572453234
1535,20210616,6,171.11000061035156,-0.016891711518855712
1536,20210617,6,165.85000610351562,-0.030740427140865334
1537,20210618,6,164.92999267578125,-0.005547261946798776
1538,20210621,6,166.9499969482422,0.012247646651096789
1539,20210622,6,166.25,-0.0041928539145718036
1540,20210623,6,166.13999938964844,-0.0006616578066259704
1541,20210624,6,166.0399932861328,-0.0006019387497473438
1542,20210625,6,166.58999633789062,0.0033124733437563947
1543,20210628,6,166.5800018310547,-5.999463986816611e-05
1544,20210629,6,164.8300018310547,-0.010505462725200698
1545,20210630,6,165.6300048828125,0.004853503869870712
1546,20210701,6,166.1999969482422,0.0034413575356286863
1547,20210702,6,167.2899932861328,0.006558341503640763
1548,20210706,6,168.1199951171875,0.004961455343207799
1549,20210707,6,168.75999450683594,0.003806801143447114
1550,20210708,6,168.64999389648438,-0.0006518168637834609
1551,20210709,6,169.2100067138672,0.003320562334123478
1552,20210712,6,169.0,-0.001241101031467462
1553,20210713,6,169.22000122070312,0.001301782371024407
1554,20210714,6,171.0399932861328,0.010755182911599048
1555,20210715,6,171.07000732421875,0.00017547964957964624
1556,20210716,6,169.41000366210938,-0.00970365108457183
1557,20210719,6,169.61000061035156,0.0011805498135817327
1558,20210720,6,169.38999938964844,-0.001297100524211059
1559,20210721,6,168.75999450683594,-0.0037192566567244567
1560,20210722,6,169.08999633789062,0.001955450591350383
1561,20210723,6,168.55999755859375,-0.0031344183025339145
1562,20210726,6,168.16000366210938,-0.0023730060647713103
1563,20210727,6,168.44000244140625,0.0016650735799190741
1564,20210728,6,169.2899932861328,0.005046252863966982
1565,20210729,6,171.1699981689453,0.011105233370970247
1566,20210730,6,169.82000732421875,-0.007886842666167015
1567,20210802,6,169.61000061035156,-0.0012366429443513294
1568,20210803,6,169.49000549316406,-0.0007074766626713469
1569,20210804,6,169.52999877929688,0.0002359625041987723
1570,20210805,6,168.86000061035156,-0.0039520921003340925
1571,20210806,6,164.63999938964844,-0.024991124040327772
1572,20210809,6,161.72000122070312,-0.017735654639032372
1573,20210810,6,161.77000427246094,0.00030919522248562537
1574,20210811,6,164.0,0.01378497662510525
1575,20210812,6,164.0399932861328,0.0002438615008097944
1576,20210813,6,166.38999938964844,0.014325811995228088
1577,20210816,6,167.22000122070312,0.004988291568599701
1578,20210817,6,166.97000122070312,-0.0014950364679763295
1579,20210818,6,167.10000610351562,0.0007786122169375354
1580,20210819,6,166.61000061035156,-0.002932408589264246
1581,20210820,6,166.6999969482422,0.0005401616803368814
1582,20210823,6,168.72999572753906,0.012177557387281546
1583,20210824,6,168.64999389648438,-0.00047414113127741686
1584,20210825,6,167.47999572753906,-0.006937433805443538
1585,20210826,6,167.6699981689453,0.0011344784228162208
1586,20210827,6,170.19000244140625,0.015029547921398434
1587,20210830,6,169.35000610351562,-0.0049356385559711224
1588,20210831,6,169.69000244140625,0.0020076547129428413
1589,20210901,6,169.6999969482422,5.8898619200498104e-05
1590,20210902,6,169.25,-0.0026517204262498373
1591,20210903,6,171.05999755859375,0.01069422486613747
1592,20210907,6,167.7100067138672,-0.01958371853465668
1593,20210908,6,167.2899932861328,-0.0025044029033459703
1594,20210909,6,168.02999877929688,0.004423489287242344
1595,20210910,6,167.17999267578125,-0.005058656845151166
1596,20210913,6,167.74000549316406,0.0033497597913456634
1597,20210914,6,168.82000732421875,0.006438546534438316
1598,20210915,6,167.8300018310547,-0.005864266379652205
1599,20210916,6,164.02999877929688,-0.02264197706190263
1600,20210917,6,163.77000427246094,-0.0015850424237688898
1601,20210920,6,164.94000244140625,0.0071441542310690664
1602,20210921,6,166.0399932861328,0.006669036185550814
1603,20210922,6,165.4199981689453,-0.0037340107339023376
1604,20210923,6,163.50999450683594,-0.011546389089901132
1605,20210924,6,163.3000030517578,-0.00128427290155253
1606,20210927,6,163.63999938964844,0.00208203509820426
1607,20210928,6,162.0500030517578,-0.009716428402719801
1608,20210929,6,161.32000732421875,-0.004504756024632184
1609,20210930,6,164.22000122070312,0.01797665363761114
1610,20211001,6,164.58999633789062,0.0022530453929923144
1611,20211004,6,165.36000061035156,0.0046783175745395145
1612,20211005,6,164.58999633789062,-0.004656532835140448
1613,20211006,6,165.02999877929688,0.0026733243283083574
1614,20211007,6,164.16000366210938,-0.005271739220885419
1615,20211008,6,164.22999572753906,0.00042636491147840516
1616,20211011,6,163.9199981689453,-0.0018875818465466931
1617,20211012,6,164.66000366210938,0.004514430828637339
1618,20211013,6,167.58999633789062,0.017794197805277356
1619,20211014,6,168.0,0.0024464685904206362
1620,20211015,6,165.3300018310547,-0.015892846243722114
1621,20211018,6,164.9199981689453,-0.0024799108302698825
1622,20211019,6,165.4499969482422,0.003213671993580469
1623,20211020,6,166.89999389648438,0.008763958748792211
1624,20211021,6,166.75,-0.0008987052245035265
1625,20211022,6,167.77000427246094,0.006116967151190034
1626,20211025,6,168.92999267578125,0.006914158513320778
1627,20211026,6,167.67999267578125,-0.00739951491266011
1628,20211027,6,168.1199951171875,0.002624060476058121
1629,20211028,6,168.0800018310547,-0.00023788536339730548
1630,20211029,6,166.64999389648438,-0.008507900517562339
1631,20211101,6,167.52000427246094,0.005220584505493342
1632,20211102,6,167.16000366210938,-0.0021490007233168074
1633,20211103,6,165.77000427246094,-0.008315382622616663
1634,20211104,6,167.64999389648438,0.011340951773961994
1635,20211105,6,169.83999633789062,0.0130629437586407
1636,20211108,6,170.4499969482422,0.003591619309376348
1637,20211109,6,171.2899932861328,0.0049281100201232775
1638,20211110,6,173.14999389648438,0.010858781500706183
1639,20211111,6,174.1199951171875,0.005602086369596027
1640,20211112,6,174.4499969482422,0.0018952552280546708
1641,20211115,6,174.17999267578125,-0.0015477459282561279
1642,20211116,6,172.9199981689453,-0.007233864736584827
1643,20211117,6,174.5,0.009137183945092442
1644,20211118,6,173.94000244140625,-0.0032091550635745536
1645,20211119,6,172.61000061035156,-0.007646325240812324
1646,20211122,6,168.74000549316406,-0.022420457120115533
1647,20211123,6,167.27999877929688,-0.008652404091134991
1648,20211124,6,167.1199951171875,-0.0009565020521100642
1649,20211126,6,166.85000610351562,-0.001615539860939763
1650,20211129,6,166.6199951171875,-0.0013785494630753625
1651,20211130,6,165.5,-0.006721853018899604
1652,20211201,6,166.16000366210938,0.003987937535404162
1653,20211202,6,165.24000549316406,-0.005536820827328315
1654,20211203,6,166.6300048828125,0.008412002804647267
1655,20211206,6,166.22000122070312,-0.002460563224478851
1656,20211207,6,166.80999755859375,0.003549490636251651
1657,20211208,6,166.89999389648438,0.0005395140531609943
1658,20211209,6,165.8800048828125,-0.006111378376110088
1659,20211210,6,166.5800018310547,0.004219899491422874
1660,20211213,6,167.0,0.00252130006200435
1661,20211214,6,165.44000244140625,-0.009341302746070368
1662,20211215,6,166.14999389648438,0.004291534360497673
1663,20211216,6,168.16000366210938,0.012097561477355745
1664,20211217,6,167.8000030517578,-0.002140821851282393
1665,20211220,6,167.08999633789062,-0.0042312675861405635
1666,20211221,6,167.02000427246094,-0.0004188884251822289
1667,20211222,6,168.58999633789062,0.009400024100517657
1668,20211223,6,168.97000122070312,0.0022540179789249937
1669,20211227,6,169.3699951171875,0.002367247994286892
1670,20211228,6,168.63999938964844,-0.004310065233419702
1671,20211229,6,168.58999633789062,-0.0002965076609273698
1672,20211230,6,169.8000030517578,0.0071772153754725565
1673,20211231,6,170.9600067138672,0.00683158799329231
1674,20220103,6,168.3300018310547,-0.015383743445999576
1675,20220104,6,169.57000732421875,0.007366515057776857
1676,20220105,6,169.05999755859375,-0.00300766493835114
1677,20220106,6,166.99000549316406,-0.012244126909514819
1678,20220107,6,167.75,0.004551137683908024
1679,20220110,6,168.25999450683594,0.0030402057039400354
1680,20220111,6,170.2899932861328,0.0120646549718888
1681,20220112,6,170.74000549316406,0.002642622730480104
1682,20220113,6,170.16000366210938,-0.0033969884760131075
1683,20220114,6,169.6699981689453,-0.0028796749096049457
1684,20220118,6,169.38999938964844,-0.001650255097062403
1685,20220119,6,172.0800018310547,0.015880526897095182
1686,20220120,6,171.64999389648438,-0.0024988838330701757
1687,20220121,6,171.08999633789062,-0.0032624385581478954
1688,20220124,6,172.02999877929688,0.005494198734739664
1689,20220125,6,172.5800018310547,0.0031971345443269072
1690,20220126,6,169.7899932861328,-0.016166464916677392
1691,20220127,6,167.60000610351562,-0.012898211138547944
1692,20220128,6,167.10000610351562,-0.0029832934474428585
1693,20220131,6,168.08999633789062,0.005924537392067553
1694,20220201,6,168.22999572753906,0.0008328835308379912
1695,20220202,6,168.83999633789062,0.0036259919505645666
1696,20220203,6,168.60000610351562,-0.0014214062993387344
1697,20220204,6,168.86000061035156,0.0015420788696549614
1698,20220207,6,170.11000061035156,0.007402581993851909
1699,20220208,6,170.6300048828125,0.003056870675416823
1700,20220209,6,171.2100067138672,0.0033991784238243117
1701,20220210,6,170.55999755859375,-0.0037965605384254753
1702,20220211,6,173.80999755859375,0.019054878321533186
1703,20220214,6,174.74000549316406,0.005350715998122091
1704,20220215,6,173.0800018310547,-0.009499848975192515
1705,20220216,6,174.86000061035156,0.010284254451501385
1706,20220217,6,177.25,0.013668073780773726
1707,20220218,6,177.1199951171875,-0.0007334549100845855
1708,20220222,6,177.49000549316406,0.0020890378623359407
1709,20220223,6,178.2899932861328,0.0045072272703239324
1710,20220224,6,177.13999938964844,-0.006450131470019049
1711,20220225,6,176.5500030517578,-0.003330678220184624
1712,20220228,6,178.3800048828125,0.010365345791119474
1713,20220301,6,181.6199951171875,0.018163415997793697
1714,20220302,6,179.72999572753906,-0.010406339832951472
1715,20220303,6,180.8000030517578,0.005953415398956663
1716,20220304,6,183.67999267578125,0.015929145881701023
1717,20220307,6,186.41000366210938,0.014862865283030269
1718,20220308,6,191.50999450683594,0.027358997610294145
1719,20220309,6,185.82000732421875,-0.029711176156992036
1720,20220310,6,186.39999389648438,0.0031212277978962533
1721,20220311,6,185.08999633789062,-0.007027884128157469
1722,20220314,6,182.3000030517578,-0.015073711931138378
1723,20220315,6,178.88999938964844,-0.01870545038411886
1724,20220316,6,180.00999450683594,0.006260803404375848
1725,20220317,6,180.88999938964844,0.004888644573449508
1726,20220318,6,179.3000030517578,-0.008789852082788041
1727,20220321,6,180.6699981689453,0.007640798069546317
1728,20220322,6,179.36000061035156,-0.007250775291250955
1729,20220323,6,181.80999755859375,0.013659661796972422
1730,20220324,6,183.1300048828125,0.007260367097212672
1731,20220325,6,182.3800048828125,-0.004095451209537915
1732,20220328,6,179.05999755859375,-0.018203790082975457
1733,20220329,6,179.13999938964844,0.00044678784846130526
1734,20220330,6,180.5800018310547,0.008038419372069505
1735,20220331,6,180.64999389648438,0.000387595883929448
1736,20220401,6,179.5,-0.006365867342034592
1737,20220404,6,180.3699951171875,0.004846769455083555
1738,20220405,6,179.24000549316406,-0.006264842571455875
1739,20220406,6,179.66000366210938,0.002343216670796844
1740,20220407,6,180.33999633789062,0.003784886240234764
1741,20220408,6,181.47000122070312,0.006265969312183373
1742,20220411,6,182.3699951171875,0.004959463770487282
1743,20220412,6,183.77000427246094,0.007676751619003053
1744,20220413,6,184.64999389648438,0.004788537865617837
1745,20220414,6,184.0399932861328,-0.003303550666205468
1746,20220418,6,184.61000061035156,0.0030971927027434454
1747,20220419,6,181.82000732421875,-0.015112904376299419
1748,20220420,6,182.7100067138672,0.004894947496407287
1749,20220421,6,182.05999755859375,-0.0035576001936850066
1750,20220422,6,180.2899932861328,-0.0097220932450649
1751,20220425,6,177.0500030517578,-0.017970993150090764
1752,20220426,6,177.32000732421875,0.001525017044941901
1753,20220427,6,175.97999572753906,-0.00755702425744631
1754,20220428,6,176.92999267578125,0.005398323510093839
1755,20220429,6,176.91000366210938,-0.00011297696546286318
1756,20220502,6,173.6300048828125,-0.018540493535693647
1757,20220503,6,174.08999633789062,0.00264926246698316
1758,20220504,6,175.8000030517578,0.009822544372671826
1759,20220505,6,175.1300048828125,-0.003811138551277793
1760,20220506,6,175.4199981689453,0.0016558743678838361
1761,20220509,6,172.8800048828125,-0.014479496708730832
1762,20220510,6,171.4199981689453,-0.008445202872691127
1763,20220511,6,172.82000732421875,0.008167128516088473
1764,20220512,6,170.1699981689453,-0.015333925720196762
1765,20220513,6,168.7899932861328,-0.00810956630229509
1766,20220516,6,170.39999389648438,0.009538483763206873
1767,20220517,6,169.3300018310547,-0.006279296383541522
1768,20220518,6,169.4199981689453,0.0005314848929158789
1769,20220519,6,171.91000366210938,0.014697234801531733
1770,20220520,6,172.02999877929688,0.0006980112537449124
1771,20220523,6,172.8300018310547,0.004650369455528214
1772,20220524,6,174.1300048828125,0.007521859850632806
1773,20220525,6,173.0800018310547,-0.006029994959596108
1774,20220526,6,172.75999450683594,-0.0018488983177334939
1775,20220527,6,172.85000610351562,0.00052102106703944
1776,20220531,6,171.13999938964844,-0.009893009276743081
1777,20220601,6,172.22999572753906,0.006369033199590923
1778,20220602,6,174.35000610351562,0.012309182073779512
1779,20220603,6,172.5800018310547,-0.010152017266979896
1780,20220606,6,171.82000732421875,-0.0044037229040009285
1781,20220607,6,172.94000244140625,0.006518420844169315
1782,20220608,6,172.77999877929688,-0.0009251975242893229
1783,20220609,6,172.22999572753906,-0.0031832564859568535
1784,20220610,6,174.5399932861328,0.013412283666592417
1785,20220613,6,169.92999267578125,-0.026412288230091452
1786,20220614,6,168.57000732421875,-0.008003209616781914
1787,20220615,6,170.77000427246094,0.013050939388113303
1788,20220616,6,172.69000244140625,0.011243181594596585
1789,20220617,6,171.27000427246094,-0.008222816311715064
1790,20220621,6,170.6300048828125,-0.0037367862070599722
1791,20220622,6,171.30999755859375,0.003985188163408093
1792,20220623,6,170.25999450683594,-0.006129257292171064
1793,20220624,6,170.08999633789062,-0.0009984622015154487
1794,20220627,6,169.89999389648438,-0.0011170700540719114
1795,20220628,6,169.6199951171875,-0.0016480211262837052
1796,20220629,6,169.49000549316406,-0.0007663579045243951
1797,20220630,6,168.4600067138672,-0.006077047294322124
1798,20220701,6,168.32000732421875,-0.0008310541616338707
1799,20220705,6,164.75,-0.02120964335120412
1800,20220706,6,162.13999938964844,-0.015842188833696924
1801,20220707,6,162.22999572753906,0.000555053276362516
1802,20220708,6,162.3000030517578,0.0004315313201161963
1803,20220711,6,161.42999267578125,-0.005360507452973451
1804,20220712,6,160.8300018310547,-0.0037167247224720867
1805,20220713,6,161.60000610351562,0.004787690503602615
1806,20220714,6,159.3300018310547,-0.014047055610919013
1807,20220715,6,159.00999450683594,-0.0020084561635671516
1808,20220718,6,159.16000366210938,0.0009433945063559435
1809,20220719,6,159.5399932861328,0.0023874693093759447
1810,20220720,6,158.0399932861328,-0.009402031234323593
1811,20220721,6,160.27000427246094,0.014110421925231709
1812,20220722,6,160.6699981689453,0.00249575020790771
1813,20220725,6,160.22999572753906,-0.0027385476219622396
1814,20220726,6,160.0399932861328,-0.0011858106875901608
1815,20220727,6,161.6699981689453,0.010184984698782484
1816,20220728,6,163.63999938964844,0.012185323455280006
1817,20220729,6,164.10000610351562,0.0028110896821249565
1818,20220801,6,165.02999877929688,0.0056672312077465925
1819,20220802,6,164.0500030517578,-0.005938288400823777
1820,20220803,6,164.4499969482422,0.002438243761313297
1821,20220804,6,167.1699981689453,0.016539989487255546
1822,20220805,6,165.2899932861328,-0.011246066300201418
1823,20220808,6,166.69000244140625,0.008470017618367853
1824,20220809,6,167.1999969482422,0.0030595386607856767
1825,20220810,6,166.77999877929688,-0.0025119508170524663
1826,20220811,6,166.33999633789062,-0.0026382206776995876
1827,20220812,6,167.8699951171875,0.00919802099904432
1828,20220815,6,165.7100067138672,-0.012867030834262327
1829,20220816,6,165.4199981689453,-0.001750096754401964
1830,20220817,6,164.35000610351562,-0.006468335614034371
1831,20220818,6,163.9199981689453,-0.0026164156896926194
1832,20220819,6,162.72000122070312,-0.007320625681104476
1833,20220822,6,161.63999938964844,-0.006637179344595956
1834,20220823,6,162.77000427246094,0.0069908740848763085
1835,20220824,6,163.25,0.0029489200401788818
1836,20220825,6,163.75,0.003062787136294043
1837,20220826,6,161.75999450683594,-0.012152705301765265
1838,20220829,6,161.86000061035156,0.0006182375550920494
1839,20220830,6,160.50999450683594,-0.008340578885610683
1840,20220831,6,159.27000427246094,-0.007725314789180926
1841,20220901,6,157.8699951171875,-0.008790162100319021
1842,20220902,6,159.25999450683594,0.008804709144487166
1843,20220906,6,158.3300018310547,-0.0058394619355668365
1844,20220907,6,159.94000244140625,0.010168638866495439
1845,20220908,6,158.97999572753906,-0.006002292729855863
1846,20220909,6,159.82000732421875,0.005283756568463582
1847,20220912,6,160.6300048828125,0.005068186218703863
1848,20220913,6,158.5399932861328,-0.01301133993119441
1849,20220914,6,157.92999267578125,-0.003847613448870524
1850,20220915,6,154.97999572753906,-0.018679143196684067
1851,20220916,6,155.83999633789062,0.005549107201315628
1852,20220919,6,155.9600067138672,0.0007700871329356929
1853,20220920,6,155.07000732421875,-0.005706587274526553
1854,20220921,6,155.7899932861328,0.004642973675810236
1855,20220922,6,155.6999969482422,-0.0005776772692025478
1856,20220923,6,153.00999450683594,-0.01727683040546535
1857,20220926,6,151.22999572753906,-0.011633219026207842
1858,20220927,6,151.5399932861328,0.002049841746687875
1859,20220928,6,154.69000244140625,0.02078665233491006
1860,20220929,6,154.66000366210938,-0.00019392836526865853
1861,20220930,6,154.6699981689453,6.462244018679009e-05
1862,20221003,6,158.42999267578125,0.024309785681440932
1863,20221004,6,160.6999969482422,0.014328122056449066
1864,20221005,6,159.80999755859375,-0.005538266375543777
1865,20221006,6,159.6300048828125,-0.00112629171222689
1866,20221007,6,157.8800048828125,-0.010962851258976669
1867,20221010,6,155.47999572753906,-0.015201476317757034
1868,20221011,6,155.16000366210938,-0.002058091550185215
1869,20221012,6,155.99000549316406,0.00534932850905423
1870,20221013,6,154.91000366210938,-0.006923532232980256
1871,20221014,6,152.97999572753906,-0.012458897998479546
1872,20221017,6,153.4199981689453,0.0028762090057179446
1873,20221018,6,153.75,0.0021509701146735782
1874,20221019,6,151.69000244140625,-0.013398358104674823
1875,20221020,6,151.4499969482422,-0.0015822103586343728
1876,20221021,6,154.14999389648438,0.017827646105301076
1877,20221024,6,153.64999389648438,-0.003243594030472474
1878,20221025,6,154.0,0.002277944142005106
1879,20221026,6,154.97999572753906,0.006363608620383543
1880,20221027,6,154.74000549316406,-0.001548523944967184
1881,20221028,6,153.16000366210938,-0.010210687443231947
1882,20221031,6,151.91000366210938,-0.008161399648159207
1883,20221101,6,153.4600067138672,0.010203429757038585
1884,20221102,6,152.38999938964844,-0.006972548399621914
1885,20221103,6,151.80999755859375,-0.003806036048150885
1886,20221104,6,156.47000122070312,0.030696289684813083
1887,20221107,6,155.85000610351562,-0.003962389674382338
1888,20221108,6,159.4499969482422,0.023099074133724695
1889,20221109,6,158.64999389648438,-0.0050172660211307285
1890,20221110,6,163.47999572753906,0.030444387121793204
1891,20221111,6,164.55999755859375,0.006606324071935177
1892,20221114,6,164.9199981689453,0.002187655661719301
1893,20221115,6,165.5,0.0035168677995043307
1894,20221116,6,165.1199951171875,-0.0022961020109516506
1895,20221117,6,163.9199981689453,-0.007267423593311895
1896,20221118,6,162.7899932861328,-0.006893636502166456
1897,20221121,6,161.8800048828125,-0.005589952950737276
1898,20221122,6,162.07000732421875,0.00117372396636517
1899,20221123,6,163.0800018310547,0.006231840940288613
1900,20221125,6,163.22000122070312,0.000858470616118101
1901,20221128,6,161.92999267578125,-0.007903495498554403
1902,20221129,6,162.72999572753906,0.004940425418036076
1903,20221130,6,164.80999755859375,0.012781920270785507
1904,20221201,6,167.83999633789062,0.01838479961277617
1905,20221202,6,167.25999450683594,-0.0034556830535615868
1906,20221205,6,164.38999938964844,-0.017158885635801036
1907,20221206,6,164.83999633789062,0.0027373742314797944
1908,20221207,6,166.3300018310547,0.009039101712364994
1909,20221208,6,166.47000122070312,0.0008416965556858891
1910,20221209,6,167.05999755859375,0.003544160110315664
1911,20221212,6,165.67999267578125,-0.008260534556326027
1912,20221213,6,168.50999450683594,0.017081132038632596
1913,20221214,6,168.10000610351562,-0.0024330212847030186
1914,20221215,6,165.35000610351562,-0.01635930934057528
1915,20221216,6,166.7899932861328,0.008708721678036602
1916,20221219,6,166.32000732421875,-0.0028178306902848504
1917,20221220,6,169.0800018310547,0.016594482836064905
1918,20221221,6,168.8000030517578,-0.0016560135809358112
1919,20221222,6,166.75999450683594,-0.012085358459954287
1920,20221223,6,167.25999450683594,0.002998321039039853
1921,20221227,6,168.6699981689453,0.008430011409881644
1922,20221228,6,167.91000366210938,-0.004505807286929064
1923,20221229,6,168.85000610351562,0.005598251568726287
1924,20221230,6,169.63999938964844,0.0046786689817972515
1925,20230103,6,171.05999755859375,0.008370656531798915
1926,20230104,6,172.6699981689453,0.0094119059589024
1927,20230105,6,170.52000427246094,-0.012451461859522062
1928,20230106,6,173.7100067138672,0.01870749684189077
1929,20230109,6,174.10000610351562,0.0022451175785793698
1930,20230110,6,174.74000549316406,0.0036760446135073455
1931,20230111,6,174.6199951171875,-0.000686793935011365
1932,20230112,6,176.63999938964844,0.011568000967502767
1933,20230113,6,178.75999450683594,0.012001783992939385
1934,20230117,6,177.58999633789062,-0.00654507834469964
1935,20230118,6,177.0800018310547,-0.0028717524486322477
1936,20230119,6,179.88999938964844,0.015868520044824974
1937,20230120,6,179.2899932861328,-0.003335405556458948
1938,20230123,6,179.6300048828125,0.0018964337632443318
1939,20230124,6,180.27999877929688,0.003618515163479552
1940,20230125,6,181.11000061035156,0.004603959599926544
1941,20230126,6,179.47000122070312,-0.009055266877154966
1942,20230127,6,179.22000122070312,-0.0013929904624704337
1943,20230130,6,178.75999450683594,-0.002566715270248765
1944,20230131,6,179.41000366210938,0.0036362115419990015
1945,20230201,6,181.6699981689453,0.012596814339808304
1946,20230202,6,177.89999389648438,-0.02075193653580043
1947,20230203,6,173.4600067138672,-0.024957770292002968
1948,20230206,6,173.82000732421875,0.0020754098721176284
1949,20230207,6,173.97999572753906,0.000920425708082595
1950,20230208,6,174.41000366210938,0.002471594120761589
1951,20230209,6,173.02999877929688,-0.007912418174625069
1952,20230210,6,173.36000061035156,0.0019071943211166342
1953,20230213,6,172.47999572753906,-0.005076170279846859
1954,20230214,6,172.61000061035156,0.0007537389032514774
1955,20230215,6,170.88999938964844,-0.00996466725346834
1956,20230216,6,170.75,-0.0008192368783922488
1957,20230217,6,171.25999450683594,0.002986790669610162
1958,20230221,6,170.6199951171875,-0.003737004613899475
1959,20230222,6,169.66000366210938,-0.005626488586046308
1960,20230223,6,169.57000732421875,-0.0005304511136865475
1961,20230224,6,168.35000610351562,-0.00719467575637045
1962,20230227,6,169.00999450683594,0.003920334893926292
1963,20230228,6,169.77999877929688,0.00455596886271592
1964,20230301,6,170.75999450683594,0.005772150633673867
1965,20230302,6,170.66000366210938,-0.0005855636445488699
1966,20230303,6,172.49000549316406,0.010723085619275707
1967,20230306,6,171.6199951171875,-0.005043830646819902
1968,20230307,6,168.6199951171875,-0.017480480627863337
1969,20230308,6,168.5399932861328,-0.00047445044105887124
1970,20230309,6,170.1999969482422,0.009849316056938173
1971,20230310,6,173.8699951171875,0.021562856843419187
1972,20230313,6,177.86000061035156,0.022948211912439564
1973,20230314,6,176.8300018310547,-0.005791064746217711
1974,20230315,6,178.2100067138672,0.007804133170404848
1975,20230316,6,178.57000732421875,0.002020092008242713
1976,20230317,6,183.77000427246094,0.02912021467748982
1977,20230320,6,183.83999633789062,0.0003808677357699519
1978,20230321,6,180.3699951171875,-0.018875115806276432
1979,20230322,6,183.44000244140625,0.01702060989813825
1980,20230323,6,185.74000549316406,0.012538176085624908
1981,20230324,6,183.64999389648438,-0.011252350246951037
1982,20230327,6,181.9499969482422,-0.009256722051406152
1983,20230328,6,183.44000244140625,0.008189093257242153
1984,20230329,6,182.52999877929688,-0.00496077000653139
1985,20230330,6,184.17999267578125,0.009039576549164652
1986,20230331,6,183.22000122070312,-0.005212246135594234
1987,20230403,6,184.5399932861328,0.007204410308019105
1988,20230404,6,187.97999572753906,0.018640958960437715
1989,20230405,6,187.8300018310547,-0.0007979247786651378
1990,20230406,6,186.49000549316406,-0.007134091065472581
1991,20230410,6,185.11000061035156,-0.007399886547073353
1992,20230411,6,186.27999877929688,0.006320556237305208
1993,20230412,6,187.19000244140625,0.004885138866613126
1994,20230413,6,189.72000122070312,0.013515672558895409
1995,20230414,6,186.36000061035156,-0.017710313033589165
1996,20230417,6,185.52999877929688,-0.0044537552497120325
1997,20230418,6,186.25,0.003880780603893852
1998,20230419,6,185.36000061035156,-0.004778520212877502
1999,20230420,6,186.08999633789062,0.00393825919904689
2000,20230421,6,184.25,-0.00988766926809792
2001,20230424,6,184.80999755859375,0.003039335460481629
2002,20230425,6,185.75,0.005086318131183543
2003,20230426,6,184.74000549316406,-0.0054373863086726315
2004,20230427,6,184.75,5.410039265330013e-05
2005,20230428,6,184.8000030517578,0.0002706525128974846
2006,20230501,6,183.97000122070312,-0.004491351825477108
2007,20230502,6,187.52000427246094,0.019296640909943763
2008,20230503,6,189.11000061035156,0.008479075840785555
2009,20230504,6,190.44000244140625,0.00703295344911492
2010,20230505,6,187.4600067138672,-0.015647950479605433
2011,20230508,6,187.69000244140625,0.0012269055761324754
2012,20230509,6,189.02000427246094,0.007086162362163639
2013,20230510,6,188.75,-0.001428442843921074
2014,20230511,6,187.1300048828125,-0.008582755587748347
2015,20230512,6,186.80999755859375,-0.0017100802429794726
2016,20230515,6,187.2100067138672,0.0021412620336231925
2017,20230516,6,184.8699951171875,-0.0124993937971285
2018,20230517,6,184.22999572753906,-0.0034618889303412725
2019,20230518,6,181.83999633789062,-0.012972911279784505
2020,20230519,6,183.63999938964844,0.0098988291245512
2021,20230522,6,183.2100067138672,-0.002341497915543389
2022,20230523,6,183.42999267578125,0.001200731149241463
2023,20230524,6,181.9499969482422,-0.008068450017086337
2024,20230525,6,180.1999969482422,-0.009618027091793824
2025,20230526,6,180.9199981689453,0.003995567330169925
2026,20230530,6,182.0399932861328,0.006190554546333882
2027,20230531,6,182.32000732421875,0.0015382006614657051
2028,20230601,6,183.75999450683594,0.00789813034647624
2029,20230602,6,181.0500030517578,-0.014747450675273721
2030,20230605,6,182.13999938964844,0.006020416015011243
2031,20230606,6,182.33999633789062,0.0010980396887689814
2032,20230607,6,180.14999389648438,-0.012010543410059138
2033,20230608,6,182.52999877929688,0.013211240429905624
2034,20230609,6,182.0399932861328,-0.0026845203333208945
2035,20230612,6,181.8800048828125,-0.0008788640365902101
2036,20230613,6,180.5399932861328,-0.007367558613950331
2037,20230614,6,180.63999938964844,0.0005539277015322863
2038,20230615,6,181.91000366210938,0.007030581691497284
2039,20230616,6,181.6300048828125,-0.0015392159510752013
2040,20230620,6,179.75,-0.010350739592973501
2041,20230621,6,179.49000549316406,-0.0014464228474878604
2042,20230622,6,177.7100067138672,-0.009916979914319946
2043,20230623,6,178.1999969482422,0.0027572461643308177
2044,20230626,6,178.50999450683594,0.0017396047357047806
2045,20230627,6,177.69000244140625,-0.004593535884055422
2046,20230628,6,177.27999877929688,-0.002307409851291853
2047,20230629,6,177.08999633789062,-0.001071764681377263
2048,20230630,6,178.27000427246094,0.006663323502016594
2049,20230703,6,178.47000122070312,0.0011218766110339118
2050,20230705,6,177.83999633789062,-0.00353003237800964
2051,20230706,6,177.30999755859375,-0.002980200124891419
2052,20230707,6,178.63999938964844,0.007500997402107412
2053,20230710,6,178.77999877929688,0.0007836956455820054
2054,20230711,6,179.4499969482422,0.0037476125602418087
2055,20230712,6,181.8800048828125,0.013541420874312982
2056,20230713,6,182.00999450683594,0.0007146999149643118
2057,20230714,6,181.42999267578125,-0.0031866482531699436
2058,20230717,6,181.55999755859375,0.0007165567329587841
2059,20230718,6,183.63999938964844,0.011456278139590825
2060,20230719,6,183.6699981689453,0.00016335645500209495
2061,20230720,6,182.74000549316406,-0.005063389149303599
2062,20230721,6,182.17999267578125,-0.0030645332195952113
2063,20230724,6,181.39999389648438,-0.00428147332668416
2064,20230725,6,182.41000366210938,0.005567859975791123
2065,20230726,6,183.3000030517578,0.0048791150253855164
2066,20230727,6,180.4199981689453,-0.01571197400361901
2067,20230728,6,181.86000061035156,0.007981390400291666
2068,20230731,6,182.35000610351562,0.0026944104889450315
2069,20230801,6,180.4600067138672,-0.010364679607279714
2070,20230802,6,179.60000610351562,-0.004765602229612864
2071,20230803,6,179.5399932861328,-0.0003341470787491252
2072,20230804,6,180.19000244140625,0.003620414278603157
2073,20230807,6,179.77999877929688,-0.0022753962847783527
2074,20230808,6,178.63999938964844,-0.006341080194621318
2075,20230809,6,177.7899932861328,-0.00475820704444585
2076,20230810,6,177.60000610351562,-0.0010686044760203073
2077,20230811,6,177.60000610351562,0.0
2078,20230814,6,177.05999755859375,-0.003040588549344525
2079,20230815,6,176.58999633789062,-0.002654474343068869
2080,20230816,6,175.57000732421875,-0.005776029417432049
2081,20230817,6,175.3000030517578,-0.0015378724223797935
2082,20230818,6,175.3300018310547,0.00017112823031739666
2083,20230821,6,175.80999755859375,0.002737670236275802
2084,20230822,6,176.10000610351562,0.0016495566176504273
2085,20230823,6,177.88999938964844,0.01016464068195777
2086,20230824,6,177.85000610351562,-0.00022482031744353037
2087,20230825,6,177.6199951171875,-0.0012932863561120334
2088,20230828,6,178.1300048828125,0.0028713533365909427
2089,20230829,6,179.8699951171875,0.009768091768254772
2090,20230830,6,180.32000732421875,0.0025018747942815445
2091,20230831,6,180.02000427246094,-0.0016637258183913595
2092,20230901,6,180.11000061035156,0.0004999240959600026
2093,20230905,6,178.63999938964844,-0.008161685723844458
2094,20230906,6,177.8300018310547,-0.004534245193468567
2095,20230907,6,178.02000427246094,0.0010684498647577367
2096,20230908,6,178.0800018310547,0.0003370270596214642
2097,20230911,6,178.41000366210938,0.001853109993606994
2098,20230912,6,177.49000549316406,-0.005156651253074851
2099,20230913,6,177.0800018310547,-0.0023100098564432514
2100,20230914,6,177.1699981689453,0.0005082241752882855
2101,20230915,6,178.33999633789062,0.006603816566220333
2102,20230918,6,179.38999938964844,0.005887647601878543
2103,20230919,6,179.22000122070312,-0.0009476457412548323
2104,20230920,6,179.35000610351562,0.0007253927124595272
2105,20230921,6,178.0500030517578,-0.007248413758109917
2106,20230922,6,178.6199951171875,0.0032013033173832195
2107,20230925,6,177.6999969482422,-0.005150588926742139
2108,20230926,6,176.27999877929688,-0.007990985893820302
2109,20230927,6,174.10000610351562,-0.012366647894697436
2110,20230928,6,173.22999572753906,-0.004997187509914736
2111,20230929,6,171.4499969482422,-0.01027534966921384
2112,20231002,6,169.64999389648438,-0.010498705650611395
2113,20231003,6,169.16000366210938,-0.0028882419805683623
2114,20231004,6,169.13999938964844,-0.00011825651470720455
2115,20231005,6,168.8300018310547,-0.0018327868021307259
2116,20231006,6,169.6999969482422,0.005153083621109555
2117,20231009,6,172.82000732421875,0.01838544744893622
2118,20231010,6,172.52999877929688,-0.0016780958953311886
2119,20231011,6,173.7899932861328,0.007303045938392039
2120,20231012,6,173.25999450683594,-0.0030496507265770356
2121,20231013,6,178.8300018310547,0.03214825984540237
2122,20231016,6,177.9600067138672,-0.004864928190345896
2123,20231017,6,178.2899932861328,0.001854273768354009
2124,20231018,6,180.8699951171875,0.014470816805260078
2125,20231019,6,183.08999633789062,0.012274016037125302
2126,20231020,6,183.58999633789062,0.0027308974274993236
2127,20231023,6,182.97000122070312,-0.0033770637265356784
2128,20231024,6,182.9499969482422,-0.0001093308866343401
2129,20231025,6,183.72000122070312,0.004208823642007475
2130,20231026,6,184.00999450683594,0.0015784524505007003
2131,20231027,6,186.14999389648438,0.011629799758343662
2132,20231030,6,185.10000610351562,-0.00564054701797434
2133,20231031,6,184.08999633789062,-0.005456562573315948
2134,20231101,6,183.50999450683594,-0.003150642851826202
2135,20231102,6,184.1199951171875,0.0033240729584831374
2136,20231103,6,184.7899932861328,0.003638921283475316
2137,20231106,6,183.35000610351562,-0.007792560392528847
2138,20231107,6,182.58999633789062,-0.0041451308444239165
2139,20231108,6,180.77000427246094,-0.00996764391222027
2140,20231109,6,181.49000549316406,0.003982968433291267
2141,20231110,6,179.50999450683594,-0.010909752197912126
2142,20231113,6,180.50999450683594,0.005570720464602941
2143,20231114,6,182.1199951171875,0.008919177105678688
2144,20231115,6,181.63999938964844,-0.002635601473798599
2145,20231116,6,183.69000244140625,0.011286077178189302
2146,20231117,6,183.6699981689453,-0.00010890234740634774
2147,20231120,6,183.3699951171875,-0.0016333808174913145
2148,20231121,6,185.35000610351562,0.01079790063288577
2149,20231122,6,184.55999755859375,-0.004262252597287075
2150,20231124,6,185.52000427246094,0.005201596914642392
2151,20231127,6,186.77000427246094,0.006737817869841178
2152,20231128,6,189.25999450683594,0.013331852960406732
2153,20231129,6,189.5399932861328,0.0014794398574642376
2154,20231130,6,188.75,-0.004167950375202456
2155,20231201,6,192.00999450683594,0.017271494075951965
2156,20231204,6,187.86000061035156,-0.02161342646325959
2157,20231205,6,187.14999389648438,-0.0037794459254785195
2158,20231206,6,187.83999633789062,0.0036868953454944897
2159,20231207,6,188.14999389648438,0.0016503277504122948
2160,20231208,6,185.63999938964844,-0.01334039111485108
2161,20231211,6,183.58999633789062,-0.011042895165362276
2162,20231212,6,183.49000549316406,-0.0005446421195114404
2163,20231213,6,187.6300048828125,0.022562533466176538
2164,20231214,6,188.72999572753906,0.005862552982469849
2165,20231215,6,187.0,-0.009166511771857233
2166,20231218,6,187.85000610351562,0.004545487184575592
2167,20231219,6,189.1300048828125,0.00681394057869511
2168,20231220,6,188.10000610351562,-0.005445982936102989
2169,20231221,6,189.42999267578125,0.007070635455129759
2170,20231222,6,190.27000427246094,0.004434417088942322
2171,20231226,6,191.72000122070312,0.007620733251079592
2172,20231227,6,192.58999633789062,0.004537842226414179
2173,20231228,6,191.47000122070312,-0.005815437657636813
2174,20231229,6,191.1699981689453,-0.001566841018672216
2175,20240102,6,190.72000122070312,-0.002353909884146743
2176,20240103,6,189.1300048828125,-0.008336809604204354
2177,20240104,6,189.32000732421875,0.0010046128932528209
2178,20240105,6,189.35000610351562,0.00015845540955172766
2179,20240108,6,187.8699951171875,-0.007816271130823282
2180,20240109,6,187.92999267578125,0.0003193567900841021
2181,20240110,6,187.5,-0.00228804710551489
2182,20240111,6,187.8699951171875,0.0019733072916665595
2183,20240112,6,189.7100067138672,0.009794068475553752
2184,20240116,6,187.91000366210938,-0.009488181898979597
2185,20240117,6,185.83999633789062,-0.01101595063528893
2186,20240118,6,187.3699951171875,0.008232882099906247
2187,20240119,6,187.92999267578125,0.00298872590696031
2188,20240122,6,187.22000122070312,-0.003777957126316789
2189,20240123,6,187.9499969482422,0.0038991332271092194
2190,20240124,6,186.39999389648438,-0.008246890539639895
2191,20240125,6,187.13999938964844,0.003969986681303217
2192,20240126,6,187.00999450683594,-0.0006946931881827156
2193,20240129,6,188.3300018310547,0.0070584854445867595
2194,20240130,6,188.58999633789062,0.0013805262268788976
2195,20240131,6,188.4499969482422,-0.0007423479101065222
2196,20240201,6,190.41000366210938,0.01040067256889099
2197,20240202,6,188.61000061035156,-0.009453300862028224
2198,20240205,6,187.57000732421875,-0.005513988032274764
2199,20240206,6,188.5500030517578,0.005224693124019186
2200,20240207,6,188.5,-0.0002651978305409086
2201,20240208,6,188.3300018310547,-0.0009018470501077624
2202,20240209,6,187.60000610351562,-0.003876152075832917
2203,20240212,6,187.11000061035156,-0.0026119694947860372
2204,20240213,6,184.52999877929688,-0.013788690196348319
2205,20240214,6,184.4199981689453,-0.0005961123453055439
2206,20240215,6,185.66000366210938,0.0067238125229136525
2207,20240216,6,186.33999633789062,0.0036625695484677756
2208,20240220,6,187.47000122070312,0.006064210073093879
2209,20240221,6,187.47999572753906,5.331256612173263e-05
2210,20240222,6,187.55999755859375,0.00042672195902415666
2211,20240223,6,188.6199951171875,0.005651511902278639
2212,20240226,6,188.1999969482422,-0.0022266895335479875
2213,20240227,6,188.0,-0.0010626830578386315
2214,20240228,6,188.33999633789062,0.00180849115899262
2215,20240229,6,189.30999755859375,0.005150266749304189
2216,20240301,6,192.88999938964844,0.018910791174389097
2217,20240304,6,196.00999450683594,0.016174996770490724
2218,20240305,6,197.19000244140625,0.006020141664404566
2219,20240306,6,198.80999755859375,0.008215401882095241
2220,20240307,6,199.94000244140625,0.005683843351386164
2221,20240308,6,201.6300048828125,0.008452547868211147
2222,20240311,6,202.0,0.00183502012710135
2223,20240312,6,199.7899932861328,-0.01094062729637224
2224,20240313,6,201.19000244140625,0.00700740378557585
2225,20240314,6,200.35000610351562,-0.004175139558116325
2226,20240315,6,199.7100067138672,-0.00319440663913817
2227,20240318,6,200.02999877929688,0.0016022835845583838
2228,20240319,6,199.8000030517578,-0.0011498061737871268
2229,20240320,6,202.17999267578125,0.011911859798154678
2230,20240321,6,201.97000122070312,-0.0010386361790747367
2231,20240322,6,200.35000610351562,-0.00802096899240623
2232,20240325,6,200.99000549316406,0.0031944066391380588
2233,20240326,6,201.63999938964844,0.003233961285236564
2234,20240327,6,203.10000610351562,0.007240660177973313
2235,20240328,6,205.72000122070312,0.012900024807739996
2236,20240401,6,207.82000732421875,0.010208079384865787
2237,20240402,6,210.88999938964844,0.014772360490971526
2238,20240403,6,212.74000549316406,0.008772374739768773
2239,20240404,6,211.52000427246094,-0.005734705223284009
2240,20240405,6,215.13999938964844,0.017114197447370305
2241,20240408,6,216.47999572753906,0.00622848536623688
2242,20240409,6,217.6699981689453,0.005497054993034878
2243,20240410,6,215.61000061035156,-0.009463856185613961
2244,20240411,6,219.8000030517578,0.019433247203493043
2245,20240412,6,216.88999938964844,-0.013239324939518515
2246,20240415,6,220.9499969482422,0.01871915519396472
2247,20240416,6,221.22000122070312,0.0012220152803359419
2248,20240417,6,219.58999633789062,-0.007368252752093185
2249,20240418,6,220.33999633789062,0.0034154561341945833
2250,20240419,6,221.02999877929688,0.003131535140574959
2251,20240422,6,215.57000732421875,-0.02470249054532203
2252,20240423,6,215.0399932861328,-0.002458663172418052
2253,20240424,6,214.63999938964844,-0.0018600907225296837
2254,20240425,6,215.9199981689453,0.005963468053189924
2255,20240426,6,216.6199951171875,0.003241927353549112
2256,20240429,6,216.17999267578125,-0.002031218037689575
2257,20240430,6,211.8699951171875,-0.019937078844561418
2258,20240501,6,213.7899932861328,0.00906215232545482
2259,20240502,6,213.1300048828125,-0.0030870874411647042
2260,20240503,6,212.9600067138672,-0.0007976266365629092
2261,20240506,6,215.1999969482422,0.010518361024399514
2262,20240507,6,214.2100067138672,-0.004600326433150892
2263,20240508,6,213.5800018310547,-0.002941061869504713
2264,20240509,6,216.9499969482422,0.015778607960932778
2265,20240510,6,218.7100067138672,0.008112513438038427
2266,20240513,6,216.25999450683594,-0.011202103844459854
2267,20240514,6,218.08999633789062,0.008462045119477013
2268,20240515,6,220.88999938964844,0.012838750510223873
2269,20240516,6,220.02999877929688,-0.0038933433506626036
2270,20240517,6,223.66000366210938,0.0164977725898805
2271,20240520,6,224.55999755859375,0.004023937591649318
2272,20240521,6,224.22999572753906,-0.001469548604570936
2273,20240522,6,220.11000061035156,-0.01837396956557802
2274,20240523,6,215.72000122070312,-0.019944570339717638
2275,20240524,6,215.9199981689453,0.0009271136061119734
2276,20240528,6,218.19000244140625,0.010513172896031486
2277,20240529,6,216.16000366210938,-0.009303812074716977
2278,20240530,6,216.57000732421875,0.0018967600627461945
2279,20240531,6,215.3000030517578,-0.00586417430627717
2280,20240603,6,217.22000122070312,0.008917780500373507
2281,20240604,6,215.27000427246094,-0.008977059834655465
2282,20240605,6,217.82000732421875,0.011845603201319
2283,20240606,6,219.42999267578125,0.007391356612921562
2284,20240607,6,211.60000610351562,-0.03568330143379639
2285,20240610,6,213.5399932861328,0.009168181127878317
2286,20240611,6,214.14999389648438,0.0028566106093961263
2287,20240612,6,214.72000122070312,0.0026617200115086614
2288,20240613,6,212.97000122070312,-0.008150148984962247
2289,20240614,6,215.72999572753906,0.012959545903254766
2290,20240617,6,214.61000061035156,-0.005191652247571676
2291,20240618,6,215.47000122070312,0.004007271832187298
2292,20240620,6,218.16000366210938,0.012484347826456466
2293,20240621,6,214.77999877929688,-0.015493238109986152
2294,20240624,6,215.6300048828125,0.003957566385821121
2295,20240625,6,214.55999755859375,-0.004962237629221655
2296,20240626,6,212.5800018310547,-0.009228168111804491
2297,20240627,6,214.99000549316406,0.011336925587312363
2298,20240628,6,215.00999450683594,9.297647872519299e-05
2299,20240701,6,215.57000732421875,0.002604589701363791
2300,20240702,6,215.55999755859375,-4.643394389247657e-05
2301,20240703,6,217.99000549316406,0.011273000380832565
2302,20240705,6,220.92999267578125,0.013486798057397165
2303,20240708,6,218.19000244140625,-0.012402074526820739
2304,20240709,6,218.55999755859375,0.0016957473442755777
2305,20240710,6,219.36000061035156,0.0036603361122538036
2306,20240711,6,223.25,0.017733403441032136
2307,20240712,6,223.11000061035156,-0.0006270969301161999
2308,20240715,6,223.8300018310547,0.0032271131671974818
2309,20240716,6,228.2899932861328,0.019925798233449088
2310,20240717,6,227.22999572753906,-0.004643206403117217
2311,20240718,6,225.77999877929688,-0.006381186355259194
2312,20240719,6,221.72999572753906,-0.017937829186174925
2313,20240722,6,221.8000030517578,0.00031573231212611574
2314,20240723,6,222.5800018310547,0.003516676143213937
2315,20240724,6,221.8000030517578,-0.0035043524704835294
2316,20240725,6,218.3300018310547,-0.01564473026582147
2317,20240726,6,220.6300048828125,0.010534525866662925
2318,20240729,6,220.32000732421875,-0.0014050562105476505
2319,20240730,6,222.52000427246094,0.009985461488319247
2320,20240731,6,226.5500030517578,0.018110725786084414
2321,20240801,6,225.77000427246094,-0.003442943141866439
2322,20240802,6,225.33999633789062,-0.0019046282784819235
2323,20240805,6,222.47999572753906,-0.012691935106198704
2324,20240806,6,220.6999969482422,-0.008000713832612472
2325,20240807,6,220.5500030517578,-0.0006796279952806517
2326,20240808,6,224.00999450683594,0.015688013635013043
2327,20240809,6,224.55999755859375,0.0024552612171107047
2328,20240812,6,228.41000366210938,0.017144665770273848
2329,20240813,6,228.05999755859375,-0.001532358906807807
2330,20240814,6,226.1999969482422,-0.008155751250824572
2331,20240815,6,226.91000366210938,0.0031388449312386157
2332,20240816,6,231.99000549316406,0.02238773852658915
2333,20240819,6,231.61000061035156,-0.0016380226467286318
2334,20240820,6,232.4600067138672,0.0036699887797402297
2335,20240821,6,232.14999389648438,-0.0013336178629832496
2336,20240822,6,229.3699951171875,-0.011975011209935604
2337,20240823,6,232.02000427246094,0.011553425520716143
2338,20240826,6,232.75999450683594,0.0031893380775307456
2339,20240827,6,233.38999938964844,0.002706671669018279
2340,20240828,6,231.75,-0.007026862307456638
2341,20240829,6,232.9499969482422,0.005177980359189593
2342,20240830,6,231.2899932861328,-0.0071260085162319076
2343,20240903,6,230.2899932861328,-0.0043235765879541255
2344,20240904,6,230.42999267578125,0.000607926500195255
2345,20240905,6,232.35000610351562,0.008332306942507639
2346,20240906,6,230.6300048828125,-0.007402630408956501
2347,20240909,6,231.60000610351562,0.004205876079289794
2348,20240910,6,232.6199951171875,0.004404097525005923
2349,20240911,6,232.25,-0.001590555949419148
2350,20240912,6,236.3300018310547,0.017567284525531468
2351,20240913,6,238.67999267578125,0.009943683944142245
2352,20240916,6,238.66000366210938,-8.374817448153493e-05
2353,20240917,6,237.33999633789062,-0.0055309113549146804
2354,20240918,6,235.50999450683594,-0.007710465405288858
2355,20240919,6,239.1699981689453,0.01554075728197235
2356,20240920,6,242.2100067138672,0.012710660066880486
2357,20240923,6,242.67999267578125,0.0019404068737312041
2358,20240924,6,246.07000732421875,0.01396907347432852
2359,20240925,6,245.72999572753906,-0.001381767735031958
2360,20240926,6,246.97999572753906,0.005086884066794806
2361,20240927,6,245.02000427246094,-0.007935830791900744
2362,20240930,6,243.05999755859375,-0.007999374253898295
2363,20241001,6,245.61000061035156,0.010491249392624136
2364,20241002,6,245.66000366210938,0.00020358719772617384
2365,20241003,6,245.49000549316406,-0.0006920058878576718
2366,20241004,6,245.0,-0.001996030315693287
2367,20241007,6,244.1699981689453,-0.0033877625757333663
2368,20241008,6,242.3699951171875,-0.007371925565205384
2369,20241009,6,241.0500030517578,-0.005446185963701722
2370,20241010,6,242.82000732421875,0.007342892553628744
2371,20241011,6,245.47000122070312,0.010913408354139564
2372,20241014,6,245.07000732421875,-0.001629502157067031
2373,20241015,6,245.9199981689453,0.003468359323146597
2374,20241016,6,247.14999389648438,0.005001609209081437
2375,20241017,6,248.6300048828125,0.00598831083503093
2376,20241018,6,251.27000427246094,0.010618185005034864
2377,20241021,6,251.22000122070312,-0.00019900127714245208
2378,20241022,6,253.92999267578125,0.01078732362833379
2379,20241023,6,250.8699951171875,-0.012050555849465017
2380,20241024,6,252.8000030517578,0.007693259346016168
2381,20241025,6,253.32000732421875,0.0020569789010425055
2382,20241028,6,253.3300018310547,3.945407605776552e-05
2383,20241029,6,256.0899963378906,0.010894858433216914
2384,20241030,6,257.5,0.005505891218995584
2385,20241031,6,253.50999450683594,-0.015495166963743978
2386,20241101,6,252.47000122070312,-0.0041023758773532926
2387,20241104,6,252.8300018310547,0.0014259144001700363
2388,20241105,6,253.39999389648438,0.002254447895034817
2389,20241106,6,245.6999969482422,-0.030386729020158154
2390,20241107,6,249.64999389648438,0.016076503855530166
2391,20241108,6,247.9600067138672,-0.006769426092267161
2392,20241111,6,242.13999938964844,-0.02347155656813127
2393,20241112,6,240.0500030517578,-0.008631355179477884
2394,20241113,6,237.6300048828125,-0.010081225320474285
2395,20241114,6,237.00999450683594,-0.0026091417886487944
2396,20241115,6,236.58999633789062,-0.0017720694429753658
2397,20241118,6,241.08999633789062,0.019020246289590537
2398,20241119,6,243.25,0.008959325127211537
2399,20241120,6,244.6199951171875,0.005632045702723465
2400,20241121,6,246.66000366210938,0.008339500390982302
2401,20241122,6,249.83999633789062,0.012892210445830665
2402,20241125,6,242.47999572753906,-0.029458856541118794
2403,20241126,6,242.9499969482422,0.0019383092584315254
2404,20241127,6,243.49000549316406,0.002222714763140843
2405,20241129,6,245.58999633789062,0.008624546377060671
2406,20241202,6,243.44000244140625,-0.008754403389975018
2407,20241203,6,243.92999267578125,0.002012776164397767
2408,20241204,6,244.6699981689453,0.003033679807253664
2409,20241205,6,242.86000061035156,-0.007397709454119217
2410,20241206,6,242.9499969482422,0.0003705687954560499
2411,20241209,6,245.36000061035156,0.009919751769426055
2412,20241210,6,248.58999633789062,0.01316431251835759
2413,20241211,6,250.9600067138672,0.009533812345188464
2414,20241212,6,247.27999877929688,-0.014663722649505995
2415,20241213,6,244.2899932861328,-0.012091578404740733
2416,20241216,6,244.8800048828125,0.002415209844427002
2417,20241217,6,243.94000244140625,-0.0038386247250202787
2418,20241218,6,239.25999450683594,-0.01918507783771317
2419,20241219,6,239.60000610351562,0.0014210967336203417
2420,20241220,6,242.10000610351562,0.010434056495473909
2421,20241223,6,240.9600067138672,-0.004708795377563968
2422,20241224,6,241.44000244140625,0.001992014086009908
2423,20241226,6,243.07000732421875,0.006751179863859091
2424,20241227,6,241.39999389648438,-0.0068705038771271765
2425,20241230,6,240.6300048828125,-0.0031896811646235923
2426,20241231,6,242.1300048828125,0.006233636577161361
2427,20250102,6,245.4199981689453,0.013587714119632333
2428,20250103,6,243.49000549316406,-0.007864039973028869
2429,20250106,6,243.19000244140625,-0.0012320959587239777
2430,20250107,6,244.55999755859375,0.005633435188264313
2431,20250108,6,245.86000061035156,0.005315681488123669
2432,20250110,6,248.2100067138672,0.009558310004399662
2433,20250113,6,245.74000549316406,-0.009951255605703757
2434,20250114,6,247.02999877929688,0.005249423200524461
2435,20250115,6,248.8800048828125,0.007488993695735191
2436,20250116,6,250.60000610351562,0.006910965874952435
2437,20250117,6,249.27000427246094,-0.005307269747253374
2438,20250121,6,253.1300048828125,0.01548521901629396
2439,20250122,6,254.42999267578125,0.005135652699768123
2440,20250123,6,254.07000732421875,-0.0014148699521492336
2441,20250124,6,255.64999389648438,0.006218705580030903
2442,20250127,6,252.99000549316406,-0.0104048052682425
2443,20250128,6,255.17999267578125,0.008656417783572623
2444,20250129,6,254.1999969482422,-0.0038404097330004827
2445,20250130,6,258.04998779296875,0.01514551884715587
2446,20250131,6,258.55999755859375,0.0019763991077348386
2447,20250203,6,259.94000244140625,0.005337271410283728
2448,20250204,6,262.5,0.00984841707528572
2449,20250205,6,264.1300048828125,0.006209542410714253
2450,20250206,6,263.42999267578125,-0.0026502562908058414
2451,20250207,6,263.8999938964844,0.0017841598670260694
2452,20250210,6,268.3699951171875,0.016938239196991
2453,20250211,6,267.3900146484375,-0.0036516022155236305
2454,20250212,6,267.6700134277344,0.0010471549570203464
2455,20250213,6,270.30999755859375,0.009862831092105617
2456,20250214,6,266.2900085449219,-0.014871773334245608
2457,20250218,6,270.70001220703125,0.01656090548123368
2458,20250219,6,270.8500061035156,0.000554096378723612
2459,20250220,6,270.989990234375,0.0005168326664386491
2460,20250221,6,270.739990234375,-0.0009225433005247696
2461,20250224,6,272.2099914550781,0.005429568123388684
2462,20250225,6,268.6199951171875,-0.013188334192659745
2463,20250226,6,269.0299987792969,0.0015263333689308212
2464,20250227,6,264.92999267578125,-0.015239958822878874
2465,20250228,6,263.2699890136719,-0.006265820058134697
2466,20250303,6,266.739990234375,0.013180390342641513
2467,20250304,6,269.05999755859375,0.008697635934455272
2468,20250305,6,269.6199951171875,0.0020813110966888537
2469,20250306,6,268.25,-0.005081207410422395
2470,20250307,6,268.3900146484375,0.0005219558189655249
2471,20250310,6,266.0400085449219,-0.008755937163287819
2472,20250311,6,269.1600036621094,0.011727541035094546
2473,20250312,6,270.3299865722656,0.004346793335703092
2474,20250313,6,275.1300048828125,0.017756144523255468
2475,20250314,6,275.239990234375,0.00039975774946587883
2476,20250317,6,276.7300109863281,0.0054135329342379634
2477,20250318,6,279.9599914550781,0.011671955843306048
2478,20250319,6,281.1099853515625,0.004107707999658539
2479,20250320,6,280.75,-0.0012805854303336028
2480,20250321,6,278.489990234375,-0.008049901213267985
2481,20250324,6,277.25,-0.004452548665506595
2482,20250325,6,278.4700012207031,0.004400365088198743
2483,20250326,6,278.239990234375,-0.0008259812019960622
2484,20250327,6,281.9700012207031,0.013405732882559862
2485,20250328,6,284.05999755859375,0.007412123023167849
2486,20250331,6,288.1400146484375,0.014363222998346137
2487,20250401,6,287.57000732421875,-0.0019782303576065807
2488,20250402,6,288.1600036621094,0.0020516615880092903
2489,20250403,6,286.4200134277344,-0.006038278082531101
2490,20250404,6,279.7200012207031,-0.02339226273628292
2491,20250407,6,273.7099914550781,-0.02148580630415131
2492,20250408,6,275.20001220703125,0.005443793790763651
2493,20250409,6,285.3800048828125,0.03699125081478161
2494,20250410,6,292.3500061035156,0.0244235794430141
2495,20250411,6,297.92999267578125,0.019086664805096243
2496,20250414,6,296.2300109863281,-0.005705977012200658
2497,20250415,6,297.7799987792969,0.005232379352138938
2498,20250416,6,307.4700012207031,0.0325408102664011
2499,20250417,6,306.1199951171875,-0.004390692094044635
2500,20250421,6,315.5899963378906,0.03093558529908469
2501,20250422,6,311.1099853515625,-0.014195668551963636
2502,20250423,6,303.6499938964844,-0.023978630729734163
2503,20250424,6,308.07000732421875,0.014556277018207942
2504,20250425,6,304.7300109863281,-0.010841679678267213
2505,20250428,6,309.07000732421875,0.01424210344049559
2506,20250429,6,306.05999755859375,-0.009738925467677184
2507,20250430,6,303.7699890136719,-0.007482221012837353
2508,20250501,6,297.4599914550781,-0.02077228754256477
2509,20250502,6,297.9800109863281,0.0017481999132260562
2510,20250505,6,306.8800048828125,0.029867754776654154
2511,20250506,6,315.4800109863281,0.02802400275899264
2512,20250507,6,310.75,-0.014993060801348546
2513,20250508,6,304.6300048828125,-0.0196942722998793
2514,20250509,6,306.8399963378906,0.007254674259445482
2515,20250512,6,298.19000244140625,-0.028190568373488878
2516,20250513,6,299.4599914550781,0.004258992599597278
2517,20250514,6,293.1600036621094,-0.021037827999516923
2518,20250515,6,297.8399963378906,0.015963953531585195
2519,20250516,6,294.239990234375,-0.012087047232674286
2520,20250519,6,298.0299987792969,0.012880671121226372
2521,20250520,6,303.5799865722656,0.0186222454642182
2522,20250521,6,305.82000732421875,0.007378683875855163
2523,20250522,6,303.1099853515625,-0.008861493387459118
2524,20250523,6,309.75,0.021906288045034472
2525,20250527,6,304.5,-0.016949152542372836
2526,20250528,6,303.80999755859375,-0.0022660178699712707
2527,20250529,6,305.6099853515625,0.0059247154716217665
2528,20250530,6,303.6000061035156,-0.006576942326457891
2529,20250602,6,311.6700134277344,0.026581051258171673
2530,20250603,6,308.9100036621094,-0.008855551213511115
2531,20250604,6,310.8999938964844,0.006441974072654677
2532,20250605,6,309.3299865722656,-0.00504987891618125
2533,20250606,6,305.17999267578125,-0.013416073696802311
2534,20250609,6,306.6199951171875,0.004718534884218695
2535,20250610,6,306.7099914550781,0.000293510988597534
2536,20250611,6,308.3699951171875,0.005412290790508978
2537,20250612,6,312.20001220703125,0.0124202002480438
2538,20250613,6,316.2900085449219,0.013100564311248064
2539,20250616,6,311.7799987792969,-0.01425909653729851
2540,20250617,6,311.94000244140625,0.0005131941200071655
2541,20250618,6,310.260009765625,-0.005385627565021256
2542,20250620,6,310.1300048828125,-0.00041901914110908933
2543,20250623,6,311.0799865722656,0.0030631724583116693
2544,20250624,6,306.19000244140625,-0.015719378751237634
2545,20250625,6,307.1199951171875,0.003037305817845004
2546,20250626,6,306.7799987792969,-0.0011070472235482631
2547,20250627,6,301.2200012207031,-0.018123728993798327
2548,20250630,6,304.8299865722656,0.01198454729743359
2549,20250701,6,307.54998779296875,0.008923010663382636
2550,20250702,6,309.25,0.005527596405484614
2551,20250703,6,307.1400146484375,-0.006822911403597365
2552,20250707,6,307.3699951171875,0.000748780548875283
2553,20250708,6,304.1600036621094,-0.010443411868664265
2554,20250709,6,305.5199890136719,0.004471282664348264
2555,20250710,6,306.20001220703125,0.0022257895319868215
2556,20250711,6,309.1400146484375,0.009601575193336043
2557,20250714,6,308.010009765625,-0.0036553174266280575
2558,20250715,6,306.7300109863281,-0.004155705135267751
2559,20250716,6,308.260009765625,0.004988096125243757
2560,20250717,6,307.5899963378906,-0.0021735334020257513
2561,20250718,6,308.3900146484375,0.002600924347578637
2562,20250721,6,313.1300048828125,0.015370115792427752
2563,20250722,6,316.1000061035156,0.009484882235462067
2564,20250723,6,312.17999267578125,-0.01240118112003663
2565,20250724,6,310.2699890136719,-0.006118276977772341
2566,20250725,6,307.3999938964844,-0.0092499926477293
2567,20250728,6,305.4100036621094,-0.00647361832754334
2568,20250729,6,306.25,0.002750389076383808
2569,20250730,6,300.9599914550781,-0.017273497289540862
2570,20250731,6,302.9599914550781,0.0066454015709211944
2571,20250801,6,309.1099853515625,0.020299689958884537
2572,20250804,6,310.9100036621094,0.005823229257701401
2573,20250805,6,311.1600036621094,0.0008040912066364925
2574,20250806,6,310.5,-0.00212110700071233
2575,20250807,6,313.1199951171875,0.008437987494967825
2576,20250808,6,313.04998779296875,-0.00022357985855403495
2577,20250811,6,308.54998779296875,-0.014374701087597641
2578,20250812,6,308.2699890136719,-0.0009074665058316222
2579,20250813,6,309.2099914550781,0.0030492830145867345
2580,20250814,6,307.25,-0.006338706734070332
2581,20250815,6,307.42999267578125,0.0005858183101099534
2582,20250818,6,306.95001220703125,-0.0015612675411803556
2583,20250819,6,305.2699890136719,-0.005473279447945512
2584,20250820,6,308.3599853515625,0.010122175284489776
2585,20250821,6,307.2900085449219,-0.0034698951143765644
2586,20250822,6,310.5799865722656,0.01070642694476942
2587,20250825,6,309.8299865722656,-0.0024148368614391735
2588,20250826,6,312.0799865722656,0.007262047243691283
2589,20250827,6,312.7099914550781,0.0020187288833615202
2590,20250828,6,315.0299987792969,0.007419038046796889
2591,20250829,6,318.07000732421875,0.00964990177666114
2592,20250902,6,325.5899963378906,0.023642559312442524
2593,20250903,6,328.1400146484375,0.007831992196408066
2594,20250904,6,326.69000244140625,-0.004418882618094533
2595,20250905,6,331.04998779296875,0.01334594055214322
2596,20250908,6,334.82000732421875,0.011388067271604019
2597,20250909,6,334.05999755859375,-0.002269905468609168
2598,20250910,6,335.260009765625,0.0035922056391106683
2599,20250911,6,334.760009765625,-0.0014913797811720864
2600,20250912,6,335.4200134277344,0.0019715725978484144
2601,20250915,6,338.9100036621094,0.01040483601055886
2602,20250916,6,339.5899963378906,0.0020064107533963593
2603,20250917,6,336.9700012207031,-0.007715171664187115
2604,20250918,6,335.6199951171875,-0.0040063094596702875
2605,20250919,6,339.17999267578125,0.010607227252210416
2606,20250922,6,345.04998779296875,0.01730643093326134
2607,20250923,6,346.4599914550781,0.004086375052867464
2608,20250924,6,343.32000732421875,-0.009063049726670935
2609,20250925,6,344.75,0.004165188877066628
2610,20250926,6,346.739990234375,0.00577227044053652
2611,20250929,6,352.4599914550781,0.016496514338703028
2612,20250930,6,355.4700012207031,0.008540004081594166
2613,20251001,6,356.0299987792969,0.0015753722020723782
2614,20251002,6,354.7900085449219,-0.003482825151325697
2615,20251003,6,357.6400146484375,0.008032937892485048
2616,20251006,6,364.3800048828125,0.01884573861512795
2617,20251007,6,366.260009765625,0.005159462258136571
2618,20251008,6,372.29998779296875,0.01649095687844504
2619,20251009,6,365.42999267578125,-0.018452848086064955
2620,20251010,6,369.1199951171875,0.010097700011942212
2621,20251013,6,378.0899963378906,0.02430104394061705
2622,20251014,6,380.7900085449219,0.007141189222626965
2623,20251015,6,387.3900146484375,0.017332403569977117
2624,20251016,6,396.45001220703125,0.02338727694573084
2625,20251017,6,388.989990234375,-0.01881705572696646
2626,20251020,6,403.1499938964844,0.03640197438905224
2627,20251021,6,377.239990234375,-0.06426889260666147
2628,20251022,6,377.2799987792969,0.00010605594835544352
2629,20251023,6,378.7900085449219,0.004002358382396931
2630,20251024,6,377.5199890136719,-0.0033528327110016187
2631,20251027,6,367.010009765625,-0.027839530498784404
2632,20251028,6,364.3800048828125,-0.007166030388359279
2633,20251029,6,363.0,-0.0037872684129753864
2634,20251030,6,370.1300048828125,0.01964188672951095
2635,20251031,6,368.1199951171875,-0.005430550723012573
2636,20251103,6,368.7799987792969,0.0017929035935666526
2637,20251104,6,362.32000732421875,-0.017517195825319742
2638,20251105,6,366.510009765625,0.011564369498527016
2639,20251106,6,366.07000732421875,-0.0012005195756799036
2640,20251107,6,368.30999755859375,0.006119021470095687
2641,20251110,6,378.3800048828125,0.02734111859838051
2642,20251111,6,379.8699951171875,0.003937814406542062
2643,20251112,6,385.989990234375,0.016110762091908537
2644,20251113,6,382.8699951171875,-0.008083098515826892
2645,20251114,6,375.9599914550781,-0.018047911171504505
2646,20251117,6,371.6499938964844,-0.011463979297139493
2647,20251118,6,374.3500061035156,0.007264932736103624
2648,20251119,6,374.9599914550781,0.0016294519610446923
2649,20251120,6,374.8500061035156,-0.0002933255655774847
2650,20251121,6,374.2699890136719,-0.0015473311468576778
2651,20251124,6,380.20001220703125,0.01584423909859023
2652,20251125,6,380.0799865722656,-0.00031569077041548876
2653,20251126,6,383.1199951171875,0.007998338908444147
2654,20251128,6,387.8800048828125,0.012424331348639184
2655,20251201,6,389.75,0.004821066034977672
2656,20251202,6,387.239990234375,-0.006440050713598433
2657,20251203,6,386.8800048828125,-0.0009296182229129313
2658,20251204,6,387.1300048828125,0.0006461951944911615
2659,20251205,6,386.44000244140625,-0.0017823532991587676
2660,20251208,6,385.4200134277344,-0.002639449868615862
2661,20251209,6,387.3999938964844,0.005137202012788666
2662,20251210,6,389.04998779296875,0.004259147967166088
2663,20251211,6,393.239990234375,0.010769830543307712
2664,20251212,6,395.44000244140625,0.005594579039939429
2665,20251215,6,395.79998779296875,0.0009103412637567754
2666,20251216,6,395.8900146484375,0.00022745542760316262
2667,20251217,6,399.2900085449219,0.008588228474273762
2668,20251218,6,398.57000732421875,-0.0018032036998043566
2669,20251219,6,399.0199890136719,0.0011289903434381632
2670,20251222,6,408.2300109863281,0.02308160549906857
2671,20251223,6,413.6400146484375,0.013252341857567629
2672,20251224,6,411.92999267578125,-0.004134082564786756
2673,20251226,6,416.739990234375,0.011676735474757116
2674,20251229,6,398.6000061035156,-0.0435283019531133
2675,20251230,6,398.8900146484375,0.0007275678386380324
2676,20251231,6,396.30999755859375,-0.006467991163222386
2677,20260102,6,398.2799987792969,0.004970859258759619
2678,20260105,6,408.760009765625,0.026313174195160993
2679,20260106,6,413.17999267578125,0.010813149047262716
2680,20260107,6,409.2300109863281,-0.009559953917111952
2681,20260108,6,411.489990234375,0.005522515913727544
2682,20260109,6,414.4700012207031,0.007242001159325273
2683,20260112,6,422.2300109863281,0.018722729613168898
2684,20260113,6,421.6300048828125,-0.0014210408732292512
2685,20260114,6,425.94000244140625,0.010222226854541994
2686,20260115,6,423.3299865722656,-0.006127660830587689
2687,20260116,6,421.2900085449219,-0.004818883830700504
2688,20260120,6,437.2300109863281,0.03783617488689295
2689,20260121,6,443.6000061035156,0.014568979615140476
2690,20260122,6,451.7900085449219,0.01846258414950319
2691,20260123,6,458.0,0.013745304981574558
2692,20260126,6,464.70001220703125,0.014628847613605389
2693,20260127,6,476.1000061035156,0.024531942321975864
2694,20260128,6,494.55999755859375,0.038773348494905324
2695,20260129,6,495.8999938964844,0.0027094717415592218
2696,20260130,6,444.95001220703125,-0.10274245274560045
2697,20260202,6,427.1300048828125,-0.04004945911975222
2698,20260203,6,454.2900085449219,0.06358720612372104
2699,20260204,6,453.9700012207031,-0.0007044119795716064
2700,20260205,6,441.8800048828125,-0.026631707613677613
2701,20260206,6,455.4599914550781,0.03073229479090611
2702,20260209,6,467.0299987792969,0.02540290594406658
2703,20260210,6,462.3999938964844,-0.009913720520981939
2704,20260211,6,467.6300048828125,0.011310577541873812
2705,20260212,6,451.3900146484375,-0.03472828959819363
2706,20260213,6,462.6199951171875,0.024878663914389865
2707,20260217,6,448.20001220703125,-0.0311702543391007
2708,20260218,6,458.2799987792969,0.022489929267582198
2709,20260219,6,459.55999755859375,0.0027930496262249527
2710,20260220,6,468.6199951171875,0.019714504323102178
2711,20260223,6,481.2799987792969,0.027015500392687075
2712,20260224,6,474.6099853515625,-0.01385890426498504
2713,20260225,6,473.4200134277344,-0.0025072627221415233
2714,20260226,6,477.4800109863281,0.008575889154321725
2715,20260227,6,483.75,0.01313141674919538
2716,20260302,6,490.0,0.012919896640826822
2717,20260303,6,468.1400146484375,-0.04461221500318879
2718,20260304,6,471.79998779296875,0.007818116439543887
2719,20260305,6,466.1300048828125,-0.012017768242597593
2720,20260306,6,473.510009765625,0.01583250339069653
2721,20260309,6,472.5299987792969,-0.0020696732193965506
2722,20260310,6,477.8599853515625,0.01127967872100144
2723,20260311,6,476.239990234375,-0.003390104145245987
2724,20260312,6,466.8800048828125,-0.019653925633074443
2725,20260313,6,460.8399963378906,-0.012936961278600778
2726,20260316,6,460.42999267578125,-0.0008896876689686861
2727,20260317,6,459.2699890136719,-0.002519392047785618
2728,20260318,6,444.739990234375,-0.03163716142328721
2729,20260319,6,426.4100036621094,-0.041215062676522196
2730,20260320,6,413.3800048828125,-0.0305574415876555
2731,20260323,6,404.0400085449219,-0.02259421410703788
2732,20260324,6,404.1300048828125,0.00022274115430986896
2733,20260325,6,416.2900085449219,0.030089336389747867
2734,20260326,6,400.6400146484375,-0.0375939695290467
2735,20260327,6,414.70001220703125,0.035093842463368
2736,20260330,6,414.5799865722656,-0.0002894276132928697
2737,20260331,6,430.2900085449219,0.037893826237359374
2738,20260401,6,437.82000732421875,0.017499822514495555
2739,20260402,6,429.4100036621094,-0.019208815315471695
2740,20260406,6,427.6499938964844,-0.004098669687746526
2741,20260407,6,431.80999755859375,0.009727589667910319
2742,20260408,6,434.5299987792969,0.00629906958171822
2743,20260409,6,437.9100036621094,0.007778530578574028
2744,20260410,6,437.1300048828125,-0.0017811851128632927
2745,20260413,6,435.3599853515625,-0.004049183335572026
2746,20260414,6,445.0899963378906,0.022349346089928224
2747,20260415,6,440.4599914550781,-0.010402401583740839
2748,20260416,6,440.0799865722656,-0.0008627455164704756
2749,20260417,6,445.92999267578125,0.013293051904224695
2750,20260420,6,442.0899963378906,-0.008611208936292747
2751,20260421,6,429.57000732421875,-0.028320000717914517
2752,20260422,6,435.260009765625,0.013245809401008168
2753,20260423,6,431.0400085449219,-0.00969535708776803
2754,20260424,6,433.25,0.005127114447075254
2755,20260427,6,429.8900146484375,-0.007755303754327758
2756,20260428,6,421.9100036621094,-0.0185629131043068
2757,20260429,6,417.4100036621094,-0.010665781709228828
2758,20260430,6,423.6600036621094,0.014973287523456946
2759,20260501,6,423.17999267578125,-0.0011330099187530918
2760,20260504,6,414.7099914550781,-0.02001512681908002
2761,20260505,6,418.2699890136719,0.008584306218673232
2762,20260506,6,430.9599914550781,0.030339261182306565
2763,20260507,6,431.67999267578125,0.001670691560653026
2764,20260508,6,433.7699890136719,0.004841540894531038
2765,20260511,6,434.6499938964844,0.0020287362083613036
2766,20260512,6,432.92999267578125,-0.003957209812161522
2767,20260513,6,430.5,-0.005612899814961714
2768,20260514,6,427.2099914550781,-0.007642296271595517
2769,20260515,6,417.2900085449219,-0.02322039069444226
2770,20260518,6,418.42999267578125,0.00273187497307803
2771,20260519,6,411.5,-0.016561892782745447
2772,20260520,6,417.3999938964844,0.014337773746013083
2773,20260521,6,416.989990234375,-0.0009822799906678004
2774,20260522,6,413.82000732421875,-0.0076020599640161945
2775,20260526,6,414.0,0.00043495402009452455
2776,20260527,6,408.489990234375,-0.013309202332427494
2777,20260528,6,412.7699890136719,0.010477609933210896
2778,20260529,6,417.1199951171875,0.010538571648365469
2779,20260601,6,411.260009765625,-0.014048680044494555
2780,20260602,6,411.95001220703125,0.001677776649860796
2781,20260603,6,407.8699951171875,-0.009904155768766576
2782,20260604,6,411.2699890136719,0.008335974543818736
2783,20260605,6,396.239990234375,-0.036545333189379026
2784,20260608,6,397.2699890136719,0.002599431669397134
2785,20260609,6,390.7799987792969,-0.01633647245916592
2786,20260610,6,374.5799865722656,-0.04145558180468856
2787,20260611,6,386.32000732421875,0.03134182597256352
2788,20260612,6,386.5400085449219,0.0005694792310315666
2789,20260615,6,396.54998779296875,0.025896360083728753
2790,20260616,6,397.6300048828125,0.002723533282284807
2791,20260617,6,388.6000061035156,-0.02270955075927472
2792,20260618,6,387.1199951171875,-0.003808571701190089
2793,20260622,6,384.5899963378906,-0.0065354381359996605
2794,20260623,6,377.32000732421875,-0.018903219228002643
2795,20260624,6,365.9200134277344,-0.030213064971899906
2796,20260625,6,369.4599914550781,0.009674185334065832
2797,20260626,6,373.6300048828125,0.011286779419095394
2798,20260629,6,368.5799865722656,-0.013516094115971211
2799,20260630,6,368.3800048828125,-0.0005425733809176769
2800,20260701,6,370.6000061035156,0.006026389031102086
2801,20260702,6,378.1300048828125,0.020318398961908235
2802,20260706,6,382.1300048828125,0.01057837238078907
2803,20260707,6,377.489990234375,-0.012142502784779907
2804,20260708,6,374.45001220703125,-0.008053135463158334
2805,20260709,6,378.17999267578125,0.009961224054354512
2806,20260710,6,377.010009765625,-0.003093719744077794
2807,20260713,6,367.1300048828125,-0.02620621369961662
2808,20260714,6,372.1499938964844,0.013673600487310367
2809,20260715,6,372.3500061035156,0.0005374505181017231
2810,20260716,6,364.9599914550781,-0.01984695723728025
2811,20260717,6,368.4100036621094,0.009453124418586922
2812,20260720,6,367.6000061035156,-0.0021986307389650905
2813,20260721,6,374.80999755859375,0.019613686984128575
2814,20260722,6,379.1199951171875,0.011499153135369422
2815,20260723,6,371.5199890136719,-0.020046439653404247
2816,20260724,6,371.8999938964844,0.0010228383237773642
2817,20260727,6,374.6300048828125,0.007340712640850455
2818,20260728,6,369.3699951171875,-0.01404054586409964
2819,20260729,6,371.0799865722656,0.004629481218515252
2820,20260730,6,377.1600036621094,0.016384653740035837
2821,20260731,6,371.5400085449219,-0.014900824749758845
2822,20260803,6,371.7099914550781,0.00045750903333918735
2823,20260804,6,374.1600036621094,0.00659119276681408
2824,20260805,6,389.6400146484375,0.04137270374924307
2825,20260806,6,389.6700134277344,7.699101265035146e-05
2826,20260807,6,398.4700012207031,0.022583179330530445
2827,20260810,6,402.5400085449219,0.01021408716277361
2828,20260811,6,400.9599914550781,-0.003925118140567174
2829,20260812,6,404.9200134277344,0.009876351898066904
2830,20260813,6,398.9599914550781,-0.014719010607066263
2831,20260814,6,401.4800109863281,0.006316471789712619
2832,20260817,6,405.489990234375,0.009987992274373525
2833,20260818,6,398.54998779296875,-0.017115101749848094
2834,20260819,6,413.8399963378906,0.0383640923679176
2835,20260820,6,415.260009765625,0.003431310265562093
2836,20260821,6,423.3599853515625,0.019505792504578512
2837,20260824,6,426.69000244140625,0.007865686897826407
2838,20260825,6,428.07000732421875,0.0032342095547504
2839,20260826,6,421.32000732421875,-0.015768448815633995
2840,20260827,6,422.6000061035156,0.0030380678748822554
2841,20260828,6,408.8900146484375,-0.03244200486764748
2842,20260831,6,408.4200134277344,-0.0011494563424524484
2843,20210104,4,130.69728088378906,0.0
2844,20210105,4,129.72662353515625,-0.007426760083064643
2845,20210106,4,127.06366729736328,-0.020527445833594116
2846,20210107,4,125.94361114501953,-0.008814920709965923
2847,20210108,4,125.53715515136719,-0.003227285528476065
2848,20210111,4,125.32972717285156,-0.001652323395934241
2849,20210112,4,125.23018646240234,-0.0007942306481839578
2850,20210113,4,126.6404800415039,0.011261610470611139
2851,20210114,4,125.45413208007812,-0.009367841633551754
2852,20210115,4,125.95191192626953,0.003967823442225571
2853,20210119,4,126.35845184326172,0.0032277391488124696
2854,20210120,4,126.48287200927734,0.0009846604180459018
2855,20210121,4,125.59516143798828,-0.007018425160554176
2856,20210122,4,126.00169372558594,0.0032368467299466186
2857,20210125,4,127.4867172241211,0.011785742354934792
2858,20210126,4,127.24617767333984,-0.001886781274306304
2859,20210127,4,127.56961822509766,0.0025418488607817924
2860,20210128,4,126.86447143554688,-0.0055275448759793955
2861,20210129,4,126.10126495361328,-0.00601591977089766
2862,20210201,4,126.24752044677734,0.0011598257417786417
2863,20210202,4,125.43341827392578,-0.006448460690321123
2864,20210203,4,124.32048034667969,-0.008872738561709448
2865,20210204,4,123.98831939697266,-0.002671811987701167
2866,20210205,4,122.95006561279297,-0.00837380318750447
2867,20210208,4,123.48991394042969,0.004390793326917386
2868,20210209,4,123.58123016357422,0.0007394630073884745
2869,20210210,4,124.40353393554688,0.006653953605124663
2870,20210211,4,123.72249603271484,-0.005474425695855878
2871,20210212,4,122.18589782714844,-0.012419715531443054
2872,20210216,4,120.32542419433594,-0.015226582329856408
2873,20210217,4,121.08954620361328,0.006350461794701223
2874,20210218,4,120.5995101928711,-0.004046889480601279
2875,20210219,4,118.99655151367188,-0.013291585319340493
2876,20210222,4,118.09122467041016,-0.007608009070394828
2877,20210223,4,117.75066375732422,-0.002883879932962241
2878,20210224,4,116.97820281982422,-0.006560140833617667
2879,20210225,4,115.06790161132812,-0.016330403121669113
2880,20210226,4,118.87187194824219,0.03305848358791641
2881,20210301,4,117.3018569946289,-0.013207623703418103
2882,20210302,4,117.31025695800781,7.160980733056377e-05
2883,20210303,4,116.03789520263672,-0.010846125380379545
2884,20210304,4,115.28952026367188,-0.00644940118620696
2885,20210305,4,115.51399993896484,0.001947095232763374
2886,20210308,4,114.61591339111328,-0.007774698723324369
2887,20210309,4,116.20423126220703,0.013857742996592481
2888,20210310,4,116.4371337890625,0.0020042516896818796
2889,20210311,4,115.59722900390625,-0.007213375645932829
2890,20210312,4,113.1440658569336,-0.021221643183936156
2891,20210315,4,113.8093032836914,0.00587956090953079
2892,20210316,4,113.35191345214844,-0.004018914256972761
2893,20210317,4,112.50372314453125,-0.007482805378272284
2894,20210318,4,111.36445617675781,-0.010126482359253508
2895,20210319,4,112.05467224121094,0.006197812912206224
2896,20210322,4,113.31036376953125,0.011206061319935845
2897,20210323,4,114.33320617675781,0.009026909571193231
2898,20210324,4,114.94851684570312,0.005381731952780688
2899,20210325,4,114.0421371459961,-0.007885092601270127
2900,20210326,4,113.64299011230469,-0.0034999960863625335
2901,20210329,4,112.67835998535156,-0.008488250141956422
2902,20210330,4,113.26879119873047,0.005239969888234608
2903,20210331,4,112.63679504394531,-0.005579614191135063
2904,20210401,4,114.50617218017578,0.016596505036397202
2905,20210405,4,114.00665283203125,-0.0043623792380251825
2906,20210406,4,114.78099060058594,0.006792040195193971
2907,20210407,4,113.98161315917969,-0.006964371340790421
2908,20210408,4,114.92253112792969,0.008254997825271726
2909,20210409,4,114.50617218017578,-0.0036229531639050405
2910,20210412,4,114.4562759399414,-0.00043575153447505954
2911,20210413,4,115.31396484375,0.007493594359637035
2912,20210414,4,114.94760131835938,-0.0031770959041000912
2913,20210415,4,116.8711929321289,0.01673450852133862
2914,20210416,4,115.96347045898438,-0.007766862392443286
2915,20210419,4,115.63036346435547,-0.002872516606397424
2916,20210420,4,116.16327667236328,0.00460876531078358
2917,20210421,4,116.39646911621094,0.002007454081252913
2918,20210422,4,116.90447998046875,0.0043644868965107
2919,20210423,4,116.62965393066406,-0.0023508598631173383
2920,20210426,4,116.46312713623047,-0.0014278255042460275
2921,20210427,4,115.44720458984375,-0.008723126120410263
2922,20210428,4,115.5221176147461,0.0006488942297779854
2923,20210429,4,115.18071746826172,-0.0029552795043361613
2924,20210430,4,115.44720458984375,0.0023136435285313617
2925,20210503,4,115.51639556884766,0.0005993300509070654
2926,20210504,4,116.3003158569336,0.006786225316550265
2927,20210505,4,116.49212646484375,0.001649269879422377
2928,20210506,4,116.68392181396484,0.0016464232814823454
2929,20210507,4,116.1085205078125,-0.004931281852779468
2930,20210510,4,114.93268585205078,-0.010127031596123048
2931,20210511,4,114.28213500976562,-0.005660277034877481
2932,20210512,4,113.08129119873047,-0.010507712434078553
2933,20210513,4,113.25647735595703,0.0015492054907535469
2934,20210514,4,114.3155746459961,0.009351317600232223
2935,20210517,4,114.07373046875,-0.0021155837950779244
2936,20210518,4,113.78182983398438,-0.002558876908523522
2937,20210519,4,113.50666046142578,-0.002418394685338443
2938,20210520,4,114.44066619873047,0.008228642561659116
2939,20210521,4,114.80756378173828,0.0032060070532156093
2940,20210524,4,115.23289489746094,0.0037047307835158527
2941,20210525,4,116.3003158569336,0.009263161881184034
2942,20210526,4,116.10015869140625,-0.0017210371618729958
2943,20210527,4,115.63322448730469,-0.0040218222728073405
2944,20210528,4,115.44972229003906,-0.0015869331507378792
2945,20210601,4,115.42378234863281,-0.00022468604420788907
2946,20210602,4,115.69105529785156,0.002315579543316737
2947,20210603,4,115.25675964355469,-0.0037539259468137853
2948,20210604,4,116.83515930175781,0.013694638501763556
2949,20210607,4,116.47605895996094,-0.0030735640191100755
2950,20210608,4,117.29451751708984,0.007026839373147631
2951,20210609,4,118.330078125,0.008828721323307143
2952,20210610,4,119.0398941040039,0.005998609907567953
2953,20210611,4,118.84786224365234,-0.0016131723049399582
2954,20210614,4,117.93750762939453,-0.007659831629040825
2955,20210615,4,117.79558563232422,-0.0012033660870321983
2956,20210616,4,117.69532775878906,-0.0008511174081522466
2957,20210617,4,119.45751190185547,0.014972422241585681
2958,20210618,4,121.70408630371094,0.018806472410887176
2959,20210621,4,119.66624450683594,-0.016744234797421598
2960,20210622,4,119.95854949951172,0.0024426687231675626
2961,20210623,4,119.64958953857422,-0.002575555991853329
2962,20210624,4,119.84164428710938,0.001605143396444575
2963,20210625,4,118.59735870361328,-0.01038274792454541
2964,20210628,4,119.81658935546875,0.010280419945122521
2965,20210629,4,120.01700592041016,0.0016726946245049223
2966,20210630,4,120.55155181884766,0.004453917962192744
2967,20210701,4,120.55818939208984,5.506003980904062e-05
2968,20210702,4,121.28569030761719,0.006034437968882367
2969,20210706,4,122.70730590820312,0.011721214571812189
2970,20210707,4,123.79440307617188,0.008859270113729112
2971,20210708,4,124.27933502197266,0.003917236431944415
2972,20210709,4,122.53172302246094,-0.014061967737458048
2973,20210712,4,122.3728256225586,-0.0012967858117298725
2974,20210713,4,121.4361801147461,-0.007654031873885581
2975,20210714,4,122.81600189208984,0.01136252619309941
2976,20210715,4,124.17072296142578,0.01103049316428839
2977,20210716,4,123.93657684326172,-0.00188567894733771
2978,20210719,4,126.65424346923828,0.021927881947340744
2979,20210720,4,125.43335723876953,-0.009639520927423817
2980,20210721,4,123.84456634521484,-0.012666414489172384
2981,20210722,4,125.01519775390625,0.009452424464294173
2982,20210723,4,124.17911529541016,-0.006687846546000964
2983,20210726,4,123.81116485595703,-0.0029630621749704433
2984,20210727,4,125.13236236572266,0.010671069214983397
2985,20210728,4,125.14067840576172,6.645794806270366e-05
2986,20210729,4,124.44662475585938,-0.005546187368841937
2987,20210730,4,125.03202056884766,0.004703991081612013
2988,20210802,4,126.14725494384766,0.008919590117204557
2989,20210803,4,126.21417236328125,0.0005304706746365184
2990,20210804,4,126.47372436523438,0.0020564410247532194
2991,20210805,4,125.82908630371094,-0.005097011768719906
2992,20210806,4,123.72758483886719,-0.016701237580088568
2993,20210809,4,123.28379821777344,-0.0035868042011141243
2994,20210810,4,122.71446990966797,-0.004618030238651372
2995,20210811,4,122.63915252685547,-0.000613761220400022
2996,20210812,4,122.438232421875,-0.001638303109901762
2997,20210813,4,124.37224578857422,0.01579582887178055
2998,20210816,4,124.67371368408203,0.002423916152646255
2999,20210817,4,124.62344360351562,-0.0004032131479919654
3000,20210818,4,125.04203796386719,0.0033588733246956437
3001,20210819,4,125.96302032470703,0.007365381881459632
3002,20210820,4,126.04674530029297,0.0006646790095228283
3003,20210823,4,125.96302032470703,-0.0006642375047961613
3004,20210824,4,124.98343658447266,-0.0077767565251231074
3005,20210825,4,123.94529724121094,-0.008306215380468163
3006,20210826,4,124.2885513305664,0.002769399864259947
3007,20210827,4,125.13420867919922,0.006803984273528574
3008,20210830,4,125.46067810058594,0.002608954216697601
3009,20210831,4,124.60673522949219,-0.006806458278578065
3010,20210901,4,124.81543731689453,0.001674886088765426
3011,20210902,4,125.36024475097656,0.0043649042601903165
3012,20210903,4,124.22029113769531,-0.009093422045766797
3013,20210907,4,123.17228698730469,-0.00843665830108975
3014,20210908,4,124.01068115234375,0.0068066785601332835
3015,20210909,4,125.51117706298828,0.01209973122235497
3016,20210910,4,124.40465545654297,-0.008816120064669586
3017,20210913,4,125.15911102294922,0.0060645284023941315
3018,20210914,4,126.67644500732422,0.012123240345617292
3019,20210915,4,126.23216247558594,-0.0035072229230350693
3020,20210916,4,125.65371704101562,-0.004582393450497935
3021,20210917,4,125.05014038085938,-0.004803492283154909
3022,20210920,4,126.60101318359375,0.012402007690762717
3023,20210921,4,126.49205017089844,-0.0008606804160192771
3024,20210922,4,127.24654388427734,0.005964752032713072
3025,20210923,4,124.3711166381836,-0.022597291512363338
3026,20210924,4,123.15555572509766,-0.009773659238118793
3027,20210927,4,122.70284271240234,-0.0036759447028588133
3028,20210928,4,120.79157257080078,-0.015576412896001979
3029,20210929,4,121.0010757446289,0.0017344187956931378
3030,20210930,4,120.98436737060547,-0.00013808450809726924
3031,20211001,4,122.00253295898438,0.008415678905523416
3032,20211004,4,121.69197082519531,-0.0025455384102022194
3033,20211005,4,120.51686096191406,-0.009656428894304292
3034,20211006,4,121.19668579101562,0.005640910522191511
3035,20211007,4,119.92926788330078,-0.010457529423703038
3036,20211008,4,119.08989715576172,-0.006998881443650795
3037,20211011,4,118.7876968383789,-0.002537581479204354
3038,20211012,4,120.8189697265625,0.017100027547022112
3039,20211013,4,121.994140625,0.009726708488717817
3040,20211014,4,122.44735717773438,0.0037150682025584025
3041,20211015,4,121.7339096069336,-0.005826565695208896
3042,20211018,4,122.30469512939453,0.004688796443850007
3043,20211019,4,120.61754608154297,-0.013794638432045536
3044,20211020,4,119.80332946777344,-0.006750399425462406
3045,20211021,4,119.6606674194336,-0.0011908020334127078
3046,20211022,4,120.97850036621094,0.011013083707431592
3047,20211025,4,120.79380798339844,-0.001526654589480092
3048,20211026,4,121.79270935058594,0.008269474933059406
3049,20211027,4,124.00862121582031,0.018194125716144205
3050,20211028,4,123.58893585205078,-0.00338432408694489
3051,20211029,4,123.96665954589844,0.0030562905266846574
3052,20211101,4,123.07413482666016,-0.0071997158147818485
3053,20211102,4,123.62036895751953,0.004438252859779945
3054,20211103,4,122.34288024902344,-0.01033396615192994
3055,20211104,4,123.62873840332031,0.01051028185440428
3056,20211105,4,125.47773742675781,0.01495606157045315
3057,20211108,4,125.24239349365234,-0.0018755831746076757
3058,20211109,4,126.87288665771484,0.013018700126847582
3059,20211110,4,124.55326080322266,-0.01828306989459627
3060,20211111,4,124.36840057373047,-0.0014841861891053965
3061,20211112,4,123.82210540771484,-0.0043925560149964404
3062,20211115,4,122.2672348022461,-0.012557294195159718
3063,20211116,4,121.9563217163086,-0.002542897829008517
3064,20211117,4,122.92283630371094,0.007925088046281115
3065,20211118,4,123.3850326538086,0.0037600527615202495
3066,20211119,4,124.6877670288086,0.01055828528777214
3067,20211122,4,123.22537231445312,-0.01172845379465004
3068,20211123,4,121.44367980957031,-0.014458812105157981
3069,20211124,4,123.39346313476562,0.01605504154891113
3070,20211126,4,126.51151275634766,0.025269163717178467
3071,20211129,4,125.49456787109375,-0.008038358431556092
3072,20211130,4,127.40238189697266,0.01520236340300074
3073,20211201,4,128.18824768066406,0.006168375912523505
3074,20211202,4,128.34815979003906,0.0012474787062646264
3075,20211203,4,129.8795928955078,0.011931866479223174
3076,20211206,4,128.0957794189453,-0.013734363011113193
3077,20211207,4,127.06067657470703,-0.008080694375205866
3078,20211208,4,124.86454772949219,-0.017284095319007653
3079,20211209,4,125.56293487548828,0.005593158015589017
3080,20211210,4,125.25994110107422,-0.0024130829270160303
3081,20211213,4,127.1112060546875,0.014779385471045847
3082,20211214,4,126.80823516845703,-0.002383510436523739
3083,20211215,4,125.58821105957031,-0.00962101638955859
3084,20211216,4,125.63704681396484,0.00038885619902151447
3085,20211217,4,127.06067657470703,0.011331289590483573
3086,20211220,4,126.10881805419922,-0.0074913698413069385
3087,20211221,4,125.62863159179688,-0.003807715192413963
3088,20211222,4,126.2098617553711,0.004626574023848251
3089,20211223,4,125.11471557617188,-0.008677183890129836
3090,20211227,4,125.41803741455078,0.002424349821538385
3091,20211228,4,124.92094421386719,-0.003963490506876055
3092,20211229,4,123.55628967285156,-0.010924145263257912
3093,20211230,4,124.59239959716797,0.008385731936915386
3094,20211231,4,124.83673858642578,0.0019611066971003677
3095,20220103,4,121.55976104736328,-0.026250105346943275
3096,20220104,4,121.05427551269531,-0.004158329453041731
3097,20220105,4,120.39729309082031,-0.00542717239099999
3098,20220106,4,120.70893859863281,0.002588476034734555
3099,20220107,4,119.8412094116211,-0.007188607547093051
3100,20220110,4,120.13606262207031,0.002460365778156337
3101,20220111,4,120.93639373779297,0.006661872365838928
3102,20220112,4,120.47307586669922,-0.0038310872085228764
3103,20220113,4,121.54295349121094,0.00888063674654993
3104,20220114,4,119.70640563964844,-0.015110278291001866
3105,20220118,4,118.0215835571289,-0.014074619261322918
3106,20220119,4,118.83878326416016,0.006924154738490618
3107,20220120,4,119.57169342041016,0.006167264054032451
3108,20220121,4,120.99540710449219,0.01190677863092815
3109,20220124,4,120.00133514404297,-0.008215782600662913
3110,20220125,4,119.8075180053711,-0.0016151248520629435
3111,20220126,4,118.35865783691406,-0.012093232483057381
3112,20220127,4,120.53203582763672,0.018362644781908077
3113,20220128,4,120.57415771484375,0.00034946632169452485
3114,20220131,4,119.9507827758789,-0.005170054270162261
3115,20220201,4,119.55259704589844,-0.003319575919103923
3116,20220202,4,119.95755767822266,0.0033873010066753917
3117,20220203,4,119.0211410522461,-0.007806232838521332
3118,20220204,4,117.2665023803711,-0.014742243742267402
3119,20220207,4,117.34242248535156,0.0006474151052464627
3120,20220208,4,116.55786895751953,-0.00668601782045164
3121,20220209,4,116.77716064453125,0.0018813975321703147
3122,20220210,4,114.92132568359375,-0.015892105534117684
3123,20220211,4,116.6253433227539,0.01482768867330786
3124,20220214,4,115.17437744140625,-0.012441257105946457
3125,20220215,4,113.8668441772461,-0.011352640172293094
3126,20220216,4,114.54176330566406,0.005927266477741222
3127,20220217,4,115.39373016357422,0.007438045594222453
3128,20220218,4,116.60846710205078,0.010526888564522885
3129,20220222,4,116.91218566894531,0.0026046013162039916
3130,20220223,4,115.30097198486328,-0.01378140075701284
3131,20220224,4,115.3768539428711,0.000658120714002175
3132,20220225,4,115.46123504638672,0.0007313520921397032
3133,20220228,4,117.9919662475586,0.021918449080811753
3134,20220301,4,119.35615539550781,0.011561712134595892
3135,20220302,4,115.2762680053711,-0.034182463205331026
3136,20220303,4,116.45039367675781,0.010185319942279891
3137,20220304,4,118.46080780029297,0.017264124749252874
3138,20220307,4,117.55696868896484,-0.00762985774039171
3139,20220308,4,116.37435913085938,-0.010059884763058524
3140,20220309,4,115.23404693603516,-0.009798654990159639
3141,20220310,4,113.57841491699219,-0.014367559441542332
3142,20220311,4,113.95850372314453,0.003346488031463757
3143,20220314,4,111.29767608642578,-0.023349092430899887
3144,20220315,4,111.10342407226562,-0.001745337557716109
3145,20220316,4,112.19310760498047,0.009807830332988487
3146,20220317,4,111.35686492919922,-0.0074536011492396526
3147,20220318,4,112.716796875,0.012212376369121314
3148,20220321,4,110.10670471191406,-0.023156195309386396
3149,20220322,4,108.696044921875,-0.012811751961244733
3150,20220323,4,111.07809448242188,0.0219147767727792
3151,20220324,4,110.20807647705078,-0.007832489469908666
3152,20220325,4,108.67915344238281,-0.013873057978526115
3153,20220328,4,109.60832214355469,0.008549649787845226
3154,20220329,4,110.43612670898438,0.0075523878957430846
3155,20220330,4,111.29767608642578,0.007801336420569349
3156,20220331,4,111.56803894042969,0.002429186875330336
3157,20220401,4,111.9926986694336,0.0038062847840378833
3158,20220404,4,111.21441650390625,-0.006949400941079098
3159,20220405,4,108.7018051147461,-0.022592497161300185
3160,20220406,4,107.82194519042969,-0.008094253111874505
3161,20220407,4,107.00981903076172,-0.007532104510205584
3162,20220408,4,105.85079956054688,-0.010830963744379973
3163,20220411,4,104.17572021484375,-0.015824909709302393
3164,20220412,4,104.03192138671875,-0.0013803487782799717
3165,20220413,4,104.2433853149414,0.0020326830976866717
3166,20220414,4,102.15379333496094,-0.02004531964946621
3167,20220418,4,101.64620971679688,-0.004968818108395667
3168,20220419,4,100.88480377197266,-0.00749074605876221
3169,20220420,4,102.91520690917969,0.020125956152883928
3170,20220421,4,102.15379333496094,-0.007398455457517383
3171,20220422,4,101.51081848144531,-0.006294184802392189
3172,20220425,4,102.52603912353516,0.010001107835372336
3173,20220426,4,103.55815124511719,0.010066829172425296
3174,20220427,4,102.22990417480469,-0.012826098712100387
3175,20220428,4,102.3822021484375,0.0014897595264531382
3176,20220429,4,101.05400848388672,-0.012972896037390491
3177,20220502,4,99.30232238769531,-0.017334157471553646
3178,20220503,4,99.97183990478516,0.006742214089172194
3179,20220504,4,100.52266693115234,0.0055098218347466865
3180,20220505,4,97.7685317993164,-0.027398150247269437
3181,20220506,4,96.32785034179688,-0.01473563559772717
3182,20220509,4,97.17530822753906,0.00879764141663264
3183,20220510,4,98.05665588378906,0.009069666691319256
3184,20220511,4,99.94642639160156,0.019272230842260596
3185,20220512,4,99.75996398925781,-0.0018656235052684211
3186,20220513,4,98.28544616699219,-0.014780657122374308
3187,20220516,4,98.18372344970703,-0.001034972330616668
3188,20220517,4,96.99735260009766,-0.01208317232150069
3189,20220518,4,99.0650863647461,0.021317424746357005
3190,20220519,4,99.30232238769531,0.002394749065031343
3191,20220520,4,100.42943572998047,0.011350322078920616
3192,20220523,4,98.77693176269531,-0.01645437869160349
3193,20220524,4,100.72604370117188,0.019732460845809374
3194,20220525,4,101.12433624267578,0.003954216078271955
3195,20220526,4,100.66668701171875,-0.004525609244631079
3196,20220527,4,100.91246795654297,0.0024415320710375887
3197,20220531,4,98.77693176269531,-0.021162263069091747
3198,20220601,4,98.66402435302734,-0.0011430544323771663
3199,20220602,4,98.71497344970703,0.0005163898088871299
3200,20220603,4,98.5027847290039,-0.0021495089679706147
3201,20220606,4,96.68601989746094,-0.018443791579508817
3202,20220607,4,97.73021697998047,0.010799876586366164
3203,20220608,4,96.8642807006836,-0.008860476381365778
3204,20220609,4,97.18689727783203,0.003330604169201834
3205,20220610,4,96.58412170410156,-0.006202230862533797
3206,20220613,4,93.55339050292969,-0.03137918684457186
3207,20220614,4,92.37336730957031,-0.012613366410514248
3208,20220615,4,94.09673309326172,0.018656522262698205
3209,20220616,4,94.84380340576172,0.007939386288358774
3210,20220617,4,95.1493911743164,0.0032220109019385212
3211,20220621,4,93.53643035888672,-0.016951877416374606
3212,20220622,4,96.1087417602539,0.02750063682671633
3213,20220623,4,96.89825439453125,0.008214784834524202
3214,20220624,4,95.55690002441406,-0.013842915731543726
3215,20220627,4,94.7419204711914,-0.008528735790031217
3216,20220628,4,95.18335723876953,0.00465936055953553
3217,20220629,4,96.66900634765625,0.015608286490252032
3218,20220630,4,97.51795196533203,0.008781983489337453
3219,20220701,4,98.51913452148438,0.010266648714159388
3220,20220705,4,99.29322814941406,0.007857292207138489
3221,20220706,4,97.62596893310547,-0.016791268119511038
3222,20220707,4,96.766845703125,-0.008800150609200585
3223,20220708,4,95.69508361816406,-0.011075715831939337
3224,20220711,4,97.34529113769531,0.01724443364421724
3225,20220712,4,97.92371368408203,0.005941967399003767
3226,20220713,4,99.0465316772461,0.011466252156106416
3227,20220714,4,98.23844146728516,-0.008158692649573918
3228,20220715,4,98.79137420654297,0.005628476297050655
3229,20220718,4,97.7620849609375,-0.010418816965270028
3230,20220719,4,97.23468780517578,-0.005394700368475669
3231,20220720,4,97.48988342285156,0.0026245326995557594
3232,20220721,4,99.17411041259766,0.017275915516699714
3233,20220722,4,100.84132385253906,0.01681097448724511
3234,20220725,4,99.8546371459961,-0.009784547334838689
3235,20220726,4,99.9311752319336,0.0007664950584678198
3236,20220727,4,99.36976623535156,-0.005617956511359323
3237,20220728,4,100.16087341308594,0.007961246239230224
3238,20220729,4,99.88864135742188,-0.0027179481007649775
3239,20220801,4,102.2943115234375,0.024083520741939424
3240,20220802,4,100.12979888916016,-0.021159657873853654
3241,20220803,4,101.7063217163086,0.015744791706748362
3242,20220804,4,101.6722412109375,-0.0003350873848938507
3243,20220805,4,99.25209045410156,-0.023803456361455644
3244,20220808,4,100.85417175292969,0.01614153708499466
3245,20220809,4,100.462158203125,-0.0038869344023272356
3246,20220810,4,99.80599212646484,-0.006531475019016075
3247,20220811,4,97.47956085205078,-0.023309535077475352
3248,20220812,4,98.46809387207031,0.010140926070849599
3249,20220815,4,98.3828353881836,-0.0008658488301549472
3250,20220816,4,98.79190063476562,0.004157892430808774
3251,20220817,4,97.76078796386719,-0.010437218681625171
3252,20220818,4,97.90565490722656,0.0014818512245720061
3253,20220819,4,96.32917022705078,-0.016102079922448054
3254,20220822,4,96.00534057617188,-0.0033616987472810944
3255,20220823,4,95.4769287109375,-0.005503984070710399
3256,20220824,4,94.77821350097656,-0.00731815758418819
3257,20220825,4,96.09905242919922,0.013936102817648566
3258,20220826,4,96.82341003417969,0.00753761443708445
3259,20220829,4,96.0223388671875,-0.00827352772133727
3260,20220830,4,96.26097869873047,0.0024852532687529294
3261,20220831,4,95.34061431884766,-0.009561136738109544
3262,20220901,4,93.59513854980469,-0.01830778815002776
3263,20220902,4,94.12457275390625,0.005656642132324308
3264,20220906,4,91.793212890625,-0.024768875916990507
3265,20220907,4,93.24497985839844,0.015815624293522346
3266,20220908,4,92.28854370117188,-0.010257240214744057
3267,20220909,4,92.4935073852539,0.0022209006217033256
3268,20220912,4,91.73345947265625,-0.008217310966832536
3269,20220913,4,91.94695281982422,0.0023273225319884183
3270,20220914,4,92.26290893554688,0.0034362869680062413
3271,20220915,4,92.20309448242188,-0.0006483044358246426
3272,20220916,4,91.43456268310547,-0.008335206140645535
3273,20220919,4,91.64805603027344,0.0023349304781814517
3274,20220920,4,90.73431396484375,-0.009970119443972303
3275,20220921,4,92.25437927246094,0.016752926662410905
3276,20220922,4,89.89743041992188,-0.025548368230608687
3277,20220923,4,90.26463317871094,0.004084685814419897
3278,20220926,4,88.53961944580078,-0.019110626966099553
3279,20220927,4,86.20828247070312,-0.02633100288537804
3280,20220928,4,89.09468078613281,0.03348168218535852
3281,20220929,4,88.63352966308594,-0.005175966948619992
3282,20220930,4,87.48922729492188,-0.012910490787332862
3283,20221003,4,88.87937927246094,0.01588940742216094
3284,20221004,4,88.63113403320312,-0.002793057751864003
3285,20221005,4,87.78368377685547,-0.00956154138826859
3286,20221006,4,87.2957763671875,-0.005558064878072533
3287,20221007,4,86.44831848144531,-0.009707891045926065
3288,20221010,4,85.10438537597656,-0.015546087293267674
3289,20221011,4,85.48104095458984,0.004425806930504095
3290,20221012,4,85.90048217773438,0.004906833356970397
3291,20221013,4,85.07870483398438,-0.009566620849108642
3292,20221014,4,84.37677764892578,-0.008250327581129424
3293,20221017,4,83.96588134765625,-0.004869779490503712
3294,20221018,4,84.16275024414062,0.0023446296677247513
3295,20221019,4,82.63050842285156,-0.0182057004653996
3296,20221020,4,81.2181167602539,-0.01709285939970151
3297,20221021,4,79.75432586669922,-0.018022960294383883
3298,20221024,4,79.09521484375,-0.008264266743986393
3299,20221025,4,81.39786529541016,0.02911238633347124
3300,20221026,4,82.57060241699219,0.014407467779725236
3301,20221027,4,83.4351577758789,0.0104704983805326
3302,20221028,4,82.86164093017578,-0.006873803094418429
3303,20221031,4,82.27098846435547,-0.007128177274669634
3304,20221101,4,83.03984832763672,0.009345455520014312
3305,20221102,4,82.67945861816406,-0.004339961075684129
3306,20221103,4,82.2332534790039,-0.005396807703118234
3307,20221104,4,80.85166931152344,-0.01680079662460665
3308,20221107,4,80.0450439453125,-0.009976607447682917
3309,20221108,4,80.92031860351562,0.010934776409156743
3310,20221109,4,81.18634796142578,0.003287547089546372
3311,20221110,4,84.30989074707031,0.03847374422025518
3312,20221111,4,84.0009536743164,-0.003664304033802135
3313,20221114,4,83.79499053955078,-0.002451914243309372
3314,20221115,4,85.15083312988281,0.016180473099905335
3315,20221116,4,87.012939453125,0.02186832770504865
3316,20221117,4,86.0947494506836,-0.010552338631612868
3317,20221118,4,85.50267791748047,-0.00687697608716864
3318,20221121,4,85.8630599975586,0.0042148630762879336
3319,20221122,4,87.08158874511719,0.014191536472066613
3320,20221123,4,88.60045623779297,0.017441890008706773
3321,20221125,4,88.30009460449219,-0.0033900686977801353
3322,20221128,4,88.54896545410156,0.002818466398298858
3323,20221129,4,87.51065826416016,-0.01172579696009668
3324,20221130,4,88.15425109863281,0.007354450843346516
3325,20221201,4,90.97037506103516,0.031945413038010795
3326,20221202,4,92.11441040039062,0.012575910988471772
3327,20221205,4,90.82416534423828,-0.014006983820925245
3328,20221206,4,91.9939956665039,0.012880165953981226
3329,20221207,4,94.16159057617188,0.02356235202051571
3330,20221208,4,93.90352630615234,-0.002740653258302528
3331,20221209,4,91.46068572998047,-0.02601436465982665
3332,20221212,4,91.75312042236328,0.003197381367182839
3333,20221213,4,92.63910675048828,0.009656198329240251
3334,20221214,4,93.03477478027344,0.004271069137689709
3335,20221215,4,93.39778137207031,0.003901837701592914
3336,20221216,4,92.35446166992188,-0.011170711839418868
3337,20221219,4,90.80245208740234,-0.01680492262589839
3338,20221220,4,89.19005584716797,-0.0177571883045885
3339,20221221,4,89.41424560546875,0.0025136183195684225
3340,20221222,4,89.39698791503906,-0.00019300828758128663
3341,20221223,4,88.0864028930664,-0.01466028165533062
3342,20221227,4,86.34465026855469,-0.01977322909446244
3343,20221228,4,85.83594512939453,-0.005891565228163476
3344,20221229,4,86.81027221679688,0.011351038145308356
3345,20221230,4,85.84455871582031,-0.0111244150757277
3346,20230103,4,87.48280334472656,0.01908384938327301
3347,20230104,4,88.68130493164062,0.013699853469388179
3348,20230105,4,89.0521240234375,0.0041814798742836334
3349,20230106,4,90.69036102294922,0.018396383213504786
3350,20230109,4,91.1732177734375,0.005324234516677073
3351,20230110,4,89.664306640625,-0.016549938344417092
3352,20230111,4,91.12146759033203,0.016251293344043072
3353,20230112,4,92.91495513916016,0.019682382168067836
3354,20230113,4,92.0440673828125,-0.009372955678053296
3355,20230117,4,91.4491195678711,-0.006463727993103685
3356,20230118,4,93.6650619506836,0.02423142391401467
3357,20230119,4,93.07877349853516,-0.00625941455584722
3358,20230120,4,91.56983947753906,-0.016211365537813438
3359,20230123,4,91.13868713378906,-0.00470845363724548
3360,20230124,4,92.44932556152344,0.01438070339778319
3361,20230125,4,92.67350769042969,0.0024249190304483914
3362,20230126,4,92.24240112304688,-0.004651885723619076
3363,20230127,4,92.00955200195312,-0.002524317648487262
3364,20230130,4,91.6733169555664,-0.0036543493482023015
3365,20230131,4,92.40621185302734,0.007994637063434284
3366,20230201,4,93.51702880859375,0.012021020376131952
3367,20230202,4,93.6380615234375,0.0012942318247886053
3368,20230203,4,92.23762512207031,-0.014955845716825955
3369,20230206,4,91.55472564697266,-0.0074036975062387045
3370,20230207,4,90.81993865966797,-0.008025658775254962
3371,20230208,4,91.25214385986328,0.0047589241588779085
3372,20230209,4,90.3876953125,-0.009473186171832015
3373,20230210,4,89.37628173828125,-0.011189726330801508
3374,20230213,4,90.12837982177734,0.008414962771649437
3375,20230214,4,89.92089080810547,-0.0023021496012928244
3376,20230215,4,89.08236694335938,-0.009325128534764304
3377,20230216,4,87.82024383544922,-0.014168046395900635
3378,20230217,4,88.50315856933594,0.007776279181896939
3379,20230221,4,86.78289794921875,-0.01943727939121498
3380,20230222,4,87.57820129394531,0.009164286553232426
3381,20230223,4,88.43405151367188,0.009772411480044152
3382,20230224,4,87.2843017578125,-0.013001210915702832
3383,20230227,4,87.52635192871094,0.0027731237579244894
3384,20230228,4,87.92401123046875,0.004543309449041244
3385,20230301,4,86.97942352294922,-0.010743228093217372
3386,20230302,4,86.20816802978516,-0.008867102837955332
3387,20230303,4,88.296630859375,0.024225811513223228
3388,20230306,4,87.61202239990234,-0.007753506026328405
3389,20230307,4,88.14932250976562,0.006132721231006277
3390,20230308,4,88.23596954345703,0.0009829574547417508
3391,20230309,4,88.45262908935547,0.00245545605742703
3392,20230310,4,91.50299835205078,0.03448590837943111
3393,20230313,4,91.71099853515625,0.0022731515562495197
3394,20230314,4,90.20314025878906,-0.016441411613124735
3395,20230315,4,91.94496154785156,0.019309985041155775
3396,20230316,4,91.2257080078125,-0.007822653116938194
3397,20230317,4,92.59490966796875,0.015008945285894582
3398,20230320,4,91.78032684326172,-0.008797274360199725
3399,20230321,4,90.99172973632812,-0.008592223781032304
3400,20230322,4,92.20494079589844,0.013333201413863627
3401,20230323,4,92.20494079589844,0.0
3402,20230324,4,92.59490966796875,0.004229370668254573
3403,20230327,4,90.41976165771484,-0.023491010661964684
3404,20230328,4,90.58441925048828,0.001821035465640275
3405,20230329,4,90.40248107910156,-0.00200849299352035
3406,20230330,4,90.81840515136719,0.004600803731279246
3407,20230331,4,92.17896270751953,0.01498107739157839
3408,20230403,4,92.61247253417969,0.00470291500280462
3409,20230404,4,93.07292938232422,0.004971866483475917
3410,20230405,4,94.04595184326172,0.01045440889628102
3411,20230406,4,94.28924560546875,0.0025869668756450803
3412,20230410,4,92.76885223388672,-0.016124780316344456
3413,20230411,4,92.95999145507812,0.0020603814382602614
3414,20230412,4,92.86443328857422,-0.0010279493899274517
3415,20230413,4,92.13463592529297,-0.007858739211958787
3416,20230414,4,91.29190826416016,-0.009146697685071814
3417,20230417,4,90.20594787597656,-0.011895472543319907
3418,20230418,4,90.52737426757812,0.0035632505302587436
3419,20230419,4,90.44050598144531,-0.0009595803129786029
3420,20230420,4,91.21375274658203,0.00854978371411752
3421,20230421,4,90.70113372802734,-0.005619975092778895
3422,20230424,4,91.57864379882812,0.009674742031693384
3423,20230425,4,92.92522430419922,0.014704088742885757
3424,20230426,4,91.934814453125,-0.010658137857510241
3425,20230427,4,91.0226058959961,-0.009922340764542681
3426,20230428,4,92.4908447265625,0.016130485565794883
3427,20230501,4,89.82390594482422,-0.028834624547140253
3428,20230502,4,92.06231689453125,0.02491999124466937
3429,20230503,4,92.5761947631836,0.0055818481001412845
3430,20230504,4,91.66168975830078,-0.009878403483986165
3431,20230505,4,91.35679626464844,-0.0033262914360001616
3432,20230508,4,90.07648468017578,-0.01401440983945812
3433,20230509,4,89.75419616699219,-0.003577942837444281
3434,20230510,4,90.62522888183594,0.009704646156299512
3435,20230511,4,91.58328247070312,0.010571599108636365
3436,20230512,4,90.81681823730469,-0.008369040863365207
3437,20230515,4,89.87619018554688,-0.010357421345680184
3438,20230516,4,89.60617065429688,-0.0030043499918337435
3439,20230517,4,89.34485626220703,-0.002916254429597309
3440,20230518,4,88.68291473388672,-0.007408837576252436
3441,20230519,4,88.05581665039062,-0.007071238979659666
3442,20230522,4,87.74226379394531,-0.003560842070095327
3443,20230523,4,87.99484252929688,0.00287864393315318
3444,20230524,4,87.55937194824219,-0.004948819368699953
3445,20230525,4,87.34163665771484,-0.0024867159926187377
3446,20230526,4,88.04710388183594,0.008077101038142409
3447,20230530,4,88.92679595947266,0.009991152903987777
3448,20230531,4,89.70197296142578,0.008717023857537809
3449,20230601,4,90.05391693115234,0.003923480812154656
3450,20230602,4,89.06708526611328,-0.010958231453646938
3451,20230605,4,88.90115356445312,-0.0018629968766170624
3452,20230606,4,89.42512512207031,0.00589386680159687
3453,20230607,4,88.09774017333984,-0.014843534710390571
3454,20230608,4,89.1281967163086,0.011696742061047649
3455,20230609,4,89.0059585571289,-0.0013714869556799014
3456,20230612,4,89.26795196533203,0.0029435490887383953
3457,20230613,4,88.38592529296875,-0.009880664369961378
3458,20230614,4,89.09326934814453,0.008002903774907422
3459,20230615,4,89.94908905029297,0.009605885028241667
3460,20230616,4,89.59977722167969,-0.0038834393132983758
3461,20230620,4,90.21983337402344,0.00692028676376788
3462,20230621,4,90.43816375732422,0.0024199821163009005
3463,20230622,4,89.3465347290039,-0.012070446623059672
3464,20230623,4,90.2373046875,0.009969832195483308
3465,20230626,4,90.3333740234375,0.001064629936257555
3466,20230627,4,90.09756469726562,-0.002610434169221798
3467,20230628,4,90.48179626464844,0.00426461657064614
3468,20230629,4,88.8487548828125,-0.01804828649797674
3469,20230630,4,89.8967056274414,0.011794771305586815
3470,20230703,4,89.3871078491211,-0.005668703594459146
3471,20230705,4,88.53771209716797,-0.009502441374284576
3472,20230706,4,87.2855224609375,-0.014143008742491747
3473,20230707,4,86.76013946533203,-0.006019131017295454
3474,20230710,4,86.87393188476562,0.00131157487914213
3475,20230711,4,87.32051849365234,0.005140628485413634
3476,20230712,4,88.29251098632812,0.011131318382476607
3477,20230713,4,89.22069549560547,0.01051260745570004
3478,20230714,4,88.6953125,-0.005888577674574957
3479,20230717,4,88.73909759521484,0.0004936573758036467
3480,20230718,4,89.14190673828125,0.004539252189647236
3481,20230719,4,90.14891052246094,0.01129663724982044
3482,20230720,4,89.05433654785156,-0.012141843625904425
3483,20230721,4,89.08060455322266,0.00029496604420797823
3484,20230724,4,88.75664520263672,-0.003636699057114945
3485,20230725,4,88.59024810791016,-0.00187475646861901
3486,20230726,4,88.67782592773438,0.00098857178633871
3487,20230727,4,86.95277404785156,-0.019453024043334044
3488,20230728,4,87.39934539794922,0.005135791870790607
3489,20230731,4,87.60951232910156,0.002404673973190663
3490,20230801,4,86.1738510131836,-0.016387048366676926
3491,20230802,4,85.25187683105469,-0.010699001742278558
3492,20230803,4,83.28500366210938,-0.023071318099460725
3493,20230804,4,84.7601547241211,0.017712084975063158
3494,20230807,4,83.92598724365234,-0.009841504928628453
3495,20230808,4,84.90065002441406,0.011613360923978133
3496,20230809,4,85.33966827392578,0.0051709645260134
3497,20230810,4,83.93477630615234,-0.01646235562181908
3498,20230811,4,83.74161529541016,-0.0023013227561080596
3499,20230814,4,83.55720520019531,-0.0022021320530337674
3500,20230815,4,83.04790496826172,-0.006095228181858814
3501,20230816,4,82.39815521240234,-0.007823794665352324
3502,20230817,4,82.04692077636719,-0.004262649268418239
3503,20230818,4,82.3366928100586,0.0035317843856836895
3504,20230821,4,81.23908996582031,-0.013330664698548489
3505,20230822,4,81.86251831054688,0.007673994686410834
3506,20230823,4,83.8908920288086,0.02477780747676306
3507,20230824,4,83.33767700195312,-0.006594458748459764
3508,20230825,4,83.60987854003906,0.00326624820703314
3509,20230828,4,83.69768524169922,0.001050195302198631
3510,20230829,4,84.56696319580078,0.01038592586630438
3511,20230830,4,84.47917938232422,-0.0010380390894882963
3512,20230831,4,84.85674285888672,0.004469308051085363
3513,20230901,4,83.5347900390625,-0.015578642018143074
3514,20230905,4,82.36347198486328,-0.014021918935230304
3515,20230906,4,82.5660171508789,0.0024591625527010663
3516,20230907,4,82.7950210571289,0.002773585479259877
3517,20230908,4,83.11206817626953,0.003829301751392178
3518,20230911,4,82.51319885253906,-0.007205563967682127
3519,20230912,4,82.98876953125,0.005763570984089972
3520,20230913,4,82.97115325927734,-0.00021227296262082973
3521,20230914,4,82.37228393554688,-0.007217801611833163
3522,20230915,4,81.8702621459961,-0.006094547408004303
3523,20230918,4,82.3370361328125,0.005701386249185703
3524,20230919,4,81.72937774658203,-0.007380134320724041
3525,20230920,4,81.98475646972656,0.003124686987540537
3526,20230921,4,79.8798599243164,-0.025674242823266802
3527,20230922,4,80.52279663085938,0.008048796118973245
3528,20230925,4,78.54120635986328,-0.024609059221828766
3529,20230926,4,78.26820373535156,-0.0034759158556957326
3530,20230927,4,77.8630599975586,-0.005176351550916891
3531,20230928,4,78.10086059570312,0.0030540874986417776
3532,20230929,4,78.10969543457031,0.0001131208900875258
3533,20231002,4,76.80207824707031,-0.016740779492545155
3534,20231003,4,75.14996337890625,-0.021511330238346615
3535,20231004,4,76.21015930175781,0.01410773705245938
3536,20231005,4,75.83026123046875,-0.004984874389054039
3537,20231006,4,74.91142272949219,-0.012117042537727274
3538,20231009,4,76.6695785522461,0.02346979617651468
3539,20231010,4,76.56356048583984,-0.001382791824452334
3540,20231011,4,78.16270446777344,0.02088648923568992
3541,20231012,4,76.04228210449219,-0.027128313659560033
3542,20231013,4,77.40286254882812,0.017892419936402115
3543,20231016,4,76.15713500976562,-0.016094075826674437
3544,20231017,4,75.31782531738281,-0.011020762431191655
3545,20231018,4,74.65522003173828,-0.008797456416889005
3546,20231019,4,73.12677764892578,-0.020473349112931527
3547,20231020,4,73.5419921875,0.0056780095051858215
3548,20231023,4,74.42549133300781,0.012013532938505156
3549,20231024,4,75.40616607666016,0.013176597508297805
3550,20231025,4,73.72755432128906,-0.02226093491697434
3551,20231026,4,74.85843658447266,0.015338665083822534
3552,20231027,4,74.54039001464844,-0.0042486402914029275
3553,20231030,4,74.20464324951172,-0.004504226031963876
3554,20231031,4,73.84239196777344,-0.004881787255822001
3555,20231101,4,75.44348907470703,0.021682627881723482
3556,20231102,4,77.16332244873047,0.022796312778169625
3557,20231103,4,77.6863784790039,0.0067785576576355755
3558,20231106,4,76.93281555175781,-0.009700065082191456
3559,20231107,4,78.06758117675781,0.014750085732096574
3560,20231108,4,79.39735412597656,0.017033612790025243
3561,20231109,4,77.57115173339844,-0.02300079659683074
3562,20231110,4,78.00550842285156,0.005599461652264104
3563,20231113,4,77.8282241821289,-0.002272714380138874
3564,20231114,4,79.59241485595703,0.02266774929490456
3565,20231115,4,78.47537231445312,-0.014034535119024638
3566,20231116,4,79.4505844116211,0.012426982738740877
3567,20231117,4,79.82291412353516,0.0046863055152002175
3568,20231120,4,80.31050872802734,0.0061084540679332555
3569,20231121,4,80.27505493164062,-0.00044145899395042765
3570,20231122,4,80.55873107910156,0.003533801972511963
3571,20231124,4,79.61015319824219,-0.011774985382130176
3572,20231127,4,80.93994140625,0.01670375140085989
3573,20231128,4,81.0995101928711,0.0019714467770639565
3574,20231129,4,82.11901092529297,0.012570985077435148
3575,20231130,4,81.17042541503906,-0.011551350893849288
3576,20231201,4,82.6991958618164,0.018834081981959017
3577,20231204,4,82.3701400756836,-0.003978947832608215
3578,20231205,4,84.13990783691406,0.021485549977265705
3579,20231206,4,85.26048278808594,0.01331799594247074
3580,20231207,4,84.77134704589844,-0.005736957218542171
3581,20231208,4,84.07765197753906,-0.008183131359040252
3582,20231211,4,83.8997802734375,-0.002115564599128872
3583,20231212,4,84.1488037109375,0.0029681059555628497
3584,20231213,4,86.1231460571289,0.02346251234864294
3585,20231214,4,88.36345672607422,0.026012875417477543
3586,20231215,4,88.46158599853516,0.0011105187155040497
3587,20231218,4,87.75672912597656,-0.007967942973238884
3588,20231219,4,88.2296142578125,0.005388591126238351
3589,20231220,4,88.82740783691406,0.00677543004273784
3590,20231221,4,88.26531219482422,-0.006327952776938428
3591,20231222,4,87.86384582519531,-0.004548404799642802
3592,20231226,4,88.1136245727539,0.0028427932469008432
3593,20231227,4,89.67499542236328,0.017719970744367375
3594,20231228,4,89.0237045288086,-0.007262792604417201
3595,20231229,4,88.22069549560547,-0.009020170947202755
3596,20240102,4,87.71215057373047,-0.005764462851013619
3597,20240103,4,88.07796478271484,0.004170621819115761
3598,20240104,4,86.73963928222656,-0.015194782302132892
3599,20240105,4,85.90990447998047,-0.009565808771078377
3600,20240108,4,86.7574691772461,0.009865739025040288
3601,20240109,4,86.2043228149414,-0.006375777988343656
3602,20240110,4,85.8028564453125,-0.004657148928491117
3603,20240111,4,86.28461456298828,0.005614709552039576
3604,20240112,4,86.11510467529297,-0.0019645436043707054
3605,20240116,4,84.5983657836914,-0.01761292513456958
3606,20240117,4,84.46454620361328,-0.0015818222827174155
3607,20240118,4,83.67940521240234,-0.009295509494815168
3608,20240119,4,83.9470443725586,0.0031983874583825234
3609,20240122,4,84.44670867919922,0.005952136973674804
3610,20240123,4,83.77753448486328,-0.00792421877420979
3611,20240124,4,83.28684997558594,-0.0058569939100558965
3612,20240125,4,83.8310775756836,0.006534376078062509
3613,20240126,4,83.67046356201172,-0.0019159244795209363
3614,20240129,4,84.63406372070312,0.011516610732976718
3615,20240130,4,85.40135192871094,0.009065950212906015
3616,20240131,4,86.24002838134766,0.00982041189859384
3617,20240201,4,87.93168640136719,0.019615694147723683
3618,20240202,4,85.98938751220703,-0.022088725562415146
3619,20240205,4,84.25296020507812,-0.020193507098563823
3620,20240206,4,85.0764389038086,0.0097738844632409
3621,20240207,4,84.66470336914062,-0.004839595309501621
3622,20240208,4,84.17239379882812,-0.005814814801464729
3623,20240209,4,84.00235748291016,-0.0020200959987469735
3624,20240212,4,84.10079956054688,0.001171896606077416
3625,20240213,4,82.65972137451172,-0.017135130623790018
3626,20240214,4,83.08041381835938,0.0050894490914334956
3627,20240215,4,83.51005554199219,0.00517139604735406
3628,20240216,4,83.02674102783203,-0.00578750081081103
3629,20240220,4,83.09831237792969,0.0008620276938686722
3630,20240221,4,82.50757598876953,-0.007108885514708119
3631,20240222,4,82.91033935546875,0.0048815319305228755
3632,20240223,4,84.02024841308594,0.01338685942242468
3633,20240226,4,83.76962280273438,-0.002982919178236232
3634,20240227,4,83.17887115478516,-0.00705209869859813
3635,20240228,4,83.70697021484375,0.006348956805098505
3636,20240229,4,84.29772186279297,0.007057377019296984
3637,20240301,4,84.82298278808594,0.0062310215944851866
3638,20240304,4,84.48175811767578,-0.004022785561109576
3639,20240305,4,85.68495178222656,0.01424205285684077
3640,20240306,4,86.1877670288086,0.005868186141482212
3641,20240307,4,86.1069564819336,-0.0009376104018101739
3642,20240308,4,85.95429992675781,-0.0017728713383082795
3643,20240311,4,85.909423828125,-0.0005220925383727648
3644,20240312,4,85.19111633300781,-0.008361218864117559
3645,20240313,4,84.77808380126953,-0.004848305193275726
3646,20240314,4,83.47615814208984,-0.015356865840841172
3647,20240315,4,83.44922637939453,-0.0003226282006111303
3648,20240318,4,83.19781494140625,-0.0030127473782113334
3649,20240319,4,83.43124389648438,0.0028057101648946148
3650,20240320,4,83.40432739257812,-0.0003226189931873069
3651,20240321,4,83.58391571044922,0.0021532254198968204
3652,20240322,4,84.38301086425781,0.00956039385109464
3653,20240325,4,83.96098327636719,-0.005001333604574887
3654,20240326,4,84.19445037841797,0.0027806618376811088
3655,20240327,4,85.02948760986328,0.009917960479487453
3656,20240328,4,84.9576644897461,-0.0008446848515274441
3657,20240401,4,83.37395477294922,-0.0186411635290189
3658,20240402,4,82.91452026367188,-0.005510527964380674
3659,20240403,4,82.8965072631836,-0.00021724784067977954
3660,20240404,4,83.49105834960938,0.007172209132263907
3661,20240405,4,82.32897186279297,-0.01391869392708256
3662,20240408,4,82.3199462890625,-0.00010962816036996781
3663,20240409,4,83.085693359375,0.009302084182897907
3664,20240410,4,81.27495574951172,-0.02179361496125698
3665,20240411,4,80.9056167602539,-0.004544314861223753
3666,20240412,4,81.3380126953125,0.00534444890692698
3667,20240415,4,80.07683563232422,-0.015505383291236519
3668,20240416,4,79.54534149169922,-0.006637301991619382
3669,20240417,4,80.42817687988281,0.011098517796616969
3670,20240418,4,80.02278137207031,-0.005040466208974803
3671,20240419,4,80.3110580444336,0.003602432550087409
3672,20240422,4,80.17591094970703,-0.001682795595244091
3673,20240423,4,80.20293426513672,0.00033705030737518626
3674,20240424,4,79.63542175292969,-0.007075956975974629
3675,20240425,4,79.0768814086914,-0.00701371741297685
3676,20240426,4,79.49126434326172,0.005240253879369217
3677,20240429,4,80.1579360961914,0.008386729767573486
3678,20240430,4,79.47327423095703,-0.00854141085185578
3679,20240501,4,80.0590591430664,0.007370841553690388
3680,20240502,4,80.40259552001953,0.004291036899886969
3681,20240503,4,81.21617889404297,0.01011886953103236
3682,20240506,4,81.53260803222656,0.0038961342738916827
3683,20240507,4,82.02980041503906,0.006098080201432765
3684,20240508,4,81.53260803222656,-0.006061119011589677
3685,20240509,4,81.93035888671875,0.004878426731240726
3686,20240510,4,81.46932983398438,-0.005627084501995339
3687,20240513,4,81.67723846435547,0.0025519865057779256
3688,20240514,4,82.13829040527344,0.005644803247347507
3689,20240515,4,83.2592544555664,0.013647277594433627
3690,20240516,4,83.17789459228516,-0.0009771870263943772
3691,20240517,4,82.61741638183594,-0.006738307253345677
3692,20240520,4,82.37332916259766,-0.002954428133048581
3693,20240521,4,82.79820251464844,0.005157899484821371
3694,20240522,4,82.89763641357422,0.0012009185695569524
3695,20240523,4,82.3642807006836,-0.006433907358102786
3696,20240524,4,82.60834503173828,0.0029632302859734505
3697,20240528,4,81.42410278320312,-0.014335624906662514
3698,20240529,4,80.43875122070312,-0.012101472768125676
3699,20240530,4,81.21617889404297,0.009664840161513588
3700,20240531,4,81.76763916015625,0.006790029691408295
3701,20240603,4,83.09017181396484,0.016174279548638815
3702,20240604,4,84.06078338623047,0.011681424542469232
3703,20240605,4,84.67761993408203,0.00733798238611949
3704,20240606,4,84.55062866210938,-0.0014997028975485271
3705,20240607,4,82.9994888305664,-0.018345692469559305
3706,20240610,4,82.44612884521484,-0.006667028835336319
3707,20240611,4,83.29883575439453,0.010342594869197086
3708,20240612,4,83.92472076416016,0.007513730583354583
3709,20240613,4,85.15838623046875,0.014699667214566725
3710,20240614,4,85.8749771118164,0.008414801090855573
3711,20240617,4,85.02229309082031,-0.00992936533637534
3712,20240618,4,85.80239868164062,0.009175306410367012
3713,20240620,4,85.23094940185547,-0.006660061823043573
3714,20240621,4,85.23094940185547,0.0
3715,20240624,4,85.57564544677734,0.004044259125833172
3716,20240625,4,85.72078704833984,0.0016960620139612193
3717,20240626,4,84.49620819091797,-0.014285669784288246
3718,20240627,4,84.83177947998047,0.003971436070886014
3719,20240628,4,83.25348663330078,-0.01860497158440666
3720,20240701,4,81.81661987304688,-0.017258937953947173
3721,20240702,4,82.4535903930664,0.007785343870327477
3722,20240703,4,83.5364761352539,0.013133275786114895
3723,20240705,4,84.2280502319336,0.00827870804078401
3724,20240708,4,84.41004943847656,0.0021607909246599277
3725,20240709,4,84.03694152832031,-0.00442018352836282
3726,20240710,4,84.30086517333984,0.0031405669961297455
3727,20240711,4,85.1198501586914,0.009715024675815087
3728,20240712,4,85.48384094238281,0.0042762150428226064
3729,20240715,4,84.50103759765625,-0.011496948825556186
3730,20240716,4,85.69312286376953,0.01410734471438424
3731,20240717,4,85.7113265991211,0.00021242936122778389
3732,20240718,4,85.05614471435547,-0.007644052551303515
3733,20240719,4,84.55563354492188,-0.005884479846981816
3734,20240722,4,84.3099594116211,-0.0029054732724610455
3735,20240723,4,84.19164276123047,-0.0014033531888323347
3736,20240724,4,83.28166961669922,-0.010808354780675322
3737,20240725,4,83.96414184570312,0.00819474720121427
3738,20240726,4,84.61933898925781,0.007803297087924932
3739,20240729,4,85.07433319091797,0.005376952917558464
3740,20240730,4,85.40193939208984,0.0038508230259846066
3741,20240731,4,86.2755126953125,0.010228963293350768
3742,20240801,4,87.0196304321289,0.00862490078087741
3743,20240802,4,89.73129272460938,0.031161500905194428
3744,20240805,4,90.20604705810547,0.005290844688409235
3745,20240806,4,88.18828582763672,-0.02236835884371502
3746,20240807,4,87.56743621826172,-0.007040046232313024
3747,20240808,4,87.02874755859375,-0.006151700711270025
3748,20240809,4,87.88699340820312,0.009861636225794834
3749,20240812,4,88.20653533935547,0.003635827313698048
3750,20240813,4,88.8182601928711,0.006935142063591471
3751,20240814,4,89.37519836425781,0.006270536826293638
3752,20240815,4,88.65392303466797,-0.008070195566450278
3753,20240816,4,88.96436309814453,0.003501707006865029
3754,20240819,4,89.37519836425781,0.004617975690558884
3755,20240820,4,90.08734893798828,0.007968100622591345
3756,20240821,4,90.14214324951172,0.0006082353645588956
3757,20240822,4,89.24739074707031,-0.009926017622686745
3758,20240823,4,89.83171081542969,0.00654719497643752
3759,20240826,4,89.60346221923828,-0.002540846591025825
3760,20240827,4,89.44825744628906,-0.0017321291957387297
3761,20240828,4,89.33868408203125,-0.0012249916028113095
3762,20240829,4,89.04653930664062,-0.003270081470221564
3763,20240830,4,88.09696960449219,-0.010663746278544273
3764,20240903,4,89.537841796875,0.016355525040776753
3765,20240904,4,90.69197082519531,0.012889846406378247
3766,20240905,4,91.2049331665039,0.005656094322807226
3767,20240906,4,91.1957778930664,-0.00010038134034684454
3768,20240909,4,91.58965301513672,0.004319006111578538
3769,20240910,4,92.2308349609375,0.0070005936772663535
3770,20240911,4,92.15756225585938,-0.0007944491135655207
3771,20240912,4,91.72705078125,-0.004671472031933077
3772,20240913,4,91.9743881225586,0.0026964492938776896
3773,20240916,4,92.81708526611328,0.009162302253446608
3774,20240917,4,92.36824798583984,-0.00483571832692864
3775,20240918,4,91.22322845458984,-0.01239624607176193
3776,20240919,4,90.92098236083984,-0.0033132580250704313
3777,20240920,4,90.5728988647461,-0.0038284176771463674
3778,20240923,4,90.38053131103516,-0.0021238975026978135
3779,20240924,4,90.36222076416016,-0.00020259392824306666
3780,20240925,4,89.6111068725586,-0.008312255777355504
3781,20240926,4,89.8218002319336,0.002351196930026056
3782,20240927,4,90.28893280029297,0.0052006591623989795
3783,20240930,4,89.85844421386719,-0.004767899819770438
3784,20241001,4,90.50719451904297,0.007219692159723179
3785,20241002,4,89.74449157714844,-0.008426986892561938
3786,20241003,4,88.89905548095703,-0.009420478976858826
3787,20241004,4,87.80550384521484,-0.012301048979945994
3788,20241007,4,87.14385986328125,-0.007535336088953515
3789,20241008,4,87.29090881347656,0.0016874275528535598
3790,20241009,4,86.794677734375,-0.005684796800110248
3791,20241010,4,86.45466613769531,-0.0039174244960071825
3792,20241011,4,86.10543823242188,-0.004039433854469143
3793,20241014,4,86.16978454589844,0.000747296742197312
3794,20241015,4,87.2173843383789,0.012157391340841261
3795,20241016,4,87.58495330810547,0.00421440028859954
3796,20241017,4,86.19734191894531,-0.015843033954460517
3797,20241018,4,86.26168823242188,0.0007464999737123446
3798,20241021,4,84.75459289550781,-0.017471201500872224
3799,20241022,4,84.83729553222656,0.0009757894397617317
3800,20241023,4,84.60755920410156,-0.002707963834581828
3801,20241024,4,85.14976501464844,0.006408479521775368
3802,20241025,4,84.67189025878906,-0.005612167641063537
3803,20241028,4,84.44214630126953,-0.0027133439069016996
3804,20241029,4,84.57080841064453,0.0015236717091009488
3805,20241030,4,84.81893157958984,0.00293391033630086
3806,20241031,4,84.9567642211914,0.001625022138745269
3807,20241101,4,83.75900268554688,-0.014098483465378564
3808,20241104,4,85.05911254882812,0.01552203132315455
3809,20241105,4,85.51091766357422,0.005311660340762803
3810,20241106,4,83.16891479492188,-0.027388349144684576
3811,20241107,4,84.2108383178711,0.012527799905991177
3812,20241108,4,85.28041076660156,0.01270112577068927
3813,20241111,4,84.86548614501953,-0.004865415373263238
3814,20241112,4,83.5930404663086,-0.014993676894003327
3815,20241113,4,82.80008697509766,-0.009485879288366528
3816,20241114,4,83.27954864501953,0.0057905937957054565
3817,20241115,4,83.05826568603516,-0.0026571104501009746
3818,20241118,4,83.20577239990234,0.00177594261870051
3819,20241119,4,83.62991333007812,0.005097494055307683
3820,20241120,4,83.362548828125,-0.0031969960425268784
3821,20241121,4,83.29798889160156,-0.0007744477277985551
3822,20241122,4,83.3440933227539,0.0005534879264892378
3823,20241125,4,85.50172424316406,0.02588822836016269
3824,20241126,4,85.16976165771484,-0.0038825250413094814
3825,20241127,4,85.7598648071289,0.006928552316320946
3826,20241129,4,86.6450424194336,0.010321583578698723
3827,20241202,4,86.85321807861328,0.0024026263172904905
3828,20241203,4,86.1037826538086,-0.00862875828189058
3829,20241204,4,87.02902221679688,0.010745632009087513
3830,20241205,4,87.20482635498047,0.002020063350196555
3831,20241206,4,87.3343505859375,0.001485287413219405
3832,20241209,4,86.52937316894531,-0.009217191306645
3833,20241210,4,86.12228393554688,-0.004704636338964452
3834,20241211,4,85.30805969238281,-0.00945428065718068
3835,20241212,4,84.27177429199219,-0.012147567347416288
3836,20241213,4,83.41128540039062,-0.010210879014129537
3837,20241216,4,83.6611099243164,0.002995092603196081
3838,20241217,4,83.86466217041016,0.0024330569637180943
3839,20241218,4,82.81597137451172,-0.01250456114361409
3840,20241219,4,81.56204986572266,-0.015141059000788104
3841,20241220,4,82.02645111083984,0.005693839792915156
3842,20241223,4,81.27410888671875,-0.009171946535934783
3843,20241224,4,81.61779022216797,0.004228669377701166
3844,20241226,4,81.57133483886719,-0.0005691820762890876
3845,20241227,4,80.90258026123047,-0.008198401790993737
3846,20241230,4,81.55274963378906,0.008036447916237366
3847,20241231,4,81.11619567871094,-0.005353025582073734
3848,20250102,4,81.3391342163086,0.002748385026347666
3849,20250103,4,81.07905578613281,-0.0031974575667862437
3850,20250106,4,80.71680450439453,-0.004467877409596532
3851,20250107,4,79.80653381347656,-0.011277338052553931
3852,20250108,4,79.90869140625,0.0012800655271183459
3853,20250110,4,79.37926483154297,-0.006625394126597128
3854,20250113,4,79.35140228271484,-0.000351005377629221
3855,20250114,4,79.22135162353516,-0.0016389207429042818
3856,20250115,4,80.5867691040039,0.017235473170885696
3857,20250116,4,80.84683227539062,0.0032271199637137205
3858,20250117,4,80.98616790771484,0.0017234519696405215
3859,20250121,4,81.7106704711914,0.008946003770694988
3860,20250122,4,81.28338623046875,-0.005229234300228924
3861,20250123,4,80.65177917480469,-0.0077704323719144375
3862,20250124,4,81.01403045654297,0.004491547309243282
3863,20250127,4,81.97074127197266,0.011809199098455903
3864,20250128,4,81.9150161743164,-0.0006798169296939882
3865,20250129,4,81.74781036376953,-0.0020412107371261534
3866,20250130,4,82.05432891845703,0.003749562872981116
3867,20250131,4,81.51561737060547,-0.0065653031954830965
3868,20250203,4,82.1793212890625,0.008142046148525761
3869,20250204,4,82.43098449707031,0.0030623665912572484
3870,20250205,4,83.79193115234375,0.0165101346729859
3871,20250206,4,83.75466918945312,-0.0004446963135731341
3872,20250207,4,83.2139892578125,-0.00645551987576487
3873,20250210,4,82.96232604980469,-0.003024289668749236
3874,20250211,4,82.43098449707031,-0.006404612527563303
3875,20250212,4,81.3124008178711,-0.01356994200692796
3876,20250213,4,82.66402435302734,0.016622600262212295
3877,20250214,4,83.10214233398438,0.005299983691647858
3878,20250218,4,82.12336730957031,-0.011777975837017562
3879,20250219,4,82.22590637207031,0.001248597882177238
3880,20250220,4,82.53353881835938,0.003741308060467352
3881,20250221,4,83.53092956542969,0.012084672017582898
3882,20250224,4,83.77330780029297,0.0029016585368348835
3883,20250225,4,85.21814727783203,0.017247014776871517
3884,20250226,4,85.72151947021484,0.005906866183580606
3885,20250227,4,85.11560821533203,-0.007068368113719026
3886,20250228,4,86.15961456298828,0.012265745020761054
3887,20250303,4,86.56173706054688,0.004667180785315805
3888,20250304,4,85.4957275390625,-0.012315019980926878
3889,20250305,4,84.8130874633789,-0.007984493439999074
3890,20250306,4,84.53257751464844,-0.003307389898423274
3891,20250307,4,84.26139068603516,-0.003208074763439983
3892,20250310,4,85.14037322998047,0.010431616862585091
3893,20250311,4,84.53257751464844,-0.007138748542835915
3894,20250312,4,84.0276107788086,-0.005973634670637384
3895,20250313,4,84.766357421875,0.00879171305978299
3896,20250314,4,84.31749725341797,-0.005295263145767781
3897,20250317,4,84.7383041381836,0.004990742117272351
3898,20250318,4,84.82244110107422,0.0009929035487117321
3899,20250319,4,85.2619400024414,0.005181398880556687
3900,20250320,4,85.31804656982422,0.0006580493873491466
3901,20250321,4,84.8130874633789,-0.005918549788080929
3902,20250324,4,83.9434585571289,-0.010253475404081835
3903,20250325,4,83.93411254882812,-0.00011133694586129561
3904,20250326,4,83.38238525390625,-0.00657333804060789
3905,20250327,4,83.13927459716797,-0.0029156116846260627
3906,20250328,4,84.2894287109375,0.013834064818851743
3907,20250331,4,85.12168884277344,0.009873837615985037
3908,20250401,4,85.85929870605469,0.008665357481847824
3909,20250402,4,85.8030014038086,-0.0006556925469287656
3910,20250403,4,86.19715881347656,0.004593748507851991
3911,20250404,4,87.1356201171875,0.010887380937249835
3912,20250407,4,84.5079345703125,-0.030156272983896337
3913,20250408,4,82.91255187988281,-0.0188784958304985
3914,20250409,4,83.40056610107422,0.0058858907382128844
3915,20250410,4,81.1013412475586,-0.02756845619883641
3916,20250411,4,81.54242706298828,0.005438699393186308
3917,20250414,4,82.12425994873047,0.007135339315970324
3918,20250415,4,82.41516876220703,0.0035423005779069427
3919,20250416,4,82.87500762939453,0.005579541655909015
3920,20250417,4,82.14302825927734,-0.008832329444728337
3921,20250421,4,80.70718383789062,-0.01747980871674948
3922,20250422,4,81.15763854980469,0.005581345928497017
3923,20250423,4,81.94595336914062,0.009713377981693805
3924,20250424,4,82.8093032836914,0.010535601564871211
3925,20250425,4,83.4193344116211,0.007366697988507642
3926,20250428,4,83.94485473632812,0.006299742480728954
3927,20250429,4,84.64869689941406,0.008384577771880286
3928,20250430,4,83.96361541748047,-0.00809323128444206
3929,20250501,4,83.53789520263672,-0.0050702939925466595
3930,20250502,4,82.63365173339844,-0.010824350638053204
3931,20250505,4,82.17210388183594,-0.005585470832773942
3932,20250506,4,82.44525909423828,0.0033241842364792884
3933,20250507,4,82.79376983642578,0.004227177475288668
3934,20250508,4,81.87071228027344,-0.011148876998547275
3935,20250509,4,81.9931640625,0.001495672613759158
3936,20250512,4,81.23020935058594,-0.009305101475685085
3937,20250513,4,80.90052795410156,-0.004058605771425361
3938,20250514,4,80.3636474609375,-0.006636303949322242
3939,20250515,4,81.0700912475586,0.008790588891133488
3940,20250516,4,81.28671264648438,0.002672026089921342
3941,20250519,4,81.05123138427734,-0.0028969219512067212
3942,20250520,4,80.46727752685547,-0.007204749976632119
3943,20250521,4,79.09207916259766,-0.01709015647756751
3944,20250522,4,79.50651550292969,0.0052399221858869804
3945,20250523,4,79.63838195800781,0.0016585616190569752
3946,20250527,4,80.74983978271484,0.013956308470620238
3947,20250528,4,80.40131378173828,-0.004316120030880444
3948,20250529,4,81.14543151855469,0.00925504449885528
3949,20250530,4,81.26786804199219,0.0015088529464470923
3950,20250602,4,80.51155090332031,-0.009306472002945543
3951,20250603,4,80.36974334716797,-0.0017613318158860025
3952,20250604,4,81.6744155883789,0.016233375731651067
3953,20250605,4,81.73112487792969,0.0006943335822147123
3954,20250606,4,80.6911849975586,-0.012723914933561842
3955,20250609,4,80.77627563476562,0.001054522091968435
3956,20250610,4,81.19223022460938,0.005149464822128191
3957,20250611,4,81.43805694580078,0.003027712387150272
3958,20250612,4,82.4118423461914,0.011957375174590723
3959,20250613,4,81.6176986694336,-0.009636281075016129
3960,20250616,4,80.79517364501953,-0.010077777710266411
3961,20250617,4,81.77840423583984,0.012169422336292257
3962,20250618,4,81.92021942138672,0.0017341397997678865
3963,20250620,4,81.76896667480469,-0.0018463420587779833
3964,20250623,4,82.03367614746094,0.003237285285859093
3965,20250624,4,82.62928009033203,0.007260480949317083
3966,20250625,4,82.7332763671875,0.0012585886835971838
3967,20250626,4,83.1492691040039,0.005028118733871212
3968,20250627,4,82.61981964111328,-0.006367457809260846
3969,20250630,4,83.4328842163086,0.009841035464942083
3970,20250701,4,83.63973999023438,0.0024793074801237047
3971,20250702,4,83.10835266113281,-0.006353287673582009
3972,20250703,4,82.52950286865234,-0.006965001398122728
3973,20250707,4,81.74186706542969,-0.009543687721907168
3974,20250708,4,81.63748931884766,-0.001276919041970026
3975,20250709,4,82.49152374267578,0.010461301920892785
3976,20250710,4,82.5484619140625,0.0006902305691955934
3977,20250711,4,81.40973663330078,-0.013794627475278598
3978,20250714,4,81.23892974853516,-0.0020981137125526406
3979,20250715,4,80.66957092285156,-0.007008448134976364
3980,20250716,4,80.783447265625,0.0014116393761700596
3981,20250717,4,80.76445770263672,-0.00023506749997737053
3982,20250718,4,80.88780975341797,0.001527306123139116
3983,20250721,4,81.60902404785156,0.008916229733901604
3984,20250722,4,82.10245513916016,0.0060462809972983145
3985,20250723,4,81.64698028564453,-0.005547639869521781
3986,20250724,4,81.50462341308594,-0.0017435656782474052
3987,20250725,4,82.0170669555664,0.006287294156102963
3988,20250728,4,81.48564147949219,-0.006479449897447864
3989,20250729,4,82.86162567138672,0.016886216601004866
3990,20250730,4,82.43460083007812,-0.005153469266969135
3991,20250731,4,82.48204803466797,0.0005755738987278658
3992,20250801,4,83.65465545654297,0.01421651680353686
3993,20250804,4,83.88326263427734,0.0027327490202040394
3994,20250805,4,84.14046478271484,0.003066191518549699
3995,20250806,4,83.65465545654297,-0.005773789429692755
3996,20250807,4,83.51176452636719,-0.0017081049392404513
3997,20250808,4,83.14979553222656,-0.004334347336492184
3998,20250811,4,83.24504089355469,0.0011454671742543443
3999,20250812,4,82.8259048461914,-0.005034967162779513
4000,20250813,4,83.51176452636719,0.008280738754975703
4001,20250814,4,82.8926010131836,-0.007414087304886352
4002,20250815,4,82.30200958251953,-0.007124778610459237
4003,20250818,4,82.06385803222656,-0.002893629833597089
4004,20250819,4,82.5401382446289,0.00580377554532352
4005,20250820,4,82.72113800048828,0.0021928695506050477
4006,20250821,4,82.3115463256836,-0.004951475338773381
4007,20250822,4,82.92118072509766,0.0074064262746553755
4008,20250825,4,82.68303680419922,-0.0028719311376901313
4009,20250826,4,82.63540649414062,-0.0005760590309640268
4010,20250827,4,82.5401382446289,-0.0011528744584620165
4011,20250828,4,83.08312225341797,0.006578423786737453
4012,20250829,4,82.49251556396484,-0.007108624151746179
4013,20250902,4,81.8786392211914,-0.007441600472195997
4014,20250903,4,82.77747344970703,0.010977640042202808
4015,20250904,4,83.40855407714844,0.007623820843297713
4016,20250905,4,84.68028259277344,0.015246979517816728
4017,20250908,4,85.80858612060547,0.01332427683617965
4018,20250909,4,85.32091522216797,-0.005683241275553308
4019,20250910,4,85.80858612060547,0.005715725120477799
4020,20250911,4,86.38231658935547,0.006686166206533395
4021,20250912,4,86.00939178466797,-0.004317142899284754
4022,20250915,4,86.21018981933594,0.0023346059133946273
4023,20250916,4,86.39187622070312,0.0021074817460433604
4024,20250917,4,86.17193603515625,-0.002545843372876888
4025,20250918,4,85.28267669677734,-0.01031959335364252
4026,20250919,4,85.12012481689453,-0.0019060363274099323
4027,20250922,4,84.81414794921875,-0.0035946477796405807
4028,20250923,4,85.40699005126953,0.006989896336702328
4029,20250924,4,85.08189392089844,-0.0038064346978617936
4030,20250925,4,85.08189392089844,0.0
4031,20250926,4,85.00537109375,-0.0008994020187136353
4032,20250929,4,85.70340728759766,0.008211671625758976
4033,20250930,4,85.4548110961914,-0.002900657036563614
4034,20251001,4,85.67549133300781,0.0025824202755302395
4035,20251002,4,85.92495727539062,0.0029117538575083035
4036,20251003,4,85.76184844970703,-0.0018982706637936664
4037,20251006,4,85.08057403564453,-0.00794379349766483
4038,20251007,4,85.5699462890625,0.005751868260937432
4039,20251008,4,85.6371078491211,0.0007848732291091398
4040,20251009,4,85.5699462890625,-0.000784257686246459
4041,20251010,4,86.95165252685547,0.016147097172708902
4042,20251013,4,86.9036636352539,-0.0005519031577546629
4043,20251014,4,87.18193817138672,0.003202103622475194
4044,20251015,4,86.99004364013672,-0.0022010812706728666
4045,20251016,4,87.64250183105469,0.00750037778595769
4046,20251017,4,87.50817108154297,-0.0015327124021478067
4047,20251020,4,87.84400177001953,0.0038377066315742336
4048,20251021,4,88.27578735351562,0.004915367865714115
4049,20251022,4,88.33335876464844,0.0006521766937321871
4050,20251023,4,87.72886657714844,-0.006843305812819667
4051,20251024,4,87.76724243164062,0.00043743702602649925
4052,20251027,4,88.06468200683594,0.0033889588752544775
4053,20251028,4,88.29497528076172,0.002615046902774365
4054,20251029,4,87.40262603759766,-0.010106455552272964
4055,20251030,4,86.89408111572266,-0.0058184169621658954
4056,20251031,4,86.635009765625,-0.0029814614156818964
4057,20251103,4,86.41831970214844,-0.00250118357535567
4058,20251104,4,86.61093139648438,0.0022288294310719436
4059,20251105,4,85.6672134399414,-0.010896060593354573
4060,20251106,4,86.4375991821289,0.008992772278365146
4061,20251107,4,86.254638671875,-0.0021166773717118392
4062,20251110,4,86.2353744506836,-0.00022334127750145427
4063,20251111,4,86.63019561767578,0.004578413087519939
4064,20251112,4,86.78427124023438,0.0017785440914686035
4065,20251113,4,86.0716552734375,-0.00821134932186307
4066,20251114,4,85.58053588867188,-0.005705936329508332
4067,20251117,4,85.79239654541016,0.00247557057850023
4068,20251118,4,85.76351165771484,-0.0003366835390828937
4069,20251119,4,85.59016418457031,-0.0020212263909664685
4070,20251120,4,85.92721557617188,0.003937968746908105
4071,20251121,4,86.18721771240234,0.0030258415158348484
4072,20251124,4,86.6783447265625,0.005698374157975472
4073,20251125,4,86.89982604980469,0.002555209423309668
4074,20251126,4,87.28502655029297,0.004432695875219661
4075,20251128,4,86.87094116210938,-0.004744059829608904
4076,20251201,4,85.78951263427734,-0.012448679769843651
4077,20251202,4,85.82816314697266,0.0004505272440475938
4078,20251203,4,86.06976318359375,0.0028149272658599678
4079,20251204,4,85.60588836669922,-0.005389521241101258
4080,20251205,4,85.20964050292969,-0.004628745420784286
4081,20251208,4,84.92938995361328,-0.003288953546362716
4082,20251209,4,85.0163803100586,0.001024266823214326
4083,20251210,4,85.34495544433594,0.003864845022559349
4084,20251211,4,85.22899627685547,-0.001358711442014826
4085,20251212,4,84.40752410888672,-0.009638411853406081
4086,20251215,4,84.46550750732422,0.0006869458504989989
4087,20251216,4,84.92938995361328,0.005491974889854756
4088,20251217,4,84.85208129882812,-0.000910269752642523
4089,20251218,4,85.25798797607422,0.004783697359368233
4090,20251219,4,84.93975830078125,-0.0037325496747855347
4091,20251222,4,84.75542449951172,-0.0021701710124578666
4092,20251223,4,84.89124298095703,0.0016024753842875938
4093,20251224,4,85.40544128417969,0.00605714188138351
4094,20251226,4,85.12409210205078,-0.0032942770144204214
4095,20251229,4,85.44425201416016,0.003761096350085591
4096,20251230,4,85.24050903320312,-0.002384513599853033
4097,20251231,4,84.56138610839844,-0.007967138306742783
4098,20260102,4,84.43524932861328,-0.001491659320998595
4099,20260105,4,84.85244750976562,0.004941042804630591
4100,20260106,4,84.67781066894531,-0.0020581237895372917
4101,20260107,4,85.17259979248047,0.005843196932305839
4102,20260108,4,84.74571228027344,-0.005012028671745661
4103,20260109,4,85.30841827392578,0.006639934676474724
4104,20260112,4,85.0561752319336,-0.002956836465801471
4105,20260113,4,85.20170593261719,0.001710995119246217
4106,20260114,4,85.6965103149414,0.005807446892149626
4107,20260115,4,85.67708587646484,-0.00022666545469796073
4108,20260116,4,85.18231201171875,-0.005774868037172642
4109,20260120,4,84.06659698486328,-0.013097966003810524
4110,20260121,4,84.70691680908203,0.007616816276434291
4111,20260122,4,85.07557678222656,0.004352182643779123
4112,20260123,4,85.30841827392578,0.0027368782029564276
4113,20260126,4,85.71590423583984,0.0047766207621575685
4114,20260127,4,85.18231201171875,-0.006225125067256587
4115,20260128,4,84.9882583618164,-0.002278097944508062
4116,20260129,4,85.00765991210938,0.00022828506745442567
4117,20260130,4,84.53227233886719,-0.005592291020993789
4118,20260202,4,84.2907485961914,-0.00285717792735507
4119,20260203,4,84.49528503417969,0.002426558565378878
4120,20260204,4,84.28101348876953,-0.0025358994330095808
4121,20260205,4,85.19648742675781,0.010862161002730186
4122,20260206,4,85.2549057006836,0.0006856887612414209
4123,20260209,4,85.23543548583984,-0.00022837647503948233
4124,20260210,4,86.21907043457031,0.011540211452241378
4125,20260211,4,85.7613296508789,-0.005309043363425858
4126,20260212,4,86.90080261230469,0.013286558942875448
4127,20260213,4,87.37802124023438,0.005491533030583584
4128,20260217,4,87.52409362792969,0.0016717291788252986
4129,20260218,4,87.19296264648438,-0.003783312316868681
4130,20260219,4,87.2806167602539,0.0010052888571399077
4131,20260220,4,87.07609558105469,-0.00234326001340035
4132,20260223,4,87.3974838256836,0.003690889474135206
4133,20260224,4,87.55331420898438,0.0017830076620006796
4134,20260225,4,87.56304931640625,0.00011119062150677372
4135,20260226,4,87.91364288330078,0.004003898558028407
4136,20260227,4,88.44928741455078,0.006092848773893156
4137,20260302,4,87.56107330322266,-0.010042071986009038
4138,20260303,4,87.38519287109375,-0.0020086600756917816
4139,20260304,4,87.1115951538086,-0.003130939101876784
4140,20260305,4,86.75982666015625,-0.004038136289792882
4141,20260306,4,86.43737030029297,-0.0037166551879634913
4142,20260309,4,87.18978118896484,0.008704694347571262
4143,20260310,4,86.26148223876953,-0.010646877851240744
4144,20260311,4,85.1475601196289,-0.012913319945712431
4145,20260312,4,84.9814453125,-0.0019509050746201462
4146,20260313,4,84.56127166748047,-0.004944298646303746
4147,20260316,4,85.21595001220703,0.007742058886022196
4148,20260317,4,85.4504623413086,0.0027519769370401015
4149,20260318,4,84.97166442871094,-0.005603222024536558
4150,20260319,4,85.48954772949219,0.006094776467698182
4151,20260320,4,83.86750030517578,-0.01897363440790356
4152,20260323,4,84.41468811035156,0.006524432028910843
4153,20260324,4,84.04338836669922,-0.0043985205888217305
4154,20260325,4,84.85440826416016,0.009650014275034646
4155,20260326,4,84.14109802246094,-0.008406283848902851
4156,20260327,4,83.68184661865234,-0.005458110419310214
4157,20260330,4,84.79579162597656,0.01331166856774324
4158,20260331,4,84.70783996582031,-0.00103721727776529
4159,20260401,4,84.62445068359375,-0.000984434053096006
4160,20260402,4,85.1444091796875,0.006144305716534015
4161,20260406,4,85.0070571899414,-0.0016131651046662476
4162,20260407,4,84.99725341796875,-0.00011532891852439331
4163,20260408,4,85.27194213867188,0.0032317364344982558
4164,20260409,4,85.05610656738281,-0.002531144077122849
4165,20260410,4,84.85009002685547,-0.0024221252164197127
4166,20260413,4,85.10515594482422,0.003006077163713261
4167,20260414,4,85.55643463134766,0.005302601017687092
4168,20260415,4,85.18364715576172,-0.0043572114381839055
4169,20260416,4,84.64407348632812,-0.006334240050170248
4170,20260417,4,85.41909790039062,0.009156275001198866
4171,20260420,4,85.39946746826172,-0.00022981315199321894
4172,20260421,4,84.92857360839844,-0.005514014007619972
4173,20260422,4,85.09535217285156,0.0019637509187677704
4174,20260423,4,84.90895080566406,-0.0021904999794685187
4175,20260424,4,85.06592559814453,0.001848742576501028
4176,20260427,4,84.64407348632812,-0.004959119751535512
4177,20260428,4,84.73236846923828,0.0010431324872901548
4178,20260429,4,84.07505798339844,-0.007757489820179875
4179,20260430,4,83.99658203125,-0.0009334034852992446
4180,20260501,4,84.29691314697266,0.003575515913384786
4181,20260504,4,83.65687561035156,-0.007592656868765535
4182,20260505,4,84.11967468261719,0.005532110408009938
4183,20260506,4,84.75969696044922,0.007608473050410902
4184,20260507,4,84.33629608154297,-0.004995309021737282
4185,20260508,4,84.75969696044922,0.005020387408250393
4186,20260511,4,84.24767303466797,-0.006040889056271315
4187,20260512,4,83.68641662597656,-0.00666198113816685
4188,20260513,4,83.49933624267578,-0.0022354928176325783
4189,20260514,4,83.61749267578125,0.0014150583516265858
4190,20260515,4,82.37682342529297,-0.014837436650951163
4191,20260518,4,82.2783432006836,-0.0011954846098027883
4192,20260519,4,81.74663543701172,-0.006462305182482808
4193,20260520,4,82.62298583984375,0.010720323816963528
4194,20260521,4,82.92823028564453,0.0036944252582746806
4195,20260522,4,83.38117218017578,0.005461854099274799
4196,20260526,4,83.79472351074219,0.004959768731396252
4197,20260527,4,83.9916763305664,0.0023504203077771013
4198,20260528,4,84.42491149902344,0.005158072649388945
4199,20260529,4,84.44461059570312,0.00023333274894721256
4200,20260601,4,84.49008178710938,0.0005384735755837866
4201,20260602,4,84.66801452636719,0.002105960078321978
4202,20260603,4,84.3319091796875,-0.003969684993321954
4203,20260604,4,84.51973724365234,0.0022272478566165432
4204,20260605,4,84.08477783203125,-0.005146246614174843
4205,20260608,4,83.64983367919922,-0.005172685996755355
4206,20260609,4,84.14409637451172,0.005908711034716685
4207,20260610,4,83.9068374633789,-0.00281967388510318
4208,20260611,4,84.99423217773438,0.012959548318455694
4209,20260612,4,84.78663635253906,-0.0024424695638310956
4210,20260615,4,84.73721313476562,-0.0005829128256479299
4211,20260616,4,85.20182800292969,0.00548300859771178
4212,20260617,4,85.34022521972656,0.001624345627797119
4213,20260618,4,85.75540924072266,0.004865044824139186
4214,20260622,4,85.10297393798828,-0.007608095028768802
4215,20260623,4,85.21170806884766,0.0012776772165283834
4216,20260624,4,86.37818908691406,0.013689210608522684
4217,20260625,4,86.34852600097656,-0.00034340944457234013
4218,20260626,4,86.35841369628906,0.00011450913837696142
4219,20260629,4,86.44738006591797,0.0010301992107195623
4220,20260630,4,85.42919158935547,-0.0117781299535753
4221,20260701,4,84.85173034667969,-0.006759530693577709
4222,20260702,4,84.84181213378906,-0.00011688875229887152
4223,20260706,4,84.78227996826172,-0.0007016842760674269
4224,20260707,4,83.88932037353516,-0.010532384774988857
4225,20260708,4,83.7008056640625,-0.0022471836538101586
4226,20260709,4,83.82978820800781,0.0015409952499501056
4227,20260710,4,83.80994415283203,-0.00023671842193540016
4228,20260713,4,83.31385040283203,-0.005919270738271143
4229,20260714,4,83.4229965209961,0.001310059703594657
4230,20260715,4,83.58174133300781,0.0019028903136051323
4231,20260716,4,83.55197143554688,-0.00035617704281043494
4232,20260717,4,83.85955047607422,0.003681290043103358
4233,20260720,4,83.2344741821289,-0.00745384741984334
4234,20260721,4,83.00627899169922,-0.002741594665815583
4235,20260722,4,82.78799438476562,-0.002629736082440548
4236,20260723,4,82.52009582519531,-0.0032359590489078327
4237,20260724,4,82.59947204589844,0.0009619017029653953
4238,20260727,4,83.09556579589844,0.006006015991534719
4239,20260728,4,83.58174133300781,0.005850800009034485
4240,20260729,4,82.20259857177734,-0.016500526780552027
4241,20260730,4,82.15299224853516,-0.000603464173932089
4242,20260731,4,81.60728454589844,-0.006642578531842247
4243,20260803,4,81.87625885009766,0.0032959594930270786
4244,20260804,4,82.50385284423828,0.007665152303669043
4245,20260805,4,82.68316650390625,0.0021733974049249483
4246,20260806,4,82.20499420166016,-0.0057831880715829564
4247,20260807,4,82.44408416748047,0.0029084603452897984
4248,20260810,4,81.74674987792969,-0.00845826958468221
4249,20260811,4,81.87625885009766,0.001584270596217685
4250,20260812,4,81.79656219482422,-0.0009733792969137678
4251,20260813,4,82.27472686767578,0.005845779578274479
4252,20260814,4,81.7268295288086,-0.006659363813487751
4253,20260817,4,81.03946685791016,-0.008410489858243442
4254,20260818,4,81.3482894897461,0.0038107683059835917
4255,20260819,4,82.70308685302734,0.016654282121715935
4256,20260820,4,82.02568054199219,-0.008190822577626156
4257,20260821,4,81.7367935180664,-0.0035219095046445936
4258,20260824,4,82.24484252929688,0.00621567092815023
4259,20260825,4,83.15137481689453,0.01102236030514292
4260,20260826,4,82.98202514648438,-0.00203664305951734
4261,20260827,4,82.81266784667969,-0.0020408913798588557
4262,20260828,4,82.5636215209961,-0.003007345761939284
4263,20260831,4,82.20499420166016,-0.004343648119223276
4264,20210104,1,342.43695068359375,0.0
4265,20210105,1,344.7954406738281,0.006887370026880113
4266,20210106,1,346.8568420410156,0.005978621304153275
4267,20210107,1,352.0102233886719,0.014857372619009324
4268,20210108,1,354.0158386230469,0.005697605072567669
4269,20210111,1,351.62945556640625,-0.006740893475056131
4270,20210112,1,351.7037658691406,0.00021133127944206187
4271,20210113,1,352.6508483886719,0.0026928415656590765
4272,20210114,1,351.41595458984375,-0.003501746286647456
4273,20210115,1,348.8531799316406,-0.007292710034165317
4274,20210119,1,351.5923767089844,0.00785200461088098
4275,20210120,1,356.45794677734375,0.01383866770349984
4276,20210121,1,356.7828674316406,0.0009115259099548023
4277,20210122,1,355.5201110839844,-0.003539285271028869
4278,20210125,1,356.92218017578125,0.003943712459815396
4279,20210126,1,356.364990234375,-0.0015610964304091368
4280,20210127,1,347.6553649902344,-0.02444018206842502
4281,20210128,1,350.6452941894531,0.008600267679754525
4282,20210129,1,343.62548828125,-0.020019678075047342
4283,20210201,1,349.3453063964844,0.01664550014564936
4284,20210202,1,354.28515625,0.01414030692002255
4285,20210203,1,354.5637512207031,0.0007863580107390078
4286,20210204,1,358.59356689453125,0.011365560241153094
4287,20210205,1,360.0049743652344,0.003935953126337655
4288,20210208,1,362.60479736328125,0.007221630763938558
4289,20210209,1,362.3634033203125,-0.0006657221435680816
4290,20210210,1,362.20556640625,-0.00043557630990398444
4291,20210211,1,362.79058837890625,0.0016151656046061724
4292,20210212,1,364.5826416015625,0.0049396353710935426
4293,20210216,1,364.2669372558594,-0.000865933562597121
4294,20210217,1,364.3505554199219,0.00022955189041429236
4295,20210218,1,362.7998046875,-0.004256205210486419
4296,20210219,1,362.15911865234375,-0.0017659492284128886
4297,20210222,1,359.37347412109375,-0.007691769688461414
4298,20210223,1,359.8099365234375,0.0012145092328006424
4299,20210224,1,363.7747497558594,0.011019187715411105
4300,20210225,1,355.00933837890625,-0.024095711378637086
4301,20210226,1,353.1800842285156,-0.005152693049550794
4302,20210301,1,361.74127197265625,0.024240290227127703
4303,20210302,1,358.9185791015625,-0.007803071116826099
4304,20210303,1,354.1644287109375,-0.013245762876152867
4305,20210304,1,349.7817077636719,-0.012374819693828476
4306,20210305,1,356.2164611816406,0.01839648350712597
4307,20210308,1,354.4429626464844,-0.004978710218144333
4308,20210309,1,359.5035400390625,0.014277550765270597
4309,20210310,1,361.74127197265625,0.006224505976632599
4310,20210311,1,365.4090576171875,0.010139251251398473
4311,20210312,1,365.9012145996094,0.0013468658539315115
4312,20210315,1,368.08319091796875,0.005963293455439889
4313,20210316,1,367.6190185546875,-0.001261052867216339
4314,20210317,1,368.87249755859375,0.0034097229485958724
4315,20210318,1,363.505615234375,-0.014549423878819412
4316,20210319,1,362.8330078125,-0.0018503357133597964
4317,20210322,1,365.7302551269531,0.007985070961212815
4318,20210323,1,362.85162353515625,-0.007870914564608977
4319,20210324,1,361.0071105957031,-0.0050833806983763274
4320,20210325,1,363.03790283203125,0.005625352456291255
4321,20210326,1,368.8882751464844,0.01611504547821263
4322,20210329,1,368.7019348144531,-0.0005051402947335859
4323,20210330,1,367.7237243652344,-0.0026531199238513103
4324,20210331,1,369.2142333984375,0.004053339326354433
4325,20210401,1,373.20147705078125,0.010799268532101669
4326,20210405,1,378.5580749511719,0.014353099410862713
4327,20210406,1,378.3345031738281,-0.0005905877912459889
4328,20210407,1,378.77227783203125,0.0011571100561293957
4329,20210408,1,380.5703430175781,0.004747087605878608
4330,20210409,1,383.3370666503906,0.007269940192593305
4331,20210412,1,383.47674560546875,0.00036437633411923187
4332,20210413,1,384.61328125,0.0029637667930471068
4333,20210414,1,383.2998046875,-0.0034150577385969605
4334,20210415,1,387.4173889160156,0.010742463675066594
4335,20210416,1,388.71234130859375,0.003342525218605674
4336,20210419,1,386.8025207519531,-0.004913197636615463
4337,20210420,1,383.970458984375,-0.007321725210250762
4338,20210421,1,387.60369873046875,0.009462289770165944
4339,20210422,1,384.0636291503906,-0.00913321929505062
4340,20210423,1,388.2278747558594,0.01084259297002621
4341,20210426,1,389.03839111328125,0.002087733545489412
4342,20210427,1,388.95452880859375,-0.00021556305650838326
4343,20210428,1,388.8427734375,-0.0002873224575532518
4344,20210429,1,391.32073974609375,0.006372669052552293
4345,20210430,1,388.7494812011719,-0.006570718808796672
4346,20210503,1,389.5880126953125,0.002156997075725142
4347,20210504,1,387.1845397949219,-0.006169268103919601
4348,20210505,1,387.3056640625,0.00031283342987364904
4349,20210506,1,390.39849853515625,0.00798551314797491
4350,20210507,1,393.2397155761719,0.007277735574487076
4351,20210510,1,389.34588623046875,-0.009901922902161409
4352,20210511,1,385.87103271484375,-0.008924849699241677
4353,20210512,1,377.6730041503906,-0.02124551435430344
4354,20210513,1,382.2098388671875,0.012012599965949056
4355,20210514,1,388.0788269042969,0.015355408051514807
4356,20210517,1,387.09130859375,-0.002544633311804989
4357,20210518,1,383.7562561035156,-0.008615673915154942
4358,20210519,1,382.7502136230469,-0.0026215663314095305
4359,20210520,1,386.8677062988281,0.010757649582493478
4360,20210521,1,386.55108642578125,-0.0008184189786115681
4361,20210524,1,390.49163818359375,0.010194129304482269
4362,20210525,1,389.62530517578125,-0.0022185699336414455
4363,20210526,1,390.39849853515625,0.0019844536509920907
4364,20210527,1,390.6034240722656,0.0005249137429530482
4365,20210528,1,391.3021240234375,0.0017887706766304134
4366,20210601,1,390.95745849609375,-0.0008808169089393747
4367,20210602,1,391.57232666015625,0.0015727239644633961
4368,20210603,1,390.1189880371094,-0.0037115457965144483
4369,20210604,1,393.68695068359375,0.009145831799771242
4370,20210607,1,393.3050231933594,-0.0009701299206671399
4371,20210608,1,393.3888854980469,0.00021322459603134725
4372,20210609,1,392.8019104003906,-0.0014920988347525421
4373,20210610,1,394.6278381347656,0.0046484695874156046
4374,20210611,1,395.2799377441406,0.001652441988018838
4375,20210614,1,396.1650085449219,0.0022390987152860475
4376,20210615,1,395.4383239746094,-0.0018342977159481189
4377,20210616,1,393.2304382324219,-0.005583388377726539
4378,20210617,1,393.10009765625,-0.0003314610556541808
4379,20210618,1,387.7970886230469,-0.013490225682519119
4380,20210621,1,393.34869384765625,0.014315747558398373
4381,20210622,1,395.4516296386719,0.005346238144189996
4382,20210623,1,394.9749755859375,-0.0012053409747480037
4383,20210624,1,397.31146240234375,0.0059155312635696955
4384,20210625,1,398.7228088378906,0.003552241928821198
4385,20210628,1,399.5265808105469,0.0020158665489915517
4386,20210629,1,399.7415466308594,0.0005380513603785442
4387,20210630,1,400.07806396484375,0.0008418372741603175
4388,20210701,1,402.2930603027344,0.005536410359367361
4389,20210702,1,405.3680419921875,0.007643635928343162
4390,20210706,1,404.6296691894531,-0.0018214874539829173
4391,20210707,1,406.0597229003906,0.003534228505295056
4392,20210708,1,402.7510681152344,-0.008148197416683711
4393,20210709,1,407.05035400390625,0.01067479698760665
4394,20210712,1,408.5083923339844,0.003581960599557954
4395,20210713,1,407.1158142089844,-0.0034089339439113964
4396,20210714,1,407.7232666015625,0.0014920874389474648
4397,20210715,1,406.3306884765625,-0.0034154983025799224
4398,20210716,1,403.14361572265625,-0.007843544296039728
4399,20210719,1,397.1900939941406,-0.01476774404040515
4400,20210720,1,402.8819274902344,0.014330250381767273
4401,20210721,1,406.143798828125,0.008096345642035985
4402,20210722,1,406.99432373046875,0.002094147207954089
4403,20210723,1,411.1814270019531,0.010287866506603294
4404,20210726,1,412.1907958984375,0.0024548017741072847
4405,20210727,1,410.3122863769531,-0.004557378622173869
4406,20210728,1,410.14404296875,-0.00041003746119505635
4407,20210729,1,411.8450012207031,0.004147221643501231
4408,20210730,1,409.8448791503906,-0.00485649228322349
4409,20210802,1,408.9851379394531,-0.0020977234428785074
4410,20210803,1,412.3123779296875,0.008135356719800813
4411,20210804,1,410.2842102050781,-0.004919007609699322
4412,20210805,1,412.8824462890625,0.006332771331087006
4413,20210806,1,413.56475830078125,0.0016525575689916305
4414,20210809,1,413.2283020019531,-0.000813551667725565
4415,20210810,1,413.7423400878906,0.001243956629899623
4416,20210811,1,414.7704162597656,0.002484822248688845
4417,20210812,1,416.01348876953125,0.0029970134345047583
4418,20210813,1,416.7704772949219,0.0018196249540600729
4419,20210816,1,417.7519836425781,0.0023550284896061147
4420,20210817,1,415.0133972167969,-0.0065555318299203025
4421,20210818,1,410.47113037109375,-0.010944867987792484
4422,20210819,1,411.1066589355469,0.0015482905311234862
4423,20210820,1,414.3778991699219,0.007957157013328331
4424,20210823,1,418.0229187011719,0.008796365681064788
4425,20210824,1,418.6866149902344,0.0015877031123667784
4426,20210825,1,419.5650634765625,0.0020981050142923063
4427,20210826,1,417.08831787109375,-0.005903126406536674
4428,20210827,1,420.8175048828125,0.008941000867042526
4429,20210830,1,422.6680603027344,0.004397524814081066
4430,20210831,1,422.0418701171875,-0.0014815176360815085
4431,20210901,1,422.2661437988281,0.0005314014971509184
4432,20210902,1,423.5653076171875,0.003076646890683099
4433,20210903,1,423.4624938964844,-0.0002427340456221394
4434,20210907,1,421.94830322265625,-0.0035757373926916802
4435,20210908,1,421.434326171875,-0.0012181043195474972
4436,20210909,1,419.6305236816406,-0.004280150852018494
4437,20210910,1,416.3218688964844,-0.007884685689991455
4438,20210913,1,417.38739013671875,0.002559368891811298
4439,20210914,1,415.135009765625,-0.005396378578557348
4440,20210915,1,418.6023864746094,0.008352407355240787
4441,20210916,1,417.9388122558594,-0.0015852136542710005
4442,20210917,1,413.86767578125,-0.009740986850766742
4443,20210920,1,406.966796875,-0.016674119072535354
4444,20210921,1,406.582275390625,-0.0009448473126743018
4445,20210922,1,410.5484924316406,0.009755017080380846
4446,20210923,1,415.53662109375,0.012149913479319263
4447,20210924,1,416.22119140625,0.0016474367787322475
4448,20210927,1,415.0303955078125,-0.002860968934364605
4449,20210928,1,406.666748046875,-0.02015189140714413
4450,20210929,1,407.3511657714844,0.0016829940679843336
4451,20210930,1,402.3724365234375,-0.012222204491835975
4452,20211001,1,407.15423583984375,0.011884013124064285
4453,20211004,1,401.9035339355469,-0.012896100401525112
4454,20211005,1,406.0853271484375,0.010404967510341034
4455,20211006,1,407.77301025390625,0.004155981496105188
4456,20211007,1,411.298583984375,0.008645922220976487
4457,20211008,1,410.5484924316406,-0.0018237153784192994
4458,20211011,1,407.5762023925781,-0.007239802590573219
4459,20211012,1,406.572998046875,-0.0024613908756547787
4460,20211013,1,408.03558349609375,0.0035973501837180955
4461,20211014,1,414.8990478515625,0.01682074954508095
4462,20211015,1,418.0589294433594,0.007616025170844365
4463,20211018,1,419.2965087890625,0.0029602987965140493
4464,20211019,1,422.53131103515625,0.00771483229239367
4465,20211020,1,424.1909484863281,0.003927844890609267
4466,20211021,1,425.29730224609375,0.002608150324078018
4467,20211022,1,424.8567199707031,-0.0010359395017645046
4468,20211025,1,427.13507080078125,0.005362633384344839
4469,20211026,1,427.5195007324219,0.0009000195908051012
4470,20211027,1,425.62542724609375,-0.004430379159507836
4471,20211028,1,429.7323303222656,0.00964910180001377
4472,20211029,1,430.6042175292969,0.002028907637406263
4473,20211101,1,431.3450012207031,0.001720335429264308
4474,20211102,1,433.08892822265625,0.004042998057280922
4475,20211103,1,435.73309326171875,0.006105362817548476
4476,20211104,1,437.7864074707031,0.004712321007372067
4477,20211105,1,439.3054504394531,0.0034698267073347555
4478,20211108,1,439.6804504394531,0.0008536201852831216
4479,20211109,1,438.2271423339844,-0.003305373491171104
4480,20211110,1,434.70172119140625,-0.008044734800774389
4481,20211111,1,434.8423156738281,0.0003234274804262416
4482,20211112,1,438.1240234375,0.007546891471651218
4483,20211115,1,438.2740478515625,0.0003424245328649267
4484,20211116,1,440.00860595703125,0.003957702067853619
4485,20211117,1,438.9397888183594,-0.0024290823502125525
4486,20211118,1,440.4305725097656,0.0033963284472786626
4487,20211119,1,439.64300537109375,-0.001788175453361407
4488,20211122,1,438.4052734375,-0.002815311328674519
4489,20211123,1,438.9866638183594,0.0013261482379094414
4490,20211124,1,440.15875244140625,0.0026699868575776886
4491,20211126,1,430.3416442871094,-0.022303562293933266
4492,20211129,1,435.6205749511719,0.01226683667300521
4493,20211130,1,427.14447021484375,-0.019457539941216462
4494,20211201,1,422.3999938964844,-0.01110742769530182
4495,20211202,1,428.8696594238281,0.015316443231126575
4496,20211203,1,425.137939453125,-0.008701291613206097
4497,20211206,1,430.1729431152344,0.011843223563124283
4498,20211207,1,439.07110595703125,0.020685082556234136
4499,20211208,1,440.2336730957031,0.0026477878477970673
4500,20211209,1,437.2613830566406,-0.006751619016695187
4501,20211210,1,441.3775634765625,0.009413546632332404
4502,20211213,1,437.4676818847656,-0.008858360540577204
4503,20211214,1,434.4579162597656,-0.006879972509129972
4504,20211215,1,441.246337890625,0.015625038414078585
4505,20211216,1,437.3551940917969,-0.008818529389795549
4506,20211217,1,432.70050048828125,-0.010642822278997932
4507,20211220,1,428.0993957519531,-0.010633462940615956
4508,20211221,1,435.7019348144531,0.017758817550177053
4509,20211222,1,440.0584716796875,0.009998892630783462
4510,20211223,1,442.79656982421875,0.006222123469365348
4511,20211227,1,449.06304931640625,0.014152050668945204
4512,20211228,1,448.6961364746094,-0.000817063088034975
4513,20211229,1,449.27001953125,0.001279001555818171
4514,20211230,1,448.02801513671875,-0.0027644942696757324
4515,20211231,1,446.89892578125,-0.002520131146540483
4516,20220103,1,449.48651123046875,0.0057900910025576735
4517,20220104,1,449.33587646484375,-0.00033512633162813277
4518,20220105,1,440.7076721191406,-0.01920212651076436
4519,20220106,1,440.2936706542969,-0.0009394015376520404
4520,20220107,1,438.552978515625,-0.003953479812882854
4521,20220110,1,438.0072021484375,-0.001244493582131856
4522,20220111,1,441.99676513671875,0.009108441524962041
4523,20220112,1,443.1916809082031,0.0027034491329698263
4524,20220113,1,437.0850524902344,-0.013778752357117452
4525,20220114,1,437.2638854980469,0.00040914921888446365
4526,20220118,1,429.5201110839844,-0.017709613510025646
4527,20220119,1,425.0601806640625,-0.010383519432108357
4528,20220120,1,420.3556213378906,-0.011067984111854612
4529,20220121,1,412.103759765625,-0.01963066782835432
4530,20220124,1,413.8538818359375,0.004246799571321125
4531,20220125,1,408.8011169433594,-0.012209055210894881
4532,20220126,1,407.7755432128906,-0.0025087351476361652
4533,20220127,1,405.761962890625,-0.004937962454541811
4534,20220128,1,415.8392333984375,0.024835424286748342
4535,20220131,1,423.328857421875,0.018010864348293243
4536,20220201,1,426.1893615722656,0.006757167861911162
4537,20220202,1,430.3293151855469,0.009713883044871086
4538,20220203,1,420.2143859863281,-0.02350508980513555
4539,20220204,1,422.1904296875,0.004702465615339824
4540,20220207,1,420.83544921875,-0.0032094059302881783
4541,20220208,1,424.29803466796875,0.008227884451385448
4542,20220209,1,430.5081481933594,0.014636206199376556
4543,20220210,1,422.7738342285156,-0.017965546058305804
4544,20220211,1,414.4372253417969,-0.01971883832861021
4545,20220214,1,413.082275390625,-0.00326937318445375
4546,20220215,1,419.7440185546875,0.01612691601875893
4547,20220216,1,420.2143859863281,0.0011206054424794942
4548,20220217,1,411.23809814453125,-0.02136121023255244
4549,20220218,1,408.5753173828125,-0.006475034228912602
4550,20220222,1,404.1905822753906,-0.010731766998332004
4551,20220223,1,397.02081298828125,-0.017738585710600052
4552,20220224,1,402.99560546875,0.015049066157257318
4553,20220225,1,411.8872985839844,0.022063995226180966
4554,20220228,1,410.8334655761719,-0.0025585469895174073
4555,20220301,1,404.5764465332031,-0.015230061733636058
4556,20220302,1,412.0190734863281,0.01839609551396415
4557,20220303,1,409.9678955078125,-0.004978356854112187
4558,20220304,1,406.63702392578125,-0.00812471322395969
4559,20220307,1,394.6496887207031,-0.029479202580594444
4560,20220308,1,391.6575622558594,-0.007581727669779825
4561,20220309,1,402.15826416015625,0.026810925962504673
4562,20220310,1,400.34222412109375,-0.004515734726613152
4563,20220311,1,395.251953125,-0.012714799212770744
4564,20220314,1,392.3632507324219,-0.007308508837816086
4565,20220315,1,400.99151611328125,0.021990503353086943
4566,20220316,1,409.8831481933594,0.022174115218852153
4567,20220317,1,415.01129150390625,0.012511232367444558
4568,20220318,1,419.5567321777344,0.010952571091153995
4569,20220321,1,419.4340515136719,-0.00029240542375696954
4570,20220322,1,424.34197998046875,0.0117013114435629
4571,20220323,1,418.87713623046875,-0.012878395275083387
4572,20220324,1,425.1914367675781,0.015074349948847932
4573,20220325,1,427.26788330078125,0.004883556802057987
4574,20220328,1,430.3070373535156,0.007112994380143789
4575,20220329,1,435.6303405761719,0.01237094158486407
4576,20220330,1,432.9403991699219,-0.006174825662262684
4577,20220331,1,426.2768859863281,-0.015391294497740904
4578,20220401,1,427.4849853515625,0.0028340719493600286
4579,20220404,1,431.1470947265625,0.008566638596647635
4580,20220405,1,425.7010498046875,-0.01263152410972157
4581,20220406,1,421.4444274902344,-0.009999088130992595
4582,20220407,1,423.5680236816406,0.005038852225553336
4583,20220408,1,422.4353942871094,-0.002674020065741689
4584,20220411,1,415.21502685546875,-0.01709224068173909
4585,20220412,1,413.6766052246094,-0.003705120314431376
4586,20220413,1,418.41473388671875,0.011453702245348696
4587,20220414,1,413.2047119140625,-0.012451812880152513
4588,20220418,1,413.3745422363281,0.00041100770966262523
4589,20220419,1,420.047607421875,0.016142903115044405
4590,20220420,1,419.73602294921875,-0.0007417837101100222
4591,20220421,1,413.45947265625,-0.014953565931433266
4592,20220422,1,402.1145935058594,-0.027438914574882012
4593,20220425,1,404.44573974609375,0.005797218698058604
4594,20220426,1,392.73272705078125,-0.028960652923840424
4595,20220427,1,393.83697509765625,0.002811703662099596
4596,20220428,1,403.78509521484375,0.025259487417911286
4597,20220429,1,388.86297607421875,-0.03695559672078863
4598,20220502,1,391.2037048339844,0.006019417902410007
4599,20220503,1,392.99700927734375,0.004584068149662279
4600,20220504,1,404.9649658203125,0.030453047378085296
4601,20220505,1,390.57135009765625,-0.0355428665131563
4602,20220506,1,388.2401123046875,-0.005968788525799074
4603,20220509,1,375.8096008300781,-0.03201758674758992
4604,20220510,1,376.6779479980469,0.002310604002800254
4605,20220511,1,370.69403076171875,-0.01588603014360468
4606,20220512,1,370.3070373535156,-0.0010439698945459153
4607,20220513,1,379.1602783203125,0.023907838830362405
4608,20220516,1,377.6217956542969,-0.004057605065675984
4609,20220517,1,385.3896484375,0.020570456664833037
4610,20220518,1,369.85400390625,-0.0403115252167171
4611,20220519,1,367.58880615234375,-0.006124572750280222
4612,20220520,1,367.74920654296875,0.0004363582022639534
4613,20220523,1,374.62982177734375,0.018710074996643344
4614,20220524,1,371.7700500488281,-0.007633593382790793
4615,20220525,1,375.0545349121094,0.008834721524366707
4616,20220526,1,382.5487365722656,0.019981631902977748
4617,20220527,1,391.9399108886719,0.024548961788643187
4618,20220531,1,389.74072265625,-0.005611034169588636
4619,20220601,1,386.58837890625,-0.008088309911562286
4620,20220602,1,393.9503173828125,0.0190433517360018
4621,20220603,1,387.48492431640625,-0.016411696554425315
4622,20220606,1,388.66473388671875,0.003044788316329816
4623,20220607,1,392.3929138183594,0.00959227737067403
4624,20220608,1,388.1267395019531,-0.01087220020079438
4625,20220609,1,378.8960266113281,-0.023782728555290733
4626,20220610,1,367.90966796875,-0.028995708244383245
4627,20220613,1,353.94085693359375,-0.037968045559332086
4628,20220614,1,352.874267578125,-0.0030134677434791035
4629,20220615,1,357.9049072265625,0.014256181622321673
4630,20220616,1,346.0596923828125,-0.03309598333126984
4631,20220617,1,346.8057556152344,0.002155880181493597
4632,20220621,1,355.53607177734375,0.025173504247707035
4633,20220622,1,354.89154052734375,-0.0018128434810509297
4634,20220623,1,358.370361328125,0.009802490066717295
4635,20220624,1,369.7643127441406,0.031793788341729856
4636,20220627,1,368.3519287109375,-0.0038196872562453743
4637,20220628,1,360.8255310058594,-0.020432627382777846
4638,20220629,1,360.5316162109375,-0.0008145620796359276
4639,20220630,1,357.6026306152344,-0.008124074183800456
4640,20220701,1,361.38470458984375,0.010576191702232451
4641,20220705,1,362.0672607421875,0.0018887245189815882
4642,20220706,1,363.2900695800781,0.0033772974540255962
4643,20220707,1,368.7310791015625,0.01497703894789515
4644,20220708,1,368.4278259277344,-0.0008224236876560598
4645,20220711,1,364.2190856933594,-0.011423513475880998
4646,20220712,1,360.9961242675781,-0.008848963583678593
4647,20220713,1,359.10028076171875,-0.005251700443338114
4648,20220714,1,358.22821044921875,-0.002428486857905421
4649,20220715,1,365.0721435546875,0.019104952948530984
4650,20220718,1,362.0577697753906,-0.008256926288448319
4651,20220719,1,371.8403625488281,0.027019425047848822
4652,20220720,1,374.2100830078125,0.006372951130804605
4653,20220721,1,378.0207214355469,0.010183152728289402
4654,20220722,1,374.51348876953125,-0.009277884695571115
4655,20220725,1,374.9684143066406,0.0012147106866671198
4656,20220726,1,370.5321350097656,-0.011831074638855132
4657,20220727,1,380.15350341796875,0.025966353520051833
4658,20220728,1,384.9216003417969,0.012542556838114338
4659,20220729,1,390.53326416015625,0.014578718921921752
4660,20220801,1,389.3768005371094,-0.0029612423042474356
4661,20220802,1,386.8079528808594,-0.006597331049786548
4662,20220803,1,392.8652038574219,0.015659582310677544
4663,20220804,1,392.59979248046875,-0.0006755787337415775
4664,20220805,1,391.9361267089844,-0.0016904384164120323
4665,20220808,1,391.4811706542969,-0.0011607913220648136
4666,20220809,1,389.9266052246094,-0.003970983909875714
4667,20220810,1,398.1165466308594,0.02100380250158196
4668,20220811,1,398.1165466308594,0.0
4669,20220812,1,404.8563232421875,0.016929154712017835
4670,20220815,1,406.52471923828125,0.004120958227187499
4671,20220816,1,407.3209228515625,0.0019585613754882214
4672,20220817,1,404.42974853515625,-0.0070980255474375475
4673,20220818,1,405.60516357421875,0.002906351581009714
4674,20220819,1,400.1546325683594,-0.013438021739735628
4675,20220822,1,391.82244873046875,-0.020822410037867556
4676,20220823,1,390.8745422363281,-0.002419224567688505
4677,20220824,1,392.1258239746094,0.0032012362102740166
4678,20220825,1,397.66168212890625,0.014117555681962157
4679,20220826,1,384.2012023925781,-0.033849074077911157
4680,20220829,1,381.6607666015625,-0.00661225361918516
4681,20220830,1,377.4709777832031,-0.010977782326610841
4682,20220831,1,374.5987854003906,-0.007609041626670754
4683,20220901,1,375.7741394042969,0.003137634316272564
4684,20220902,1,371.8118591308594,-0.010544313346625644
4685,20220906,1,370.4089660644531,-0.0037731261979798703
4686,20220907,1,377.0632629394531,0.017964729487250253
4687,20220908,1,379.5279541015625,0.006536545466921062
4688,20220909,1,385.4239196777344,0.015534996862428985
4689,20220912,1,389.56634521484375,0.010747712649938679
4690,20220913,1,372.6270446777344,-0.04348245361843939
4691,20220914,1,374.0489807128906,0.003815976471557514
4692,20220915,1,369.8022155761719,-0.011353500091418334
4693,20220916,1,366.9810791015625,-0.007628771153287639
4694,20220919,1,369.82696533203125,0.0077548581998723165
4695,20220920,1,365.58197021484375,-0.011478327745453432
4696,20220921,1,359.2047424316406,-0.017444043478006765
4697,20220922,1,356.1875915527344,-0.008399529634496528
4698,20220923,1,350.2196960449219,-0.01675492254459665
4699,20220926,1,346.7550964355469,-0.009892646383116599
4700,20220927,1,345.869873046875,-0.002552877802724396
4701,20220928,1,352.67535400390625,0.019676420201272915
4702,20220929,1,345.308349609375,-0.020888911887076866
4703,20220930,1,339.9686279296875,-0.015463633259166665
4704,20221003,1,348.9442443847656,0.026401307996379186
4705,20221004,1,359.7568664550781,0.030986675505642935
4706,20221005,1,358.91925048828125,-0.002328283473920778
4707,20221006,1,355.2166748046875,-0.0103159016368074
4708,20221007,1,345.308349609375,-0.02789375020404239
4709,20221010,1,342.6717529296875,-0.007635484872202225
4710,20221011,1,340.5015869140625,-0.0063330753033218334
4711,20221012,1,339.3784484863281,-0.003298482212412801
4712,20221013,1,348.3350830078125,0.02639128843163774
4713,20221014,1,340.39697265625,-0.02278871907767177
4714,20221017,1,349.1441345214844,0.02569694376826237
4715,20221018,1,353.2464599609375,0.011749661626352381
4716,20221019,1,350.7431335449219,-0.0070866284584775174
4717,20221020,1,347.8020324707031,-0.008385341844025174
4718,20221021,1,356.2541198730469,0.02430143188727829
4719,20221024,1,360.6134338378906,0.012236529268481844
4720,20221025,1,366.3719482421875,0.015968663016823648
4721,20221026,1,363.61163330078125,-0.007534187468909548
4722,20221027,1,361.66998291015625,-0.005339901732513752
4723,20221028,1,370.2743225097656,0.02379058259238187
4724,20221031,1,367.5997314453125,-0.007223269078785677
4725,20221101,1,365.9912414550781,-0.004375656053692389
4726,20221102,1,356.8061218261719,-0.025096555842125667
4727,20221103,1,353.1322021484375,-0.010296683417119756
4728,20221104,1,358.2148742675781,0.014393114216766145
4729,20221107,1,361.6414794921875,0.009565781520422867
4730,20221108,1,363.5926208496094,0.0053952366309353295
4731,20221109,1,356.101806640625,-0.020602217370310094
4732,20221110,1,375.671142578125,0.054954329274855995
4733,20221111,1,379.3070373535156,0.009678397841363262
4734,20221114,1,376.0804748535156,-0.00850646621932516
4735,20221115,1,379.2879638671875,0.008528730492911585
4736,20221116,1,376.39453125,-0.007628590656255763
4737,20221117,1,375.24285888671875,-0.003059747864711415
4738,20221118,1,376.9465637207031,0.0045402725025573965
4739,20221121,1,375.5759582519531,-0.003636073652512617
4740,20221122,1,380.630126953125,0.013457114573295792
4741,20221123,1,383.0286560058594,0.006301469281830618
4742,20221125,1,382.9429626464844,-0.0002237257135500048
4743,20221128,1,376.83233642578125,-0.015957014011886095
4744,20221129,1,376.1850891113281,-0.001717600247877371
4745,20221130,1,388.0351867675781,0.031500710685380406
4746,20221201,1,387.7496337890625,-0.000735894548363869
4747,20221202,1,387.30230712890625,-0.0011536481821659006
4748,20221205,1,380.3349609375,-0.017989425994013764
4749,20221206,1,374.85260009765625,-0.014414559277774797
4750,20221207,1,374.2148742675781,-0.0017012709259905945
4751,20221208,1,377.1464538574219,0.00783394726246911
4752,20221209,1,374.3290710449219,-0.007470261972992276
4753,20221212,1,379.7259216308594,0.014417396358964218
4754,20221213,1,382.600341796875,0.007569723324840405
4755,20221214,1,380.1541442871094,-0.006393610361865143
4756,20221215,1,370.8550109863281,-0.024461480798057877
4757,20221216,1,366.4765625,-0.011806361938276555
4758,20221219,1,363.3690490722656,-0.008479432917990137
4759,20221220,1,363.86627197265625,0.0013683688846370945
4760,20221221,1,369.306884765625,0.014952231663223792
4761,20221222,1,364.0382995605469,-0.014266144018467819
4762,20221223,1,366.1323547363281,0.005752293586441581
4763,20221227,1,364.6885681152344,-0.003943346176367046
4764,20221228,1,360.15625,-0.01242791387363218
4765,20221229,1,366.6391906738281,0.018000355883947883
4766,20221230,1,365.67340087890625,-0.0026341695582158264
4767,20230103,1,364.13397216796875,-0.004209846018981556
4768,20230104,1,366.9452209472656,0.007720369408433347
4769,20230105,1,362.7570495605469,-0.011413614751289103
4770,20230106,1,371.07586669921875,0.022932199798045172
4771,20230109,1,370.86541748046875,-0.0005671325937253169
4772,20230110,1,373.4663391113281,0.007013114483763738
4773,20230111,1,378.1898193359375,0.012647673243722624
4774,20230112,1,379.5667724609375,0.0036409047906624803
4775,20230113,1,381.0392761230469,0.0038794324712942974
4776,20230117,1,380.34124755859375,-0.0018319071239987217
4777,20230118,1,374.3363952636719,-0.015788064885065567
4778,20230119,1,371.61126708984375,-0.007279891050691489
4779,20230120,1,378.5340881347656,0.018629201151880492
4780,20230123,1,383.07598876953125,0.01199865686376067
4781,20230124,1,382.664794921875,-0.0010734002122582131
4782,20230125,1,382.80816650390625,0.00037466624558590844
4783,20230126,1,387.0154724121094,0.010990637808559356
4784,20230127,1,387.9046936035156,0.002297637316317269
4785,20230130,1,383.0377197265625,-0.012546829046435226
4786,20230131,1,388.66961669921875,0.014703243786738929
4787,20230201,1,392.8003234863281,0.010627809866357474
4788,20230202,1,398.51837158203125,0.014557136931436787
4789,20230203,1,394.2824401855469,-0.010629199802429823
4790,20230206,1,391.8728332519531,-0.006111372681116167
4791,20230207,1,396.9980163574219,0.013078689489489426
4792,20230208,1,392.6568603515625,-0.010934956415376562
4793,20230209,1,389.2529296875,-0.00866897030912639
4794,20230210,1,390.1612548828125,0.0023335089501874684
4795,20230213,1,394.7414245605469,0.01173917097203847
4796,20230214,1,394.5597229003906,-0.00046030552876108466
4797,20230215,1,395.84100341796875,0.0032473677448865423
4798,20230216,1,390.3907775878906,-0.013768724773373764
4799,20230217,1,389.41552734375,-0.0024981385322839778
4800,20230221,1,381.6034240722656,-0.02006109855138971
4801,20230222,1,381.0775451660156,-0.001378077011569001
4802,20230223,1,383.1046447753906,0.0053193887571933995
4803,20230224,1,379.01220703125,-0.01068229738258586
4804,20230227,1,380.30303955078125,0.0034057808576726245
4805,20230228,1,378.8974609375,-0.003695943674132951
4806,20230301,1,377.44403076171875,-0.003835945936890295
4807,20230302,1,380.37945556640625,0.0077771128046812965
4808,20230303,1,386.4800109863281,0.016038078110285348
4809,20230306,1,386.7477111816406,0.0006926624604188802
4810,20230307,1,380.8193664550781,-0.01532871315113793
4811,20230308,1,381.44085693359375,0.001631982334041604
4812,20230309,1,374.40338134765625,-0.018449716274527628
4813,20230310,1,369.0009460449219,-0.014429451153161188
4814,20230313,1,368.47503662109375,-0.0014252251368593871
4815,20230314,1,374.5659484863281,0.016530052947651086
4816,20230315,1,372.2232666015625,-0.006254390967018519
4817,20230316,1,378.7539978027344,0.017545198774913118
4818,20230317,1,374.32537841796875,-0.011692601029843597
4819,20230320,1,377.9247131347656,0.00961552415176592
4820,20230321,1,382.8870849609375,0.01313058303335235
4821,20230322,1,376.360107421875,-0.017046742487353383
4822,20230323,1,377.37762451171875,0.0027035731730811197
4823,20230324,1,379.85400390625,0.006562072665901697
4824,20230327,1,380.56427001953125,0.0018698397436309744
4825,20230328,1,379.7100524902344,-0.0022446078010766035
4826,20230329,1,385.22906494140625,0.014534807321999521
4827,20230330,1,387.484619140625,0.005855098704875328
4828,20230331,1,392.9461364746094,0.014094797739577558
4829,20230403,1,394.4434509277344,0.0038104826950544624
4830,20230404,1,392.25506591796875,-0.005548032308860806
4831,20230405,1,391.2279968261719,-0.0026183704967411847
4832,20230406,1,392.7541809082031,0.0039010093715490246
4833,20230410,1,393.1572570800781,0.0010262810466916683
4834,20230411,1,393.2628479003906,0.0002685714644992121
4835,20230412,1,391.6598815917969,-0.004076068505204367
4836,20230413,1,396.8621826171875,0.013282700807259795
4837,20230414,1,395.8927917480469,-0.0024426385571630904
4838,20230417,1,397.3133544921875,0.003588251096636963
4839,20230418,1,397.5725402832031,0.0006523460338927478
4840,20230419,1,397.5053405761719,-0.00016902502115312412
4841,20230420,1,395.33612060546875,-0.00545708384083321
4842,20230421,1,395.6432189941406,0.0007768032635153688
4843,20230424,1,396.0559997558594,0.0010433156488014461
4844,20230425,1,389.7690734863281,-0.015873831663721027
4845,20230426,1,388.1181640625,-0.004235609072473112
4846,20230427,1,395.8448181152344,0.019907993926020273
4847,20230428,1,399.2234802246094,0.0085353197888558
4848,20230501,1,398.8202819824219,-0.0010099562329366485
4849,20230502,1,394.3379211425781,-0.011239049372221532
4850,20230503,1,391.63116455078125,-0.006864053510131973
4851,20230504,1,388.8572692871094,-0.007082927802371519
4852,20230505,1,396.0559997558594,0.01851252641347667
4853,20230508,1,396.16156005859375,0.0002665287302792141
4854,20230509,1,394.4242248535156,-0.004385420950031471
4855,20230510,1,396.26715087890625,0.00467244633890096
4856,20230511,1,395.5760498046875,-0.001744028170606371
4857,20230512,1,395.0577392578125,-0.0013102677655305595
4858,20230515,1,396.4207458496094,0.0034501452733404214
4859,20230516,1,393.7715759277344,-0.006682722712196387
4860,20230517,1,398.5515441894531,0.012138936769260367
4861,20230518,1,402.3908996582031,0.0096332720942236
4862,20230519,1,401.80535888671875,-0.0014551541100500387
4863,20230522,1,401.968505859375,0.0004060348351457854
4864,20230523,1,397.45733642578125,-0.011222693738031198
4865,20230524,1,394.5777893066406,-0.007244921291516659
4866,20230525,1,397.9947814941406,0.008659869562106959
4867,20230526,1,403.1491394042969,0.012950817824308958
4868,20230530,1,403.30267333984375,0.0003808365702422378
4869,20230531,1,401.0663146972656,-0.005545112369472527
4870,20230601,1,404.8769226074219,0.00950119162471319
4871,20230602,1,410.7318115234375,0.014460910437448238
4872,20230605,1,409.9447937011719,-0.001916135541940367
4873,20230606,1,410.83740234375,0.002177387434340261
4874,20230607,1,409.4168395996094,-0.003457724968653264
4875,20230608,1,411.89324951171875,0.006048627395324413
4876,20230609,1,412.6323547363281,0.001794409657078777
4877,20230612,1,416.3756103515625,0.009071648338449645
4878,20230613,1,419.1208190917969,0.0065931064932369665
4879,20230614,1,419.6198425292969,0.0011906434010635625
4880,20230615,1,424.8221740722656,0.012397725311585006
4881,20230616,1,423.3751220703125,-0.0034062534638480413
4882,20230620,1,421.1785888671875,-0.005188148969131445
4883,20230621,1,419.0205993652344,-0.00512369232196086
4884,20230622,1,420.5331115722656,0.0036096368754245933
4885,20230623,1,417.3539123535156,-0.007559926034988784
4886,20230626,1,415.6487121582031,-0.004085741489031847
4887,20230627,1,420.2055969238281,0.010963307794132016
4888,20230628,1,420.4175720214844,0.000504455674098736
4889,20230629,1,422.0745849609375,0.0039413503376790615
4890,20230630,1,427.0553283691406,0.011800623836813351
4891,20230703,1,427.5466613769531,0.0011505137043690272
4892,20230705,1,426.9107971191406,-0.0014872394413387724
4893,20230706,1,423.5677795410156,-0.007830716863298393
4894,20230707,1,422.4984436035156,-0.0025245922592571635
4895,20230710,1,423.5677795410156,0.0025309819567134184
4896,20230711,1,426.26531982421875,0.006368615398759214
4897,20230712,1,429.6950378417969,0.008045970099074484
4898,20230713,1,433.1054382324219,0.007936792586096031
4899,20230714,1,432.835693359375,-0.0006228157146854763
4900,20230717,1,434.33868408203125,0.003472427865158334
4901,20230718,1,437.5660095214844,0.007430435182797623
4902,20230719,1,438.5390319824219,0.0022237158274738267
4903,20230720,1,435.62957763671875,-0.006634425064858895
4904,20230721,1,435.62957763671875,0.0
4905,20230724,1,437.5756530761719,0.004467271138958395
4906,20230725,1,438.770263671875,0.0027300664177838385
4907,20230726,1,438.8377380371094,0.00015378062467075182
4908,20230727,1,435.9282531738281,-0.006629978716723772
4909,20230728,1,440.19610595703125,0.009790264228414891
4910,20230731,1,441.0342102050781,0.0019039338074668954
4911,20230801,1,439.7721252441406,-0.002861648669727046
4912,20230802,1,433.65460205078125,-0.013910666097727842
4913,20230803,1,432.4117736816406,-0.002865940689348645
4914,20230804,1,430.4560852050781,-0.004522745668813277
4915,20230807,1,434.21331787109375,0.008728492394817877
4916,20230808,1,432.3251953125,-0.004348375512411851
4917,20230809,1,429.4349060058594,-0.006685451919015373
4918,20230810,1,429.58905029296875,0.00035894680416892477
4919,20230811,1,429.3385925292969,-0.0005830171032084053
4920,20230814,1,431.70849609375,0.005519894101510214
4921,20230815,1,426.6795959472656,-0.011648832932378284
4922,20230816,1,423.5486145019531,-0.007338015398560271
4923,20230817,1,420.32122802734375,-0.007619872581579368
4924,20230818,1,420.52349853515625,0.0004812283899193748
4925,20230821,1,423.259521484375,0.0065062308259808965
4926,20230822,1,422.11309814453125,-0.0027085588903545954
4927,20230823,1,426.8144836425781,0.011137738958380217
4928,20230824,1,420.8992614746094,-0.01385900056035183
4929,20230825,1,423.8664855957031,0.007049725178177146
4930,20230828,1,426.5544128417969,0.006341447926264232
4931,20230829,1,432.7201232910156,0.014454686819769247
4932,20230830,1,434.5024108886719,0.0041187998933380765
4933,20230831,1,433.8666076660156,-0.0014632904368835353
4934,20230901,1,434.67578125,0.0018650284896026825
4935,20230905,1,432.79718017578125,-0.00432184436136851
4936,20230906,1,429.8877258300781,-0.006722442933942974
4937,20230907,1,428.5679016113281,-0.0030701602754569235
4938,20230908,1,429.21331787109375,0.0015059836663897652
4939,20230911,1,432.0361328125,0.006576717971864099
4940,20230912,1,429.6661071777344,-0.005485711621704081
4941,20230913,1,430.1671447753906,0.0011661091933625745
4942,20230914,1,433.876220703125,0.008622406366416202
4943,20230915,1,428.64874267578125,-0.012048316496516609
4944,20230918,1,428.9000549316406,0.0005862894972945565
4945,20230919,1,428.0106201171875,-0.0020737577536447116
4946,20230920,1,424.0757751464844,-0.009193334898152217
4947,20230921,1,417.0664978027344,-0.016528360624534222
4948,20230922,1,416.1286926269531,-0.002248574701449235
4949,20230925,1,417.8785705566406,0.004205136441423507
4950,20230926,1,411.73944091796875,-0.014691180814785931
4951,20230927,1,411.9037780761719,0.0003991290167313366
4952,20230928,1,414.2917785644531,0.005797471679999111
4953,20230929,1,413.2862854003906,-0.0024270169385127716
4954,20231002,1,413.1219482421875,-0.00039763515995672183
4955,20231003,1,407.5918884277344,-0.013386022790566443
4956,20231004,1,410.55999755859375,0.007282061334215273
4957,20231005,1,410.4052429199219,-0.00037693550173456547
4958,20231006,1,415.2779235839844,0.011872851889987324
4959,20231009,1,417.9366455078125,0.006402271281079619
4960,20231010,1,420.1119079589844,0.005204766020287188
4961,20231011,1,421.8327941894531,0.0040962567303299835
4962,20231012,1,419.2611389160156,-0.006096385366099577
4963,20231013,1,417.1727600097656,-0.004981093434152872
4964,20231016,1,421.5621032714844,0.01052164398657296
4965,20231017,1,421.5427551269531,-4.589630894502594e-05
4966,20231018,1,415.9256896972656,-0.01332501949415743
4967,20231019,1,412.2711486816406,-0.008786523905952914
4968,20231020,1,407.2052001953125,-0.012287904459305499
4969,20231023,1,406.4993591308594,-0.0017333792989739916
4970,20231024,1,409.56414794921875,0.007539467774099862
4971,20231025,1,403.68597412109375,-0.014352266568151473
4972,20231026,1,398.85205078125,-0.011974464434559962
4973,20231027,1,397.04412841796875,-0.004532814510393002
4974,20231030,1,401.7911071777344,0.01195579639643607
4975,20231031,1,404.3144226074219,0.006280167441762963
4976,20231101,1,408.6263732910156,0.010664845087113184
4977,20231102,1,416.4573974609375,0.019164265161966787
4978,20231103,1,420.25689697265625,0.009123381010599285
4979,20231106,1,421.22369384765625,0.0023004902048351372
4980,20231107,1,422.4225158691406,0.0028460460296850787
4981,20231108,1,422.73193359375,0.0007324839775000314
4982,20231109,1,419.43511962890625,-0.007798828767954014
4983,20231110,1,425.9803161621094,0.015604788981413709
4984,20231113,1,425.57427978515625,-0.0009531810779693783
4985,20231114,1,433.8307189941406,0.019400700655952452
4986,20231115,1,434.74920654296875,0.002117156551195043
4987,20231116,1,435.28094482421875,0.001223092010858906
4988,20231117,1,435.8223876953125,0.0012438928869547006
4989,20231120,1,439.1771240234375,0.0076974850830067165
4990,20231121,1,438.2200012207031,-0.002179354867042904
4991,20231122,1,439.9118347167969,0.0038606943804047056
4992,20231124,1,440.1825866699219,0.0006154686729429315
4993,20231127,1,439.3898620605469,-0.0018008995207469125
4994,20231128,1,439.8248596191406,0.0009900036303838178
4995,20231129,1,439.51544189453125,-0.0007035021278181119
4996,20231130,1,441.2460632324219,0.003937566631176281
4997,20231201,1,443.8564453125,0.005915932849248184
4998,20231204,1,441.5264587402344,-0.005249414753063175
4999,20231205,1,441.4394836425781,-0.0001969872833995634
5000,20231206,1,439.6605529785156,-0.004029840397110629
5001,20231207,1,443.0152587890625,0.007630217875632006
5002,20231208,1,444.9198913574219,0.004299248232590314
5003,20231211,1,446.65045166015625,0.003889599760205309
5004,20231212,1,448.6903991699219,0.004567212463758574
5005,20231213,1,454.8779296875,0.01379020038990153
5006,20231214,1,456.3377685546875,0.00320929808177417
5007,20231215,1,455.5863952636719,-0.0016465288275291368
5008,20231218,1,458.1492004394531,0.005625289083309948
5009,20231219,1,460.9350891113281,0.006080745462837767
5010,20231220,1,454.54779052734375,-0.013857262627366751
5011,20231221,1,458.85772705078125,0.00948181162301398
5012,20231222,1,459.7799072265625,0.0020097300784458483
5013,20231226,1,461.7213439941406,0.004222535037011754
5014,20231227,1,462.55615234375,0.0018080349987459332
5015,20231228,1,462.7308654785156,0.00037771227099758775
5016,20231229,1,461.3913269042969,-0.002894854599408525
5017,20240102,1,458.8092041015625,-0.00559638348657121
5018,20240103,1,455.06231689453125,-0.00816654760526958
5019,20240104,1,453.5964660644531,-0.003221208998542169
5020,20240105,1,454.2177429199219,0.0013696686415112236
5021,20240108,1,460.70208740234375,0.014275850257934763
5022,20240109,1,460.0032043457031,-0.0015169956372050875
5023,20240110,1,462.604736328125,0.005655464913819852
5024,20240111,1,462.4009094238281,-0.00044060704158532804
5025,20240112,1,462.72113037109375,0.0006925179876151599
5026,20240116,1,461.0224304199219,-0.003671109529425509
5027,20240117,1,458.4597473144531,-0.005558695057710117
5028,20240118,1,462.5367431640625,0.008892810925040795
5029,20240119,1,468.30279541015625,0.012466149622298195
5030,20240122,1,469.29296875,0.002114386993945949
5031,20240123,1,470.66168212890625,0.0029165435453932798
5032,20240124,1,471.1761169433594,0.0010930033907290415
5033,20240125,1,473.7388000488281,0.0054389070526188465
5034,20240126,1,473.1370544433594,-0.0012702054495150605
5035,20240129,1,476.88397216796875,0.007919307290395139
5036,20240130,1,476.5151062011719,-0.0007734920616433438
5037,20240131,1,468.7396240234375,-0.0163173886337441
5038,20240201,1,474.8746032714844,0.013088245442933077
5039,20240202,1,479.873779296875,0.010527360256687768
5040,20240205,1,478.1264343261719,-0.003641259527168539
5041,20240206,1,479.5146179199219,0.0029033818130268507
5042,20240207,1,483.5139465332031,0.008340368497273154
5043,20240208,1,483.7275085449219,0.0004416873871995186
5044,20240209,1,486.5231628417969,0.005779399036627941
5045,20240212,1,486.30963134765625,-0.00043889276081610085
5046,20240213,1,479.6116943359375,-0.013772988606368997
5047,20240214,1,483.9702453613281,0.009087666286839324
5048,20240215,1,487.3094482421875,0.006899603669573429
5049,20240216,1,484.88262939453125,-0.004980036517679309
5050,20240220,1,482.2132263183594,-0.005505256147255944
5051,20240221,1,482.6500549316406,0.0009058826872427872
5052,20240222,1,492.6386413574219,0.020695297397606227
5053,20240223,1,492.97845458984375,0.0006897819291753482
5054,20240226,1,491.17291259765625,-0.0036625170438527865
5055,20240227,1,492.0853576660156,0.0018576860509953441
5056,20240228,1,491.43499755859375,-0.0013216408439921112
5057,20240229,1,493.20166015625,0.0035949059518203264
5058,20240301,1,497.8320007324219,0.009388331285634655
5059,20240304,1,497.29815673828125,-0.001072337642729293
5060,20240305,1,492.3280944824219,-0.009994129655451434
5061,20240306,1,494.82275390625,0.005067066965680045
5062,20240307,1,499.7345886230469,0.009926452811681807
5063,20240308,1,496.7351379394531,-0.006002087411756563
5064,20240311,1,496.3079833984375,-0.0008599241494925414
5065,20240312,1,501.64697265625,0.010757411600059497
5066,20240313,1,500.8606262207031,-0.0015675295145969326
5067,20240314,1,499.8705139160156,-0.001976821999681855
5068,20240315,1,496.4380798339844,-0.006866646434376289
5069,20240318,1,499.3885192871094,0.0059432174383393654
5070,20240319,1,502.16375732421875,0.00555727240400139
5071,20240320,1,506.808349609375,0.009249158700550097
5072,20240321,1,508.4832763671875,0.0033048523354113346
5073,20240322,1,507.5191345214844,-0.0018961131870282033
5074,20240325,1,506.1170959472656,-0.002762533427514313
5075,20240326,1,505.1822204589844,-0.00184715255771295
5076,20240327,1,509.4277038574219,0.00840386543014171
5077,20240328,1,509.330322265625,-0.0001911588063615577
5078,20240401,1,508.44427490234375,-0.0017396320708727986
5079,20240402,1,505.2115478515625,-0.006358075428034238
5080,20240403,1,505.7664794921875,0.0010984144028078902
5081,20240404,1,499.5930480957031,-0.012206090452421381
5082,20240405,1,504.812255859375,0.010446918313947506
5083,20240408,1,505.0946350097656,0.000559374593451345
5084,20240409,1,505.6788330078125,0.00115661097456643
5085,20240410,1,500.6154479980469,-0.010013045196391235
5086,20240411,1,504.3935241699219,0.007546862940373655
5087,20240412,1,497.431396484375,-0.01380296802383496
5088,20240415,1,491.1994323730469,-0.01252828863512212
5089,20240416,1,490.3035888671875,-0.0018237877465197005
5090,20240417,1,487.40185546875,-0.005918238137195275
5091,20240418,1,486.3989562988281,-0.0020576433156114238
5092,20240419,1,482.1534423828125,-0.008728460168420549
5093,20240422,1,486.59368896484375,0.009209198134285668
5094,20240423,1,492.3679504394531,0.01186670029957293
5095,20240424,1,492.13421630859375,-0.0004747143485898109
5096,20240425,1,490.2646179199219,-0.0037989603785231196
5097,20240426,1,494.9093933105469,0.009474017134525559
5098,20240429,1,496.6620788574219,0.003541427118913587
5099,20240430,1,488.79437255859375,-0.01584116572162686
5100,20240501,1,487.2071838378906,-0.00324715015108501
5101,20240502,1,491.76422119140625,0.009353387028529392
5102,20240503,1,497.8598327636719,0.012395394600887455
5103,20240506,1,503.00103759765625,0.01032661101709098
5104,20240507,1,503.5561218261719,0.001103544897574693
5105,20240508,1,503.6048583984375,9.678478754038267e-05
5106,20240509,1,506.50653076171875,0.005761803753262296
5107,20240510,1,507.1590270996094,0.0012882288741851156
5108,20240513,1,507.2270812988281,0.00013418710026313896
5109,20240514,1,509.554443359375,0.004588402603795005
5110,20240515,1,515.8641357421875,0.01238276393237614
5111,20240516,1,514.802734375,-0.0020575211449046504
5112,20240517,1,515.5428466796875,0.001437661953342273
5113,20240520,1,516.13671875,0.0011519354291060768
5114,20240521,1,517.402587890625,0.002452584934648172
5115,20240522,1,515.9127807617188,-0.002879396361313069
5116,20240523,1,512.14453125,-0.007304043730328114
5117,20240524,1,515.5330810546875,0.006616393611422522
5118,20240528,1,515.893310546875,0.000698751458297453
5119,20240529,1,512.2806396484375,-0.0070027480965160205
5120,20240530,1,508.8824768066406,-0.006633400872086304
5121,20240531,1,513.5174560546875,0.009108152587867568
5122,20240603,1,513.9360961914062,0.0008152403229582106
5123,20240604,1,514.5106811523438,0.0011180085718740518
5124,20240605,1,520.6256103515625,0.011884941213510247
5125,20240606,1,520.6158447265625,-1.8757481010989174e-05
5126,20240607,1,519.9829711914062,-0.0012156248058271535
5127,20240610,1,521.589599609375,0.00308977121748355
5128,20240611,1,522.8457641601562,0.002408338954078104
5129,20240612,1,527.1398315429688,0.008212875913243822
5130,20240613,1,528.2012329101562,0.0020135100853235777
5131,20240614,1,528.522705078125,0.0006086168451322482
5132,20240617,1,532.7291259765625,0.007958827233005561
5133,20240618,1,534.0826416015625,0.002540720150261855
5134,20240620,1,532.6317138671875,-0.0027166727044789507
5135,20240621,1,531.9176635742188,-0.0013406079179634212
5136,20240624,1,530.1886596679688,-0.0032505104166534737
5137,20240625,1,532.2302856445312,0.003850753763464221
5138,20240626,1,532.89453125,0.001248041728148408
5139,20240627,1,533.7346801757812,0.0015765763702069169
5140,20240628,1,531.6343994140625,-0.003935065191992049
5141,20240701,1,532.728515625,0.002058023732368186
5142,20240702,1,536.3136596679688,0.006729776870987747
5143,20240703,1,538.7069091796875,0.00446240640822082
5144,20240705,1,541.8134155273438,0.005766598301823578
5145,20240708,1,542.4386596679688,0.001153984236467176
5146,20240709,1,542.9661254882812,0.0009723971750748017
5147,20240710,1,548.3389282226562,0.009895281643110376
5148,20240711,1,543.61083984375,-0.008622565598673693
5149,20240712,1,547.0397338867188,0.0063076263231880425
5150,20240715,1,548.5441284179688,0.002750064461609192
5151,20240716,1,551.797119140625,0.0059302261279106094
5152,20240717,1,544.0601806640625,-0.014021346266925194
5153,20240718,1,539.8792114257812,-0.007684755082017047
5154,20240719,1,536.2941284179688,-0.006640527977257338
5155,20240722,1,541.8232421875,0.010309853262503
5156,20240723,1,540.9732666015625,-0.0015687322354536182
5157,20240724,1,528.7135620117188,-0.022662311331685947
5158,20240725,1,525.9586791992188,-0.005210539336304998
5159,20240726,1,531.8493041992188,0.0111997866618887
5160,20240729,1,532.161865234375,0.0005876872126906463
5161,20240730,1,529.4658203125,-0.005066212177168294
5162,20240731,1,538.0718994140625,0.016254267549287826
5163,20240801,1,530.4524536132812,-0.01416064620560653
5164,20240802,1,520.5762329101562,-0.01861848434454616
5165,20240805,1,505.4151306152344,-0.029123692816645508
5166,20240806,1,510.0747985839844,0.009219486490398277
5167,20240807,1,506.6654968261719,-0.0066839251170162095
5168,20240808,1,518.378173828125,0.023117179036905133
5169,20240809,1,520.6641235351562,0.004409810872533448
5170,20240812,1,520.9376831054688,0.000525405070076923
5171,20240813,1,529.5048217773438,0.016445611346070477
5172,20240814,1,531.1752319335938,0.0031546646745219675
5173,20240815,1,540.2798461914062,0.017140509779926427
5174,20240816,1,541.4910888671875,0.0022418801743571137
5175,20240819,1,546.66845703125,0.00956131738916266
5176,20240820,1,545.779541015625,-0.0016260605567995912
5177,20240821,1,547.6551513671875,0.003436571382049669
5178,20240822,1,543.3568725585938,-0.00784851342649362
5179,20240823,1,549.1302490234375,0.010625385922989672
5180,20240826,1,547.8212280273438,-0.0023838078459922363
5181,20240827,1,548.5733032226562,0.0013728478504213548
5182,20240828,1,545.3888549804688,-0.005804963937326324
5183,20240829,1,545.4375610351562,8.930518884420202e-05
5184,20240830,1,550.6444091796875,0.009546185515074246
5185,20240903,1,539.3128051757812,-0.020578805150836432
5186,20240904,1,538.2088012695312,-0.0020470567278486618
5187,20240905,1,536.8997192382812,-0.002432293987318923
5188,20240906,1,527.8637084960938,-0.016829978520024547
5189,20240909,1,533.773681640625,0.01119602096035166
5190,20240910,1,536.0986938476562,0.004355801507269996
5191,20240911,1,541.5986328125,0.010259191130218781
5192,20240912,1,546.1605834960938,0.008423120752546476
5193,20240913,1,549.0130004882812,0.005222670911050553
5194,20240916,1,549.8238525390625,0.0014769268670506985
5195,20240917,1,550.0485229492188,0.000408622523593305
5196,20240918,1,548.4171752929688,-0.0029658249921354907
5197,20240919,1,557.7755126953125,0.01706426753929513
5198,20240920,1,556.8114013671875,-0.001728493464093095
5199,20240923,1,558.2028198242188,0.002498904393147816
5200,20240924,1,559.7999877929688,0.0028612681843007692
5201,20240925,1,558.5652465820312,-0.002205682811472598
5202,20240926,1,560.77978515625,0.003964690943036642
5203,20240927,1,559.9664916992188,-0.0014502902539623719
5204,20240930,1,562.2103881835938,0.004007197783506555
5205,20241001,1,557.1738891601562,-0.00895838840635721
5206,20241002,1,557.4090576171875,0.0004220737216988901
5207,20241003,1,556.3900146484375,-0.0018281779867485026
5208,20241004,1,561.4461669921875,0.009087424667289845
5209,20241007,1,556.370361328125,-0.009040591890144833
5210,20241008,1,561.6322631835938,0.009457552416897164
5211,20241009,1,565.5223999023438,0.006926483704299491
5212,20241010,1,564.53271484375,-0.0017500368840644986
5213,20241011,1,567.9132080078125,0.005988126241714964
5214,20241014,1,572.5578002929688,0.008178348768201893
5215,20241015,1,568.1093139648438,-0.007769497377991819
5216,20241016,1,570.5784912109375,0.004346306574101622
5217,20241017,1,570.6275024414062,8.589743781750592e-05
5218,20241018,1,572.8223876953125,0.0038464414079508735
5219,20241021,1,571.8817749023438,-0.0016420670930010761
5220,20241022,1,571.5780029296875,-0.00053117967032279
5221,20241023,1,566.3552856445312,-0.009137365781024864
5222,20241024,1,567.5802001953125,0.0021628023642212835
5223,20241025,1,567.3841552734375,-0.00034540479355615883
5224,20241028,1,569.1381225585938,0.003091322288178766
5225,20241029,1,570.0592041015625,0.0016183796278272933
5226,20241030,1,568.3345947265625,-0.0030253162524023214
5227,20241031,1,557.1935424804688,-0.019602980971893724
5228,20241101,1,559.5452270507812,0.004220588343223586
5229,20241104,1,558.3399047851562,-0.0021541105300423302
5230,20241105,1,565.0912475585938,0.012091814888343544
5231,20241106,1,579.1425170898438,0.024865487816271736
5232,20241107,1,583.6207275390625,0.007732484348967228
5233,20241108,1,586.1486206054688,0.004331396996583026
5234,20241111,1,586.707275390625,0.0009530940882862549
5235,20241112,1,584.8846435546875,-0.0031065437781114813
5236,20241113,1,585.1688842773438,0.00048597740732048145
5237,20241114,1,581.4061279296875,-0.006430205789740628
5238,20241115,1,573.9591064453125,-0.012808639480448747
5239,20241118,1,576.310791015625,0.0040973033512390344
5240,20241119,1,578.41748046875,0.0036554745910837294
5241,20241120,1,578.6134643554688,0.00033882773833160407
5242,20241121,1,581.7196044921875,0.005368247246335223
5243,20241122,1,583.5225830078125,0.003099394453447868
5244,20241125,1,585.501953125,0.0033921054211556445
5245,20241126,1,588.5591430664062,0.00522148547086676
5246,20241127,1,586.7758178710938,-0.003029984694522536
5247,20241129,1,590.4208374023438,0.006211945721408041
5248,20241202,1,591.4791259765625,0.0017924309359995672
5249,20241203,1,591.7535400390625,0.00046394547237316175
5250,20241204,1,595.427978515625,0.006209406835690379
5251,20241205,1,594.4481811523438,-0.0016455346383350555
5252,20241206,1,595.5750122070312,0.0018955917276137768
5253,20241209,1,592.5079345703125,-0.0051497755511149546
5254,20241210,1,590.6658935546875,-0.003108888350939698
5255,20241211,1,595.2320556640625,0.007730532876877971
5256,20241212,1,592.1651000976562,-0.00515253763170509
5257,20241213,1,592.0474853515625,-0.000198618165903941
5258,20241216,1,594.5755615234375,0.004270056430311087
5259,20241217,1,592.1259155273438,-0.004119991056842687
5260,20241218,1,574.4784545898438,-0.029803561159425507
5261,20241219,1,574.302001953125,-0.0003071527492615189
5262,20241220,1,581.199951171875,0.012011013709321894
5263,20241223,1,584.680419921875,0.00598841886167123
5264,20241224,1,591.1791381835938,0.011114992122683187
5265,20241226,1,591.2184448242188,6.648854481872135e-05
5266,20241227,1,584.9949340820312,-0.010526584203640499
5267,20241230,1,578.3192749023438,-0.011411482033024556
5268,20241231,1,576.2152709960938,-0.00363813553785719
5269,20250102,1,574.799560546875,-0.002456912408398071
5270,20250103,1,581.9864501953125,0.012503297047756545
5271,20250106,1,585.339111328125,0.005760720256781537
5272,20250107,1,578.722412109375,-0.0113040442551956
5273,20250108,1,579.56787109375,0.0014609058966514876
5274,20250110,1,570.7192993164062,-0.015267533310024395
5275,20250113,1,571.6041870117188,0.0015504779606583252
5276,20250114,1,572.3907470703125,0.001376057202634895
5277,20250115,1,582.802490234375,0.018189922211973686
5278,20250116,1,581.6817016601562,-0.0019231018964384061
5279,20250117,1,587.521728515625,0.010039901270404217
5280,20250121,1,592.8995971679688,0.009153480443916395
5281,20250122,1,596.2325439453125,0.005621435388493801
5282,20250123,1,599.4868774414062,0.005458161465926592
5283,20250124,1,597.7367553710938,-0.0029193667721001404
5284,20250127,1,589.2815551757812,-0.014145357666793035
5285,20250128,1,594.3449096679688,0.008592419782555538
5286,20250129,1,591.6804809570312,-0.004482967158625062
5287,20250130,1,594.8561401367188,0.0053671859760371365
5288,20250131,1,591.6903076171875,-0.005322013686878346
5289,20250203,1,587.70849609375,-0.0067295534034903515
5290,20250204,1,591.6510009765625,0.006708265932884538
5291,20250205,1,594.0498657226562,0.004054526641777523
5292,20250206,1,596.114501953125,0.0034755268027157893
5293,20250207,1,590.6580200195312,-0.009153412499974367
5294,20250210,1,594.6693115234375,0.006791224986284927
5295,20250211,1,595.12158203125,0.0007605411933127026
5296,20250212,1,593.2044067382812,-0.003221485072722685
5297,20250213,1,599.4672241210938,0.010557604278849553
5298,20250214,1,599.4376831054688,-4.927878362037674e-05
5299,20250218,1,601.197509765625,0.0029357958462659095
5300,20250219,1,602.61328125,0.002354919076306361
5301,20250220,1,600.1062622070312,-0.004160245253420958
5302,20250221,1,589.842041015625,-0.01710400613660845
5303,20250224,1,587.157958984375,-0.004550509873166075
5304,20250225,1,584.2379150390625,-0.004973182941032439
5305,20250226,1,584.5328369140625,0.0005047975617609168
5306,20250227,1,575.2025756835938,-0.015961911190013223
5307,20250228,1,584.178955078125,0.015605596661077747
5308,20250303,1,573.9441528320312,-0.01751997766630431
5309,20250304,1,567.1504516601562,-0.011836867992038314
5310,20250305,1,573.2460327148438,0.010747731993943743
5311,20250306,1,563.0703125,-0.017751052138385348
5312,20250307,1,566.2262573242188,0.005604885844907148
5313,20250310,1,551.1444702148438,-0.026635619444153158
5314,20250311,1,546.5629272460938,-0.00831278043479966
5315,20250312,1,549.4632568359375,0.005306487954566119
5316,20250313,1,542.138671875,-0.013330436330021067
5317,20250314,1,553.3369750976562,0.0206557912275962
5318,20250317,1,557.6039428710938,0.00771133679017999
5319,20250318,1,551.5770874023438,-0.010808487898628982
5320,20250319,1,557.5842895507812,0.010890956650734918
5321,20250320,1,555.9718627929688,-0.0028918080871890295
5322,20250321,1,556.1552734375,0.0003298919546212975
5323,20250324,1,566.1151733398438,0.01790848775160092
5324,20250325,1,567.4760131835938,0.0024038215328545665
5325,20250326,1,560.7013549804688,-0.011938228305225729
5326,20250327,1,559.2123413085938,-0.0026556270261320902
5327,20250328,1,547.95068359375,-0.020138428433983946
5328,20250331,1,551.6289672851562,0.006712800625198856
5329,20250401,1,553.18701171875,0.002824442743211364
5330,20250402,1,556.687744140625,0.006328298292829215
5331,20250403,1,529.2537841796875,-0.04928069685329273
5332,20250404,1,498.26971435546875,-0.05854293488376705
5333,20250407,1,497.3821716308594,-0.001781249590409928
5334,20250408,1,489.591796875,-0.01566275431689801
5335,20250409,1,541.0084228515625,0.10501937798947614
5336,20250410,1,517.3018798828125,-0.04381917539064717
5337,20250411,1,526.5320434570312,0.017842895866355013
5338,20250414,1,531.64013671875,0.00970139106478829
5339,20250415,1,530.151123046875,-0.0028007924327630995
5340,20250416,1,518.3668823242188,-0.022228078391931083
5341,20250417,1,519.1064453125,0.0014267172797870487
5342,20250421,1,506.7503662109375,-0.023802592345244733
5343,20250422,1,519.9348754882812,0.02601775974219156
5344,20250423,1,527.991455078125,0.015495362918822586
5345,20250424,1,539.1051635742188,0.02104903098185429
5346,20250425,1,543.0003662109375,0.007225311311978455
5347,20250428,1,543.2073974609375,0.000381272763119167
5348,20250429,1,546.6293334960938,0.006299501905075555
5349,20250430,1,546.8462524414062,0.0003968300492129817
5350,20250501,1,550.7216186523438,0.007086756457844956
5351,20250502,1,558.8966674804688,0.014844248983960195
5352,20250505,1,555.6918334960938,-0.005734215590911473
5353,20250506,1,551.047119140625,-0.00835843551316362
5354,20250507,1,553.3645629882812,0.00420552756227166
5355,20250508,1,557.22021484375,0.006967652273661029
5356,20250509,1,556.5103149414062,-0.0012740024202869682
5357,20250512,1,574.9014892578125,0.03304731973987329
5358,20250513,1,578.6981811523438,0.006604073855214221
5359,20250514,1,579.437744140625,0.0012779770394448775
5360,20250515,1,582.2678833007812,0.004884285134641564
5361,20250516,1,585.9559936523438,0.006334043929497213
5362,20250519,1,586.596923828125,0.0010938196429841618
5363,20250520,1,584.6246337890625,-0.0033622577257844677
5364,20250521,1,574.7733154296875,-0.0168506727051968
5365,20250522,1,575.000244140625,0.00039481427694298965
5366,20250523,1,571.0753173828125,-0.006825956680555079
5367,20250527,1,582.9482421875,0.020790470964670682
5368,20250528,1,579.5757446289062,-0.005785243550848529
5369,20250529,1,581.863525390625,0.003947336966600545
5370,20250530,1,581.2127685546875,-0.0011184011499958402
5371,20250602,1,584.4866943359375,0.005632921295571913
5372,20250603,1,587.8197631835938,0.005702557269405606
5373,20250604,1,587.6619873046875,-0.0002684085986693896
5374,20250605,1,584.8218994140625,-0.004832859623354335
5375,20250606,1,590.8275756835938,0.010269239704512323
5376,20250609,1,591.3599243164062,0.0009010219812379816
5377,20250610,1,594.7128295898438,0.005669821601985259
5378,20250611,1,593.0166625976562,-0.002852077351950366
5379,20250612,1,595.37353515625,0.003974378305442006
5380,20250613,1,588.7171020507812,-0.011180263670473423
5381,20250616,1,594.318359375,0.009514344503849026
5382,20250617,1,589.2398071289062,-0.00854517139843114
5383,20250618,1,589.1510009765625,-0.0001507130904417897
5384,20250620,1,587.7673950195312,-0.002348474253184407
5385,20250623,1,593.5730590820312,0.009877485739587577
5386,20250624,1,600.1304321289062,0.011047288866202987
5387,20250625,1,600.4666748046875,0.000560282661534961
5388,20250626,1,605.16455078125,0.007823708081869052
5389,20250627,1,608.1712646484375,0.004968423651560361
5390,20250630,1,611.0791015625,0.004781279687299023
5391,20250701,1,610.8812866210938,-0.0003237141327537829
5392,20250702,1,613.650634765625,0.004533365492089381
5393,20250703,1,618.4869995117188,0.007881299997254843
5394,20250707,1,613.8780517578125,-0.007451971921066947
5395,20250708,1,613.5418090820312,-0.0005477352950125081
5396,20250709,1,617.2210693359375,0.00599675555837198
5397,20250710,1,618.9617309570312,0.0028201591092256173
5398,20250711,1,616.7858276367188,-0.0035154084840562927
5399,20250714,1,617.9628295898438,0.0019082830706971254
5400,20250715,1,615.3220825195312,-0.004273310535627517
5401,20250716,1,617.3792724609375,0.0033432733845384366
5402,20250717,1,621.1573486328125,0.006119538410830128
5403,20250718,1,620.7024536132812,-0.0007323346017438226
5404,20250721,1,621.87939453125,0.001896143492131186
5405,20250722,1,621.9683837890625,0.00014309729281114514
5406,20250723,1,627.2598266601562,0.008507575318954297
5407,20250724,1,627.4674072265625,0.0003309323466664793
5408,20250725,1,630.1181030273438,0.004224435835635587
5409,20250728,1,629.9598388671875,-0.0002511658677887274
5410,20250729,1,628.29833984375,-0.0026374681700745972
5411,20250730,1,627.5070190429688,-0.0012594666428340506
5412,20250731,1,625.1531372070312,-0.003751164153554032
5413,20250801,1,614.9066772460938,-0.01639031998897922
5414,20250804,1,624.2530517578125,0.015199663392138074
5415,20250805,1,621.088134765625,-0.005069926343612585
5416,20250806,1,625.845458984375,0.007659660445043404
5417,20250807,1,625.3212280273438,-0.000837636431655131
5418,20250808,1,630.1972045898438,0.007797554830949682
5419,20250811,1,628.9509887695312,-0.0019775013459851776
5420,20250812,1,635.6468505859375,0.010646078845516938
5421,20250813,1,637.82275390625,0.003423132386020322
5422,20250814,1,637.882080078125,9.301357079483097e-05
5423,20250815,1,636.388671875,-0.0023411979263346927
5424,20250818,1,636.2501220703125,-0.00021771255650937515
5425,20250819,1,632.7984008789062,-0.00542510102815319
5426,20250820,1,631.1170043945312,-0.002657080804944645
5427,20250821,1,628.5851440429688,-0.004011713095880665
5428,20250822,1,638.2380981445312,0.015356637351427116
5429,20250825,1,635.4292602539062,-0.004400924825375907
5430,20250826,1,638.0897216796875,0.004186872705103539
5431,20250827,1,639.543701171875,0.002278644276482167
5432,20250828,1,641.8085327148438,0.003541324132844581
5433,20250829,1,637.9810180664062,-0.005963639392962183
5434,20250902,1,633.2533569335938,-0.007410347641911175
5435,20250903,1,636.6853637695312,0.005419642546478309
5436,20250904,1,642.00634765625,0.008357320883294106
5437,20250905,1,640.14697265625,-0.0028961941058495144
5438,20250908,1,641.7195434570312,0.0024565777359784047
5439,20250909,1,643.203125,0.0023118846201510834
5440,20250910,1,645.0625,0.002890805295761023
5441,20250911,1,650.4232177734375,0.008310385076542914
5442,20250912,1,650.2054443359375,-0.0003348180562272596
5443,20250915,1,653.6671142578125,0.0053239632981088025
5444,20250916,1,652.7671508789062,-0.0013767915798059693
5445,20250917,1,651.9561157226562,-0.001242457061691904
5446,20250918,1,655.0023803710938,0.004672499536354291
5447,20250919,1,658.2465209960938,0.004952868450893266
5448,20250922,1,661.3607177734375,0.004731049353107419
5449,20250923,1,657.7606201171875,-0.005443470649980853
5450,20250924,1,655.6678466796875,-0.0031816642308674092
5451,20250925,1,652.6429443359375,-0.004613467564511753
5452,20250926,1,656.3819580078125,0.0057290340826092745
5453,20250929,1,658.2266845703125,0.0028104467833012237
5454,20250930,1,660.7061157226562,0.003766834755358328
5455,20251001,1,662.95751953125,0.0034075722246513784
5456,20251002,1,663.7210693359375,0.0011517326256851312
5457,20251003,1,663.7113037109375,-1.4713447336833774e-05
5458,20251006,1,666.0914916992188,0.0035861796762737264
5459,20251007,1,663.6219482421875,-0.0037075138893177817
5460,20251008,1,667.5791625976562,0.005963055269571305
5461,20251009,1,665.6452026367188,-0.002896974724933221
5462,20251010,1,647.6542358398438,-0.027027862178845674
5463,20251013,1,657.5919189453125,0.015344118135168339
5464,20251014,1,656.78857421875,-0.0012216462876413203
5465,20251015,1,659.7044067382812,0.004439529909605389
5466,20251016,1,655.2116088867188,-0.006810319600221937
5467,20251017,1,658.9308471679688,0.005676392528467966
5468,20251020,1,665.7840576171875,0.010400500262923273
5469,20251021,1,665.7741088867188,-1.494287878323064e-05
5470,20251022,1,662.3128051757812,-0.005198916065879078
5471,20251023,1,666.2402954101562,0.005929962705964353
5472,20251024,1,671.6851806640625,0.008172554694480416
5473,20251027,1,679.6095581054688,0.011797755361480311
5474,20251028,1,681.41455078125,0.002655925971395856
5475,20251029,1,681.7418823242188,0.0004803706386860007
5476,20251030,1,674.2440185546875,-0.010998097614260183
5477,20251031,1,676.4556274414062,0.0032801312668069293
5478,20251103,1,677.72509765625,0.0018766496475834948
5479,20251104,1,669.691650390625,-0.011853548427536165
5480,20251105,1,672.012451171875,0.003465476656154154
5481,20251106,1,664.8021850585938,-0.010729363869237507
5482,20251107,1,665.4567260742188,0.000984565078659072
5483,20251110,1,675.8406982421875,0.015604278627143309
5484,20251111,1,677.387939453125,0.002289357854538432
5485,20251112,1,677.7648315429688,0.0005563903162315587
5486,20251113,1,666.5180053710938,-0.016593994920437227
5487,20251114,1,666.4088134765625,-0.0001638243733123046
5488,20251117,1,660.2003173828125,-0.009316347515515466
5489,20251118,1,654.65625,-0.008397553343794883
5490,20251119,1,657.185302734375,0.0038631766432766224
5491,20251120,1,647.1683349609375,-0.015242227316648038
5492,20251121,1,653.6148681640625,0.009961138168965045
5493,20251124,1,663.2351684570312,0.014718606876234608
5494,20251125,1,669.4735717773438,0.009406020092127543
5495,20251126,1,674.09521484375,0.006903398821459961
5496,20251128,1,677.7747192382812,0.0054584342293309
5497,20251201,1,674.6803588867188,-0.004565470301164498
5498,20251202,1,675.9299926757812,0.0018521864059071191
5499,20251203,1,678.2706298828125,0.003462839691083186
5500,20251204,1,678.7664794921875,0.0007310498015529188
5501,20251205,1,680.0557861328125,0.0018994848443159018
5502,20251208,1,678.0126953125,-0.003004298856025711
5503,20251209,1,677.4276123046875,-0.0008629381305947925
5504,20251210,1,681.92041015625,0.00663214455678518
5505,20251211,1,683.5072021484375,0.0023269460314641055
5506,20251212,1,676.1581420898438,-0.010751986278262682
5507,20251215,1,675.1365966796875,-0.0015108084138407696
5508,20251216,1,673.2918701171875,-0.002732375302379353
5509,20251217,1,665.8832397460938,-0.011003593983400228
5510,20251218,1,670.9115600585938,0.0075513543702006025
5511,20251219,1,676.9923095703125,0.009063414425573013
5512,20251222,1,681.2098999023438,0.00622989400678442
5513,20251223,1,684.3233032226562,0.0045704023396588855
5514,20251224,1,686.7305297851562,0.003517674396244841
5515,20251226,1,686.660888671875,-0.00010140966545213459
5516,20251229,1,684.2138671875,-0.0035636535074947684
5517,20251230,1,683.3783569335938,-0.0012211244085722495
5518,20251231,1,678.3152465820312,-0.0074089416209803804
5519,20260102,1,679.55859375,0.0018329931020035772
5520,20260105,1,684.0845336914062,0.006660117292359935
5521,20260106,1,688.1529541015625,0.0059472480516442605
5522,20260107,1,685.9347534179688,-0.003223412281198157
5523,20260108,1,685.8651123046875,-0.00010152731427326422
5524,20260109,1,690.4010009765625,0.006613382996888628
5525,20260112,1,691.4852294921875,0.00157043300066384
5526,20260113,1,690.1026000976562,-0.0019995067653818532
5527,20260114,1,686.7106323242188,-0.0049151644595419874
5528,20260115,1,688.5806884765625,0.002723208385480236
5529,20260116,1,688.0037231445312,-0.000837905189162047
5530,20260120,1,673.9981689453125,-0.02035680001149731
5531,20260121,1,681.77685546875,0.0115411092816613
5532,20260122,1,685.3379516601562,0.005223257672714476
5533,20260123,1,685.5865478515625,0.00036273518897367296
5534,20260126,1,689.0680541992188,0.005078142735685631
5535,20260127,1,691.8134765625,0.0039842543077575066
5536,20260128,1,691.7438354492188,-0.0001006645803248718
5537,20260129,1,690.3711547851562,-0.001984377154833794
5538,20260130,1,688.3120727539062,-0.002982572514766746
5539,20260202,1,691.7339477539062,0.004971400525214165
5540,20260203,1,685.885009765625,-0.008455473390127866
5541,20260204,1,682.5626831054688,-0.004843853725993386
5542,20260205,1,674.0379638671875,-0.012489284060324235
5543,20260206,1,686.96923828125,0.01918478647681998
5544,20260209,1,690.2816772460938,0.004821815563577747
5545,20260210,1,688.4613037109375,-0.0026371459581814305
5546,20260211,1,688.3021850585938,-0.00023112214366449724
5547,20260212,1,677.668701171875,-0.01544885969788623
5548,20260213,1,678.1461181640625,0.0007044991031190939
5549,20260217,1,679.2402954101562,0.0016134830190519533
5550,20260218,1,682.662109375,0.005037707550576753
5551,20260219,1,680.8616333007812,-0.002637433731113581
5552,20260220,1,685.7855834960938,0.007231939581382241
5553,20260223,1,678.7827758789062,-0.010211366038766267
5554,20260224,1,683.7164916992188,0.00726847527019836
5555,20260225,1,689.4859008789062,0.008438306300538434
5556,20260226,1,685.6561889648438,-0.005554445579207146
5557,20260227,1,682.3637084960938,-0.004801940858611298
5558,20260302,1,682.751708984375,0.0005686124327104469
5559,20260303,1,676.7337036132812,-0.008814339520359149
5560,20260304,1,681.5082397460938,0.00705526576749449
5561,20260305,1,677.70849609375,-0.005575491873376914
5562,20260306,1,668.82568359375,-0.01310712873041986
5563,20260309,1,674.6845703125,0.00875996072290297
5564,20260310,1,673.6002807617188,-0.0016071058958396778
5565,20260311,1,672.7548217773438,-0.0012551345486657706
5566,20260312,1,662.5390625,-0.015184966271003186
5567,20260313,1,658.7890014648438,-0.00566013575260893
5568,20260316,1,665.493408203125,0.01017686501045656
5569,20260317,1,667.2440185546875,0.002630544991105488
5570,20260318,1,657.9335327148438,-0.013953644515257158
5571,20260319,1,656.3121948242188,-0.002464288275344284
5572,20260320,1,646.9034423828125,-0.014335787930812693
5573,20260323,1,653.6959228515625,0.010499991225476402
5574,20260324,1,651.5015869140625,-0.0033568144771775055
5575,20260325,1,655.1322021484375,0.0055726882440485515
5576,20260326,1,643.432373046875,-0.017858729983344035
5577,20260327,1,632.4606323242188,-0.01705189415742525
5578,20260330,1,630.3460693359375,-0.0033433906874337227
5579,20260331,1,648.6688842773438,0.029067865784757174
5580,20260401,1,653.5562744140625,0.00753449141030349
5581,20260402,1,654.144775390625,0.0009004595313388819
5582,20260406,1,657.23681640625,0.004726845083763864
5583,20260407,1,657.5260009765625,0.0004400005646272298
5584,20260408,1,674.27294921875,0.02546963651219092
5585,20260409,1,678.162841796875,0.005769017699185586
5586,20260410,1,677.7140502929688,-0.0006617754265585418
5587,20260413,1,684.3369750976562,0.009772447246481741
5588,20260414,1,692.675537109375,0.012184877209840739
5589,20260415,1,698.1414184570312,0.007890969227043909
5590,20260416,1,699.8569946289062,0.002457347646937613
5591,20260417,1,708.3152465820312,0.012085686101644066
5592,20260420,1,706.8988037109375,-0.0019997351150194964
5593,20260421,1,702.2708129882812,-0.006546892848539487
5594,20260422,1,709.3825073242188,0.01012671209511895
5595,20260423,1,706.6295776367188,-0.0038807408683984024
5596,20260424,1,712.10546875,0.007749309237231605
5597,20260427,1,713.332275390625,0.001722787837563633
5598,20260428,1,709.8612060546875,-0.004865992267119479
5599,20260429,1,709.7515258789062,-0.00015450932498595193
5600,20260430,1,716.8132934570312,0.009949633527564838
5601,20260501,1,718.7982177734375,0.0027690952923506984
5602,20260504,1,716.1649780273438,-0.0036633921467564834
5603,20260505,1,721.9102172851562,0.008022228723942426
5604,20260506,1,731.9443359375,0.013899399692774095
5605,20260507,1,729.7001342773438,-0.0030660824190705815
5606,20260508,1,735.724609375,0.00825609701116825
5607,20260511,1,737.4002685546875,0.002277563042387465
5608,20260512,1,736.2831420898438,-0.0015149526145865622
5609,20260513,1,740.4025268554688,0.00559483781461112
5610,20260514,1,746.2474975585938,0.0078943149045545
5611,20260515,1,737.2706298828125,-0.012029343756796207
5612,20260518,1,736.751953125,-0.0007035093177317764
5613,20260519,1,731.8446044921875,-0.0066607880874933745
5614,20260520,1,739.3452758789062,0.010248994582563453
5615,20260521,1,740.8114624023438,0.0019830877010671433
5616,20260522,1,743.7239990234375,0.003931549076803931
5617,20260526,1,748.6613159179688,0.006638641352187502
5618,20260527,1,748.5316162109375,-0.0001732421647460125
5619,20260528,1,752.6609497070312,0.005516578600909927
5620,20260529,1,754.5361328125,0.0024914048034492264
5621,20260601,1,756.5908203125,0.0027231134609038143
5622,20260602,1,757.6182250976562,0.0013579397972762752
5623,20260603,1,752.3018798828125,-0.00701718232049986
5624,20260604,1,755.1445922851562,0.0037786857621391334
5625,20260605,1,735.65478515625,-0.025809371248925683
5626,20260608,1,737.3204345703125,0.002264172608771542
5627,20260609,1,735.1560668945312,-0.0029354505508077944
5628,20260610,1,723.56591796875,-0.015765562508027298
5629,20260611,1,735.8642578125,0.016996847886747934
5630,20260612,1,739.843994140625,0.005408247901529384
5631,20260615,1,752.890380859375,0.01763396989375332
5632,20260616,1,748.4019775390625,-0.005961562844234103
5633,20260617,1,739.0560302734375,-0.012487870885051433
5634,20260618,1,746.739990234375,0.010396992441959574
5635,20260622,1,744.3900146484375,-0.003146979693962715
5636,20260623,1,733.5800170898438,-0.014521954010491611
5637,20260624,1,733.239990234375,-0.0004635170636431152
5638,20260625,1,734.2999877929688,0.0014456352254532678
5639,20260626,1,728.989990234375,-0.007231373616869652
5640,20260629,1,741.0,0.016474862380159383
5641,20260630,1,746.77001953125,0.007786800986842035
5642,20260701,1,745.760009765625,-0.001352504438058455
5643,20260702,1,744.780029296875,-0.001314069480687241
5644,20260706,1,751.280029296875,0.008727409093039817
5645,20260707,1,747.7100219726562,-0.004751899671231685
5646,20260708,1,745.4000244140625,-0.0030894297130047432
5647,20260709,1,751.7100219726562,0.00846525000257925
5648,20260710,1,754.9500122070312,0.0043101596888019955
5649,20260713,1,749.1699829101562,-0.007656174850540931
5650,20260714,1,751.8300170898438,0.00355064169730146
5651,20260715,1,754.8099975585938,0.003963635929681075
5652,20260716,1,750.719970703125,-0.005418617756386079
5653,20260717,1,743.2899780273438,-0.009897156017872222
5654,20260720,1,742.0900268554688,-0.0016143782471810253
5655,20260721,1,748.280029296875,0.008341309298597777
5656,20260722,1,747.4099731445312,-0.0011627413779321527
5657,20260723,1,738.1799926757812,-0.012349287272575782
5658,20260724,1,738.9299926757812,0.0010160123647910968
5659,20260727,1,739.0900268554688,0.0002165755636849287
5660,20260728,1,740.8599853515625,0.002394780651586048
5661,20260729,1,729.4600219726562,-0.015387473482586067
5662,20260730,1,741.6900024414062,0.01676579949601198
5663,20260731,1,747.030029296875,0.007199809675054292
5664,20260803,1,757.6699829101562,0.01424300656734756
5665,20260804,1,771.3300170898438,0.018029002715958642
5666,20260805,1,769.7899780273438,-0.0019966020100066206
5667,20260806,1,768.5599975585938,-0.001597813044932006
5668,20260807,1,773.260009765625,0.006115348472417681
5669,20260810,1,773.030029296875,-0.00029741673673222557
5670,20260811,1,770.5599975585938,-0.0031952597501651026
5671,20260812,1,772.489990234375,0.0025046624297864195
5672,20260813,1,777.8800048828125,0.006977455651952402
5673,20260814,1,776.3400268554688,-0.0019797115463531245
5674,20260817,1,772.6699829101562,-0.004727366641364417
5675,20260818,1,767.4500122070312,-0.006755757074274671
5676,20260819,1,769.0599975585938,0.00209783741736147
5677,20260820,1,762.5999755859375,-0.008399893367440514
5678,20260821,1,765.719970703125,0.0040912604472485015
5679,20260824,1,763.469970703125,-0.0029384110198065194
5680,20260825,1,765.9099731445312,0.003195937672779925
5681,20260826,1,766.0800170898438,0.0002220155779071309
5682,20260827,1,771.0999755859375,0.006552786111251541
5683,20260828,1,769.3499755859375,-0.002269485222937795
5684,20260831,1,767.0499877929688,-0.002989520850009919
5685,20210104,7,76.64171600341797,0.0
5686,20210105,7,76.63333892822266,-0.00010930176974299766
5687,20210106,7,76.64171600341797,0.00010931371792577416
5688,20210107,7,76.64171600341797,0.0
5689,20210108,7,76.63333892822266,-0.00010930176974299766
5690,20210111,7,76.64171600341797,0.00010931371792577416
5691,20210112,7,76.63333892822266,-0.00010930176974299766
5692,20210113,7,76.63333892822266,0.0
5693,20210114,7,76.64171600341797,0.00010931371792577416
5694,20210115,7,76.64171600341797,0.0
5695,20210119,7,76.64171600341797,0.0
5696,20210120,7,76.64171600341797,0.0
5697,20210121,7,76.64171600341797,0.0
5698,20210122,7,76.63333892822266,-0.00010930176974299766
5699,20210125,7,76.64171600341797,0.00010931371792577416
5700,20210126,7,76.63333892822266,-0.00010930176974299766
5701,20210127,7,76.63333892822266,0.0
5702,20210128,7,76.64171600341797,0.00010931371792577416
5703,20210129,7,76.64171600341797,0.0
5704,20210201,7,76.64171600341797,0.0
5705,20210202,7,76.63333892822266,-0.00010930176974299766
5706,20210203,7,76.63333892822266,0.0
5707,20210204,7,76.64171600341797,0.00010931371792577416
5708,20210205,7,76.64171600341797,0.0
5709,20210208,7,76.64171600341797,0.0
5710,20210209,7,76.64171600341797,0.0
5711,20210210,7,76.63333892822266,-0.00010930176974299766
5712,20210211,7,76.64171600341797,0.00010931371792577416
5713,20210212,7,76.63333892822266,-0.00010930176974299766
5714,20210216,7,76.64171600341797,0.00010931371792577416
5715,20210217,7,76.64171600341797,0.0
5716,20210218,7,76.63333892822266,-0.00010930176974299766
5717,20210219,7,76.64171600341797,0.00010931371792577416
5718,20210222,7,76.63333892822266,-0.00010930176974299766
5719,20210223,7,76.63333892822266,0.0
5720,20210224,7,76.6249771118164,-0.00010911460368545622
5721,20210225,7,76.63333892822266,0.00010912651098160531
5722,20210226,7,76.63333892822266,0.0
5723,20210301,7,76.6249771118164,-0.00010911460368545622
5724,20210302,7,76.6249771118164,0.0
5725,20210303,7,76.63333892822266,0.00010912651098160531
5726,20210304,7,76.63333892822266,0.0
5727,20210305,7,76.63333892822266,0.0
5728,20210308,7,76.6249771118164,-0.00010911460368545622
5729,20210309,7,76.6249771118164,0.0
5730,20210310,7,76.6249771118164,0.0
5731,20210311,7,76.63333892822266,0.00010912651098160531
5732,20210312,7,76.6249771118164,-0.00010911460368545622
5733,20210315,7,76.6249771118164,0.0
5734,20210316,7,76.6249771118164,0.0
5735,20210317,7,76.63333892822266,0.00010912651098160531
5736,20210318,7,76.6249771118164,-0.00010911460368545622
5737,20210319,7,76.6249771118164,0.0
5738,20210322,7,76.6249771118164,0.0
5739,20210323,7,76.63333892822266,0.00010912651098160531
5740,20210324,7,76.6249771118164,-0.00010911460368545622
5741,20210325,7,76.6249771118164,0.0
5742,20210326,7,76.6249771118164,0.0
5743,20210329,7,76.6249771118164,0.0
5744,20210330,7,76.63333892822266,0.00010912651098160531
5745,20210331,7,76.6249771118164,-0.00010911460368545622
5746,20210401,7,76.63333892822266,0.00010912651098160531
5747,20210405,7,76.6249771118164,-0.00010911460368545622
5748,20210406,7,76.6165542602539,-0.00010992305485724163
5749,20210407,7,76.6165542602539,0.0
5750,20210408,7,76.6249771118164,0.00010993513926371712
5751,20210409,7,76.6165542602539,-0.00010992305485724163
5752,20210412,7,76.6165542602539,0.0
5753,20210413,7,76.6165542602539,0.0
5754,20210414,7,76.6165542602539,0.0
5755,20210415,7,76.6249771118164,0.00010993513926371712
5756,20210416,7,76.6249771118164,0.0
5757,20210419,7,76.6165542602539,-0.00010992305485724163
5758,20210420,7,76.6165542602539,0.0
5759,20210421,7,76.6165542602539,0.0
5760,20210422,7,76.6249771118164,0.00010993513926371712
5761,20210423,7,76.6249771118164,0.0
5762,20210426,7,76.6165542602539,-0.00010992305485724163
5763,20210427,7,76.6249771118164,0.00010993513926371712
5764,20210428,7,76.6165542602539,-0.00010992305485724163
5765,20210429,7,76.6165542602539,0.0
5766,20210430,7,76.6249771118164,0.00010993513926371712
5767,20210503,7,76.6249771118164,0.0
5768,20210504,7,76.6165542602539,-0.00010992305485724163
5769,20210505,7,76.6249771118164,0.00010993513926371712
5770,20210506,7,76.6249771118164,0.0
5771,20210507,7,76.6165542602539,-0.00010992305485724163
5772,20210510,7,76.6165542602539,0.0
5773,20210511,7,76.6165542602539,0.0
5774,20210512,7,76.60823822021484,-0.0001085410342367421
5775,20210513,7,76.60823822021484,0.0
5776,20210514,7,76.60823822021484,0.0
5777,20210517,7,76.6165542602539,0.00010855281667176975
5778,20210518,7,76.6165542602539,0.0
5779,20210519,7,76.60823822021484,-0.0001085410342367421
5780,20210520,7,76.60823822021484,0.0
5781,20210521,7,76.6165542602539,0.00010855281667176975
5782,20210524,7,76.60823822021484,-0.0001085410342367421
5783,20210525,7,76.60823822021484,0.0
5784,20210526,7,76.60823822021484,0.0
5785,20210527,7,76.6165542602539,0.00010855281667176975
5786,20210528,7,76.6165542602539,0.0
5787,20210601,7,76.60823822021484,-0.0001085410342367421
5788,20210602,7,76.60823822021484,0.0
5789,20210603,7,76.60823822021484,0.0
5790,20210604,7,76.6165542602539,0.00010855281667176975
5791,20210607,7,76.59983825683594,-0.00021817743670882184
5792,20210608,7,76.59983825683594,0.0
5793,20210609,7,76.59983825683594,0.0
5794,20210610,7,76.59983825683594,0.0
5795,20210611,7,76.60823822021484,0.00010966032788140012
5796,20210614,7,76.59983825683594,-0.0001096483038124374
5797,20210615,7,76.59983825683594,0.0
5798,20210616,7,76.60823822021484,0.00010966032788140012
5799,20210617,7,76.59983825683594,-0.0001096483038124374
5800,20210618,7,76.60823822021484,0.00010966032788140012
5801,20210621,7,76.59983825683594,-0.0001096483038124374
5802,20210622,7,76.59983825683594,0.0
5803,20210623,7,76.59983825683594,0.0
5804,20210624,7,76.60823822021484,0.00010966032788140012
5805,20210625,7,76.60823822021484,0.0
5806,20210628,7,76.59983825683594,-0.0001096483038124374
5807,20210629,7,76.59983825683594,0.0
5808,20210630,7,76.59983825683594,0.0
5809,20210701,7,76.60823822021484,0.00010966032788140012
5810,20210702,7,76.59983825683594,-0.0001096483038124374
5811,20210706,7,76.59147644042969,-0.00010916232457580666
5812,20210707,7,76.59147644042969,0.0
5813,20210708,7,76.59983825683594,0.00010917424228984451
5814,20210709,7,76.59983825683594,0.0
5815,20210712,7,76.59983825683594,0.0
5816,20210713,7,76.59983825683594,0.0
5817,20210714,7,76.59147644042969,-0.00010916232457580666
5818,20210715,7,76.59983825683594,0.00010917424228984451
5819,20210716,7,76.59983825683594,0.0
5820,20210719,7,76.59147644042969,-0.00010916232457580666
5821,20210720,7,76.59147644042969,0.0
5822,20210721,7,76.59147644042969,0.0
5823,20210722,7,76.59983825683594,0.00010917424228984451
5824,20210723,7,76.59147644042969,-0.00010916232457580666
5825,20210726,7,76.59983825683594,0.00010917424228984451
5826,20210727,7,76.59147644042969,-0.00010916232457580666
5827,20210728,7,76.59147644042969,0.0
5828,20210729,7,76.59983825683594,0.00010917424228984451
5829,20210730,7,76.59147644042969,-0.00010916232457580666
5830,20210802,7,76.59147644042969,0.0
5831,20210803,7,76.59147644042969,0.0
5832,20210804,7,76.59147644042969,0.0
5833,20210805,7,76.59147644042969,0.0
5834,20210806,7,76.59983825683594,0.00010917424228984451
5835,20210809,7,76.59983825683594,0.0
5836,20210810,7,76.59147644042969,-0.00010916232457580666
5837,20210811,7,76.59147644042969,0.0
5838,20210812,7,76.59147644042969,0.0
5839,20210813,7,76.59983825683594,0.00010917424228984451
5840,20210816,7,76.58307647705078,-0.00021882265245720678
5841,20210817,7,76.58307647705078,0.0
5842,20210818,7,76.58307647705078,0.0
5843,20210819,7,76.59983825683594,0.0002188705462906615
5844,20210820,7,76.59983825683594,0.0
5845,20210823,7,76.58307647705078,-0.00021882265245720678
5846,20210824,7,76.58307647705078,0.0
5847,20210825,7,76.58307647705078,0.0
5848,20210826,7,76.59147644042969,0.00010968432929736593
5849,20210827,7,76.59147644042969,0.0
5850,20210830,7,76.59147644042969,0.0
5851,20210831,7,76.58307647705078,-0.0001096722999646138
5852,20210901,7,76.58307647705078,0.0
5853,20210902,7,76.59983825683594,0.0002188705462906615
5854,20210903,7,76.58307647705078,-0.00021882265245720678
5855,20210907,7,76.58307647705078,0.0
5856,20210908,7,76.58307647705078,0.0
5857,20210909,7,76.58307647705078,0.0
5858,20210910,7,76.59147644042969,0.00010968432929736593
5859,20210913,7,76.59147644042969,0.0
5860,20210914,7,76.58307647705078,-0.0001096722999646138
5861,20210915,7,76.58307647705078,0.0
5862,20210916,7,76.59147644042969,0.00010968432929736593
5863,20210917,7,76.58307647705078,-0.0001096722999646138
5864,20210920,7,76.59147644042969,0.00010968432929736593
5865,20210921,7,76.58307647705078,-0.0001096722999646138
5866,20210922,7,76.58307647705078,0.0
5867,20210923,7,76.59147644042969,0.00010968432929736593
5868,20210924,7,76.58307647705078,-0.0001096722999646138
5869,20210927,7,76.58307647705078,0.0
5870,20210928,7,76.58307647705078,0.0
5871,20210929,7,76.59147644042969,0.00010968432929736593
5872,20210930,7,76.59147644042969,0.0
5873,20211001,7,76.59147644042969,0.0
5874,20211004,7,76.57472229003906,-0.00021874693071954887
5875,20211005,7,76.58307647705078,0.00010909849571616448
5876,20211006,7,76.58307647705078,0.0
5877,20211007,7,76.58307647705078,0.0
5878,20211008,7,76.58307647705078,0.0
5879,20211011,7,76.58307647705078,0.0
5880,20211012,7,76.58307647705078,0.0
5881,20211013,7,76.58307647705078,0.0
5882,20211014,7,76.57472229003906,-0.00010908659453268132
5883,20211015,7,76.58307647705078,0.00010909849571616448
5884,20211018,7,76.57472229003906,-0.00010908659453268132
5885,20211019,7,76.57472229003906,0.0
5886,20211020,7,76.57472229003906,0.0
5887,20211021,7,76.57472229003906,0.0
5888,20211022,7,76.57472229003906,0.0
5889,20211025,7,76.58307647705078,0.00010909849571616448
5890,20211026,7,76.56631469726562,-0.00021887054629077252
5891,20211027,7,76.56631469726562,0.0
5892,20211028,7,76.58307647705078,0.00021891846109389768
5893,20211029,7,76.58307647705078,0.0
5894,20211101,7,76.58307647705078,0.0
5895,20211102,7,76.56631469726562,-0.00021887054629077252
5896,20211103,7,76.56631469726562,0.0
5897,20211104,7,76.57472229003906,0.00010980798549176107
5898,20211105,7,76.57472229003906,0.0
5899,20211108,7,76.58307647705078,0.00010909849571616448
5900,20211109,7,76.56631469726562,-0.00021887054629077252
5901,20211110,7,76.56631469726562,0.0
5902,20211111,7,76.57472229003906,0.00010980798549176107
5903,20211112,7,76.57472229003906,0.0
5904,20211115,7,76.57472229003906,0.0
5905,20211116,7,76.56631469726562,-0.0001097959290220496
5906,20211117,7,76.56631469726562,0.0
5907,20211118,7,76.57472229003906,0.00010980798549176107
5908,20211119,7,76.57472229003906,0.0
5909,20211122,7,76.57472229003906,0.0
5910,20211123,7,76.56631469726562,-0.0001097959290220496
5911,20211124,7,76.57472229003906,0.00010980798549176107
5912,20211126,7,76.56631469726562,-0.0001097959290220496
5913,20211129,7,76.57472229003906,0.00010980798549176107
5914,20211130,7,76.56631469726562,-0.0001097959290220496
5915,20211201,7,76.57472229003906,0.00010980798549176107
5916,20211202,7,76.57472229003906,0.0
5917,20211203,7,76.56631469726562,-0.0001097959290220496
5918,20211206,7,76.56631469726562,0.0
5919,20211207,7,76.56631469726562,0.0
5920,20211208,7,76.57472229003906,0.00010980798549176107
5921,20211209,7,76.56631469726562,-0.0001097959290220496
5922,20211210,7,76.57472229003906,0.00010980798549176107
5923,20211213,7,76.57472229003906,0.0
5924,20211214,7,76.57472229003906,0.0
5925,20211215,7,76.57472229003906,0.0
5926,20211216,7,76.56631469726562,-0.0001097959290220496
5927,20211217,7,76.57472229003906,0.00010980798549176107
5928,20211220,7,76.56631469726562,-0.0001097959290220496
5929,20211221,7,76.5579605102539,-0.0001091104756021366
5930,20211222,7,76.5579605102539,0.0
5931,20211223,7,76.5579605102539,0.0
5932,20211227,7,76.56631469726562,0.00010912238199711766
5933,20211228,7,76.5579605102539,-0.0001091104756021366
5934,20211229,7,76.5579605102539,0.0
5935,20211230,7,76.56631469726562,0.00010912238199711766
5936,20211231,7,76.56631469726562,0.0
5937,20220103,7,76.5579605102539,-0.0001091104756021366
5938,20220104,7,76.56631469726562,0.00010912238199711766
5939,20220105,7,76.56631469726562,0.0
5940,20220106,7,76.56631469726562,0.0
5941,20220107,7,76.56631469726562,0.0
5942,20220110,7,76.5579605102539,-0.0001091104756021366
5943,20220111,7,76.54960632324219,-0.00010912238199711766
5944,20220112,7,76.5579605102539,0.00010913429099090877
5945,20220113,7,76.56631469726562,0.00010912238199711766
5946,20220114,7,76.56631469726562,0.0
5947,20220118,7,76.54960632324219,-0.00021822095120416218
5948,20220119,7,76.56631469726562,0.00021826858198181753
5949,20220120,7,76.56631469726562,0.0
5950,20220121,7,76.5579605102539,-0.0001091104756021366
5951,20220124,7,76.56631469726562,0.00010912238199711766
5952,20220125,7,76.54960632324219,-0.00021822095120416218
5953,20220126,7,76.5579605102539,0.00010913429099090877
5954,20220127,7,76.56631469726562,0.00010912238199711766
5955,20220128,7,76.54960632324219,-0.00021822095120416218
5956,20220131,7,76.56631469726562,0.00021826858198181753
5957,20220201,7,76.5579605102539,-0.0001091104756021366
5958,20220202,7,76.56631469726562,0.00010912238199711766
5959,20220203,7,76.56631469726562,0.0
5960,20220204,7,76.54960632324219,-0.00021822095120416218
5961,20220207,7,76.54960632324219,0.0
5962,20220208,7,76.5579605102539,0.00010913429099090877
5963,20220209,7,76.54960632324219,-0.00010912238199711766
5964,20220210,7,76.54960632324219,0.0
5965,20220211,7,76.54960632324219,0.0
5966,20220214,7,76.5412368774414,-0.00010933362302922855
5967,20220215,7,76.5579605102539,0.00021849180252053735
5968,20220216,7,76.5579605102539,0.0
5969,20220217,7,76.54960632324219,-0.00010912238199711766
5970,20220218,7,76.5579605102539,0.00010913429099090877
5971,20220222,7,76.5579605102539,0.0
5972,20220223,7,76.54960632324219,-0.00010912238199711766
5973,20220224,7,76.54960632324219,0.0
5974,20220225,7,76.54960632324219,0.0
5975,20220228,7,76.54960632324219,0.0
5976,20220301,7,76.56803131103516,0.00024069343629506967
5977,20220302,7,76.56803131103516,0.0
5978,20220303,7,76.57637786865234,0.00010900838736827012
5979,20220304,7,76.57637786865234,0.0
5980,20220307,7,76.57637786865234,0.0
5981,20220308,7,76.57637786865234,0.0
5982,20220309,7,76.57637786865234,0.0
5983,20220310,7,76.57637786865234,0.0
5984,20220311,7,76.56803131103516,-0.00010899650583506837
5985,20220314,7,76.57637786865234,0.00010900838736827012
5986,20220315,7,76.55966186523438,-0.00021829190519617736
5987,20220316,7,76.57637786865234,0.00021833956695616052
5988,20220317,7,76.57637786865234,0.0
5989,20220318,7,76.56803131103516,-0.00010899650583506837
5990,20220321,7,76.56803131103516,0.0
5991,20220322,7,76.56803131103516,0.0
5992,20220323,7,76.58476257324219,0.00021851498491676224
5993,20220324,7,76.58476257324219,0.0
5994,20220325,7,76.56803131103516,-0.00021846724654961402
5995,20220328,7,76.56803131103516,0.0
5996,20220329,7,76.56803131103516,0.0
5997,20220330,7,76.58476257324219,0.00021851498491676224
5998,20220331,7,76.58476257324219,0.0
5999,20220401,7,76.58476257324219,0.0
6000,20220404,7,76.57637786865234,-0.00010948267394350619
6001,20220405,7,76.56803131103516,-0.00010899650583506837
6002,20220406,7,76.57637786865234,0.00010900838736827012
6003,20220407,7,76.57637786865234,0.0
6004,20220408,7,76.56803131103516,-0.00010899650583506837
6005,20220411,7,76.57637786865234,0.00010900838736827012
6006,20220412,7,76.57637786865234,0.0
6007,20220413,7,76.57637786865234,0.0
6008,20220414,7,76.56803131103516,-0.00010899650583506837
6009,20220418,7,76.57637786865234,0.00010900838736827012
6010,20220419,7,76.56803131103516,-0.00010899650583506837
6011,20220420,7,76.58476257324219,0.00021851498491676224
6012,20220421,7,76.58476257324219,0.0
6013,20220422,7,76.57637786865234,-0.00010948267394350619
6014,20220425,7,76.58476257324219,0.00010949466171172872
6015,20220426,7,76.57637786865234,-0.00010948267394350619
6016,20220427,7,76.57637786865234,0.0
6017,20220428,7,76.59315490722656,0.00021908895459898936
6018,20220429,7,76.57637786865234,-0.0002190409651429137
6019,20220502,7,76.58476257324219,0.00010949466171172872
6020,20220503,7,76.57637786865234,-0.00010948267394350619
6021,20220504,7,76.59315490722656,0.00021908895459898936
6022,20220505,7,76.59315490722656,0.0
6023,20220506,7,76.59315490722656,0.0
6024,20220509,7,76.58476257324219,-0.00010957028724745133
6025,20220510,7,76.58476257324219,0.0
6026,20220511,7,76.58476257324219,0.0
6027,20220512,7,76.59315490722656,0.00010958229421098586
6028,20220513,7,76.60150909423828,0.00010907224048728459
6029,20220516,7,76.59315490722656,-0.00010906034503110895
6030,20220517,7,76.59315490722656,0.0
6031,20220518,7,76.59315490722656,0.0
6032,20220519,7,76.60990905761719,0.00021874213708672485
6033,20220520,7,76.60990905761719,0.0
6034,20220523,7,76.60990905761719,0.0
6035,20220524,7,76.60150909423828,-0.00010964591241835464
6036,20220525,7,76.60990905761719,0.00010965793596273699
6037,20220526,7,76.62665557861328,0.0002185947118602538
6038,20220527,7,76.60990905761719,-0.00021854693865519526
6039,20220531,7,76.60150909423828,-0.00010964591241835464
6040,20220601,7,76.60234832763672,1.0955833747328114e-05
6041,20220602,7,76.6191177368164,0.00021891507957394474
6042,20220603,7,76.60234832763672,-0.00021886716625074687
6043,20220606,7,76.6107406616211,0.00010955713718430182
6044,20220607,7,76.60234832763672,-0.00010954513573291358
6045,20220608,7,76.6107406616211,0.00010955713718430182
6046,20220609,7,76.6191177368164,0.00010934596275880004
6047,20220610,7,76.60234832763672,-0.00021886716625074687
6048,20220613,7,76.6107406616211,0.00010955713718430182
6049,20220614,7,76.60234832763672,-0.00010954513573291358
6050,20220615,7,76.6107406616211,0.00010955713718430182
6051,20220616,7,76.62752532958984,0.00021909027146582716
6052,20220617,7,76.6191177368164,-0.00010972027006317386
6053,20220621,7,76.63587188720703,0.00021866801505310285
6054,20220622,7,76.64425659179688,0.00010940965873240671
6055,20220623,7,76.64425659179688,0.0
6056,20220624,7,76.62752532958984,-0.00021829766444392273
6057,20220627,7,76.62752532958984,0.0
6058,20220628,7,76.64425659179688,0.00021834532871922718
6059,20220629,7,76.65265655517578,0.00010959677544586377
6060,20220630,7,76.6610336303711,0.00010928616921823675
6061,20220701,7,76.6551513671875,-7.673080970904689e-05
6062,20220705,7,76.6551513671875,0.0
6063,20220706,7,76.6551513671875,0.0
6064,20220707,7,76.6551513671875,0.0
6065,20220708,7,76.6467514038086,-0.00010958119877257921
6066,20220711,7,76.6551513671875,0.00010959320812764517
6067,20220712,7,76.6467514038086,-0.00010958119877257921
6068,20220713,7,76.6467514038086,0.0
6069,20220714,7,76.6551513671875,0.00010959320812764517
6070,20220715,7,76.6467514038086,-0.00010958119877257921
6071,20220718,7,76.6467514038086,0.0
6072,20220719,7,76.6467514038086,0.0
6073,20220720,7,76.6467514038086,0.0
6074,20220721,7,76.67191314697266,0.00032828192589007266
6075,20220722,7,76.68031311035156,0.00010955724246519694
6076,20220725,7,76.67191314697266,-0.00010954524099060503
6077,20220726,7,76.67191314697266,0.0
6078,20220727,7,76.67191314697266,0.0
6079,20220728,7,76.68031311035156,0.00010955724246519694
6080,20220729,7,76.68867492675781,0.00010904776033204833
6081,20220801,7,76.69456481933594,7.680263850895486e-05
6082,20220802,7,76.70295715332031,0.00010942540718694715
6083,20220803,7,76.69456481933594,-0.00010941343457726571
6084,20220804,7,76.71133422851562,0.00021865185908787055
6085,20220805,7,76.72813415527344,0.00021900188449031077
6086,20220808,7,76.73653411865234,0.00010947696658325512
6087,20220809,7,76.72813415527344,-0.00010946498268893379
6088,20220810,7,76.73653411865234,0.00010947696658325512
6089,20220811,7,76.73653411865234,0.0
6090,20220812,7,76.75332641601562,0.00021883054214200115
6091,20220815,7,76.74490356445312,-0.00010973923809953767
6092,20220816,7,76.75332641601562,0.00010975128212153962
6093,20220817,7,76.75332641601562,0.0
6094,20220818,7,76.7868881225586,0.000437267127173957
6095,20220819,7,76.7868881225586,0.0
6096,20220822,7,76.79527282714844,0.00010919448352253447
6097,20220823,7,76.77851104736328,-0.00021826577558858862
6098,20220824,7,76.80369567871094,0.0003280166677381846
6099,20220825,7,76.81207275390625,0.00010907125134118623
6100,20220826,7,76.81207275390625,0.0
6101,20220829,7,76.81207275390625,0.0
6102,20220830,7,76.82044219970703,0.00010896003063987081
6103,20220831,7,76.83727264404297,0.00021908809496551385
6104,20220901,7,76.85321807861328,0.0002075221311430564
6105,20220902,7,76.86161041259766,0.00010919951297028163
6106,20220906,7,76.86161041259766,0.0
6107,20220907,7,76.87003326416016,0.00010958463551946629
6108,20220908,7,76.88682556152344,0.00021845050210367312
6109,20220909,7,76.88682556152344,0.0
6110,20220912,7,76.87843322753906,-0.00010915178150594507
6111,20220913,7,76.895263671875,0.0002189228321827219
6112,20220914,7,76.895263671875,0.0
6113,20220915,7,76.92047882080078,0.00032791550118593804
6114,20220916,7,76.92047882080078,0.0
6115,20220919,7,76.92047882080078,0.0
6116,20220920,7,76.91205596923828,-0.00010950076873705861
6117,20220921,7,76.92887878417969,0.00021872793191390905
6118,20220922,7,76.96250915527344,0.00043716185163833465
6119,20220923,7,76.96250915527344,0.0
6120,20220926,7,76.94566345214844,-0.00021888193758101693
6121,20220927,7,76.97087097167969,0.00032760156193756274
6122,20220928,7,76.97930145263672,0.00010952820009180186
6123,20220929,7,76.99610137939453,0.00021823953245592165
6124,20220930,7,76.99610137939453,0.0
6125,20221003,7,76.97503662109375,-0.0002735821414773243
6126,20221004,7,77.00032043457031,0.00032846770312078277
6127,20221005,7,77.00032043457031,0.0
6128,20221006,7,77.01715850830078,0.00021867537219888433
6129,20221007,7,77.01715850830078,0.0
6130,20221010,7,77.02558135986328,0.00010936331235322783
6131,20221011,7,77.02558135986328,0.0
6132,20221012,7,77.02558135986328,0.0
6133,20221013,7,77.05084991455078,0.0003280540599810422
6134,20221014,7,77.05084991455078,0.0
6135,20221017,7,77.05084991455078,0.0
6136,20221018,7,77.05084991455078,0.0
6137,20221019,7,77.05084991455078,0.0
6138,20221020,7,77.08451843261719,0.00043696491477707156
6139,20221021,7,77.09294128417969,0.00010926774576480724
6140,20221024,7,77.08451843261719,-0.000109255807628994
6141,20221025,7,77.08451843261719,0.0
6142,20221026,7,77.10135650634766,0.00021843651712227796
6143,20221027,7,77.12661743164062,0.00032763269594204836
6144,20221028,7,77.11820983886719,-0.00010901026200049735
6145,20221031,7,77.11820983886719,0.0
6146,20221101,7,77.12493896484375,8.725728969349866e-05
6147,20221102,7,77.1502456665039,0.0003281260510519246
6148,20221103,7,77.1755599975586,0.00032811730975046416
6149,20221104,7,77.19247436523438,0.00021916741098237935
6150,20221107,7,77.18402862548828,-0.00010941143959364297
6151,20221108,7,77.19247436523438,0.0001094234117666737
6152,20221109,7,77.23465728759766,0.000546464182035411
6153,20221110,7,77.24310302734375,0.00010935168281567265
6154,20221111,7,77.23465728759766,-0.00010933972633264677
6155,20221114,7,77.23465728759766,0.0
6156,20221115,7,77.25155639648438,0.00021880214763947414
6157,20221116,7,77.25997924804688,0.00010903148046970124
6158,20221117,7,77.28531646728516,0.00032794752839548913
6159,20221118,7,77.28531646728516,0.0
6160,20221121,7,77.2937240600586,0.00010878641840061931
6161,20221122,7,77.3106460571289,0.0002189310616882434
6162,20221123,7,77.3274917602539,0.00021789629222035423
6163,20221125,7,77.3274917602539,0.0
6164,20221128,7,77.33592224121094,0.00010902307530114008
6165,20221129,7,77.36124420166016,0.0003274281823424374
6166,20221130,7,77.36124420166016,0.0
6167,20221201,7,77.378173828125,0.00021883860115679
6168,20221202,7,77.38664245605469,0.00010944466004714215
6169,20221205,7,77.39510345458984,0.0001093340952214028
6170,20221206,7,77.42047882080078,0.0003278678505265198
6171,20221207,7,77.42047882080078,0.0
6172,20221208,7,77.47126770019531,0.0006560135014417323
6173,20221209,7,77.4627914428711,-0.00010941162544308991
6174,20221212,7,77.47126770019531,0.00010942359765686582
6175,20221213,7,77.47126770019531,0.0
6176,20221214,7,77.49664306640625,0.0003275455141529271
6177,20221215,7,77.5135726928711,0.0002184562555869185
6178,20221216,7,77.5135726928711,0.0
6179,20221219,7,77.52293395996094,0.00012076939256733255
6180,20221220,7,77.53141021728516,0.00010933870651230748
6181,20221221,7,77.53993225097656,0.00010991717637431897
6182,20221222,7,77.59083557128906,0.0006564787824128171
6183,20221223,7,77.59083557128906,0.0
6184,20221227,7,77.59083557128906,0.0
6185,20221228,7,77.61629486083984,0.00032812237892954066
6186,20221229,7,77.65023803710938,0.0004373202344996052
6187,20221230,7,77.64176177978516,-0.00010915945061451549
6188,20230103,7,77.65023803710938,0.00010917136770105529
6189,20230104,7,77.64176177978516,-0.00010915945061451549
6190,20230105,7,77.66722869873047,0.0003280054233898433
6191,20230106,7,77.65874481201172,-0.00010923380247873649
6192,20230109,7,77.67574310302734,0.00021888444188444822
6193,20230110,7,77.66722869873047,-0.00010961471312331827
6194,20230111,7,77.66722869873047,0.0
6195,20230112,7,77.72663116455078,0.0007648330810248183
6196,20230113,7,77.7351303100586,0.00010934663422923485
6197,20230117,7,77.7351303100586,0.0
6198,20230118,7,77.74360656738281,0.00010904024075619745
6199,20230119,7,77.77758026123047,0.0004369966270887371
6200,20230120,7,77.78606414794922,0.00010907882053223794
6201,20230123,7,77.78606414794922,0.0
6202,20230124,7,77.7945556640625,0.00010916500540680829
6203,20230125,7,77.80305480957031,0.00010925116076898611
6204,20230126,7,77.84548950195312,0.0005454116485101856
6205,20230127,7,77.85398864746094,0.00010917967838852682
6206,20230130,7,77.85398864746094,0.0
6207,20230131,7,77.8624496459961,0.00010867777852041627
6208,20230201,7,77.8675537109375,6.555232932714539e-05
6209,20230202,7,77.90164184570312,0.00043777071631367903
6210,20230203,7,77.91868591308594,0.0002187895784862004
6211,20230206,7,77.92720031738281,0.00010927294521323461
6212,20230207,7,77.93570709228516,0.00010916310181419142
6213,20230208,7,77.93570709228516,0.0
6214,20230209,7,77.9613037109375,0.00032843249400471564
6215,20230210,7,77.96978759765625,0.00010882176560578216
6216,20230213,7,77.98683166503906,0.00021859835595239296
6217,20230214,7,77.98683166503906,0.0
6218,20230215,7,78.00389862060547,0.00021884406895389397
6219,20230216,7,78.04646301269531,0.0005456700606321085
6220,20230217,7,78.05500793457031,0.00010948506242502987
6221,20230221,7,78.05500793457031,0.0
6222,20230222,7,78.08055877685547,0.00032734404827139407
6223,20230223,7,78.1061019897461,0.00032713921737714813
6224,20230224,7,78.1146240234375,0.00010910842398104137
6225,20230227,7,78.1231689453125,0.00010938952829664395
6226,20230228,7,78.13168334960938,0.00010898692938110521
6227,20230301,7,78.13593292236328,5.438987836581255e-05
6228,20230302,7,78.16159057617188,0.0003283720159084069
6229,20230303,7,78.1786880493164,0.00021874520488252003
6230,20230306,7,78.18718719482422,0.00010871435323211998
6231,20230307,7,78.18718719482422,0.0
6232,20230308,7,78.20427703857422,0.00021857601434649432
6233,20230309,7,78.22140502929688,0.00021901603558349692
6234,20230310,7,78.23845672607422,0.00021799271914080265
6235,20230313,7,78.25554656982422,0.00021843278184574544
6236,20230314,7,78.26407623291016,0.00010899755301463365
6237,20230315,7,78.30680847167969,0.0005460006790645178
6238,20230316,7,78.34098815917969,0.0004364842363913102
6239,20230317,7,78.35807037353516,0.00021804951350312685
6240,20230320,7,78.3666000366211,0.00010885494047108146
6241,20230321,7,78.3666000366211,0.0
6242,20230322,7,78.38369750976562,0.00021817296063053604
6243,20230323,7,78.41787719726562,0.0004360560752538767
6244,20230324,7,78.4349594116211,0.0002178357150945942
6245,20230327,7,78.4263687133789,-0.0001095263936723434
6246,20230328,7,78.44346618652344,0.0002180066911807721
6247,20230329,7,78.44346618652344,0.0
6248,20230330,7,78.46058654785156,0.00021825095397254302
6249,20230331,7,78.44346618652344,-0.00021820333088751198
6250,20230403,7,78.46237182617188,0.00024100974329055447
6251,20230404,7,78.470947265625,0.00010929365571721306
6252,20230405,7,78.51380920410156,0.0005462141081522542
6253,20230406,7,78.52239227294922,0.00010931922593826471
6254,20230410,7,78.53099822998047,0.00010959876262228718
6255,20230411,7,78.5395736694336,0.0001091981465459746
6256,20230412,7,78.55672454833984,0.0002183724472255566
6257,20230413,7,78.59961700439453,0.0005460061668978167
6258,20230414,7,78.59961700439453,0.0
6259,20230417,7,78.61678314208984,0.00021839976261395222
6260,20230418,7,78.6253433227539,0.00010888490118698968
6261,20230419,7,78.63392639160156,0.00010916415095851839
6262,20230420,7,78.69393920898438,0.0007631924302489157
6263,20230421,7,78.68537902832031,-0.00010877814416343501
6264,20230424,7,78.69393920898438,0.00010878997813534852
6265,20230425,7,78.68537902832031,-0.00010877814416343501
6266,20230426,7,78.70255279541016,0.00021825868162439477
6267,20230427,7,78.72827911376953,0.00032688035451977626
6268,20230428,7,78.72827911376953,0.0
6269,20230501,7,78.7308578491211,3.2754880210594806e-05
6270,20230502,7,78.7136459350586,-0.00021861712843884717
6271,20230503,7,78.72227478027344,0.00010962324400476398
6272,20230504,7,78.74808502197266,0.00032786453098898605
6273,20230505,7,78.76530456542969,0.00021866618664101445
6274,20230508,7,78.77391052246094,0.00010926075990869144
6275,20230509,7,78.78252410888672,0.00010934567509290893
6276,20230510,7,78.79114532470703,0.00010943056112799887
6277,20230511,7,78.84282684326172,0.0006559305406934612
6278,20230512,7,78.86003112792969,0.00021820989120757694
6279,20230515,7,78.86860656738281,0.00010874253193238204
6280,20230516,7,78.86003112792969,-0.00010873070827999154
6281,20230517,7,78.87725067138672,0.00021835577808859696
6282,20230518,7,78.92031860351562,0.0005460120853899575
6283,20230519,7,78.92031860351562,0.0
6284,20230522,7,78.92890167236328,0.0001087561352961508
6285,20230523,7,78.92890167236328,0.0
6286,20230524,7,78.92890167236328,0.0
6287,20230525,7,78.9805908203125,0.0006548823923051561
6288,20230526,7,78.997802734375,0.00021792587120117446
6289,20230530,7,79.00640869140625,0.00010893919493160098
6290,20230531,7,79.02362823486328,0.00021795122373280407
6291,20230601,7,79.0677261352539,0.0005580343673865507
6292,20230602,7,79.07636260986328,0.00010922882232122788
6293,20230605,7,79.07636260986328,0.0
6294,20230606,7,79.09368133544922,0.00021901267350110665
6295,20230607,7,79.10232543945312,0.00010928943827059889
6296,20230608,7,79.14554595947266,0.0005463874769726651
6297,20230609,7,79.15419006347656,0.00010921782014539083
6298,20230612,7,79.16287231445312,0.00010968782536457944
6299,20230613,7,79.1801528930664,0.00021829145542673345
6300,20230614,7,79.19742584228516,0.00021814745978177008
6301,20230615,7,79.23201751708984,0.00043677776691342096
6302,20230616,7,79.24066162109375,0.00010909862294039563
6303,20230620,7,79.2579345703125,0.00021798088084312717
6304,20230621,7,79.2579345703125,0.0
6305,20230622,7,79.29255676269531,0.000436829354316437
6306,20230623,7,79.30119323730469,0.00010891910870292065
6307,20230626,7,79.30980682373047,0.00010861862317756987
6308,20230627,7,79.32711791992188,0.00021827182393563405
6309,20230628,7,79.33573150634766,0.00010858312581674134
6310,20230629,7,79.3617172241211,0.0003275411631058489
6311,20230630,7,79.38761901855469,0.0003263764361405297
6312,20230703,7,79.40760803222656,0.0002517900639795734
6313,20230705,7,79.41629028320312,0.00010933777243415932
6314,20230706,7,79.4423599243164,0.0003282656621244051
6315,20230707,7,79.45100402832031,0.0001088097585739689
6316,20230710,7,79.46837615966797,0.0002186521310851841
6317,20230711,7,79.47705841064453,0.00010925416368290364
6318,20230712,7,79.494384765625,0.00021800448238717962
6319,20230713,7,79.52912902832031,0.0004370656216505786
6320,20230714,7,79.537841796875,0.00010955443195648229
6321,20230717,7,79.54651641845703,0.00010906282325562344
6322,20230718,7,79.54651641845703,0.0
6323,20230719,7,79.56388092041016,0.00021829368192283205
6324,20230720,7,79.6072769165039,0.0005454233201263037
6325,20230721,7,79.6072769165039,0.0
6326,20230724,7,79.61597442626953,0.00010925521010785033
6327,20230725,7,79.62464904785156,0.00010895579240899345
6328,20230726,7,79.63331604003906,0.00010884810534350642
6329,20230727,7,79.67671966552734,0.0005450435527067921
6330,20230728,7,79.6854248046875,0.0001092557424138274
6331,20230731,7,79.6940689086914,0.00010847785558132372
6332,20230801,7,79.71501159667969,0.00026278853966243965
6333,20230802,7,79.72372436523438,0.00010929896866573863
6334,20230803,7,79.75859832763672,0.00043743518858430086
6335,20230804,7,79.77604675292969,0.00021876544546706178
6336,20230807,7,79.77604675292969,0.0
6337,20230808,7,79.79345703125,0.00021823942184351353
6338,20230809,7,79.80220031738281,0.00010957397333211105
6339,20230810,7,79.84577941894531,0.0005460889723489792
6340,20230811,7,79.8545150756836,0.00010940661863223511
6341,20230814,7,79.86323547363281,0.00010920356777521789
6342,20230815,7,79.8719711303711,0.000109382705151706
6343,20230816,7,79.88937377929688,0.00021788180108117672
6344,20230817,7,79.92424774169922,0.000436528173304751
6345,20230818,7,79.9329833984375,0.00010929920499869183
6346,20230821,7,79.94173431396484,0.00010947815476525236
6347,20230822,7,79.9504165649414,0.00010860723814754003
6348,20230823,7,79.96784973144531,0.0002180497269796966
6349,20230824,7,79.99400329589844,0.0003270509903787744
6350,20230825,7,80.01144409179688,0.0002180262917199638
6351,20230828,7,80.02890014648438,0.0002181694742000584
6352,20230829,7,80.0201644897461,-0.00010915627632379632
6353,20230830,7,80.0376205444336,0.00021814569863498612
6354,20230831,7,80.08990478515625,0.0006532458157426646
6355,20230901,7,80.10304260253906,0.00016403836935574567
6356,20230905,7,80.12055206298828,0.00021858670882335396
6357,20230906,7,80.12055206298828,0.0
6358,20230907,7,80.16436004638672,0.0005467758555133262
6359,20230908,7,80.1731185913086,0.00010925734225053496
6360,20230911,7,80.1731185913086,0.0
6361,20230912,7,80.19937896728516,0.0003275458961553568
6362,20230913,7,80.20812225341797,0.00010901937453122734
6363,20230914,7,80.23442077636719,0.0003278785515776761
6364,20230915,7,80.25192260742188,0.00021813369979284403
6365,20230918,7,80.26067352294922,0.00010904306392944818
6366,20230919,7,80.26943969726562,0.00010922129022383764
6367,20230920,7,80.2781982421875,0.00010911431492366397
6368,20230921,7,80.32198333740234,0.0005454170145018367
6369,20230922,7,80.33073425292969,0.00010894795127991408
6370,20230925,7,80.33949279785156,0.00010903105770565524
6371,20230926,7,80.3482666015625,0.00010920910009981633
6372,20230927,7,80.3745346069336,0.0003269268458689911
6373,20230928,7,80.40078735351562,0.0003266301535731486
6374,20230929,7,80.40955352783203,0.00010903095112557715
6375,20231002,7,80.4218521118164,0.00015294928829723275
6376,20231003,7,80.439453125,0.00021885859031356425
6377,20231004,7,80.44825744628906,0.00010945277406815279
6378,20231005,7,80.50102996826172,0.000655980920505117
6379,20231006,7,80.50102996826172,0.0
6380,20231009,7,80.50983428955078,0.00010936905145841891
6381,20231010,7,80.50983428955078,0.0
6382,20231011,7,80.52742767333984,0.00021852465533322984
6383,20231012,7,80.56258392333984,0.0004365748542547454
6384,20231013,7,80.5801773071289,0.00021838157283782245
6385,20231016,7,80.58897399902344,0.00010916694636953217
6386,20231017,7,80.59777069091797,0.00010915503024810924
6387,20231018,7,80.60655975341797,0.0001090484566093064
6388,20231019,7,80.64178466796875,0.00043699811353481444
6389,20231020,7,80.65935516357422,0.00021788326830574078
6390,20231023,7,80.66813659667969,0.00010887060884212652
6391,20231024,7,80.67694091796875,0.00010914248996574116
6392,20231025,7,80.68571472167969,0.00010875231027740462
6393,20231026,7,80.72089385986328,0.00043600206436722466
6394,20231027,7,80.74727630615234,0.00032683540812694645
6395,20231030,7,80.75609588623047,0.00010922449005823509
6396,20231031,7,80.75609588623047,0.0
6397,20231101,7,80.78082275390625,0.00030619196488412825
6398,20231102,7,80.80732727050781,0.00032810406849037577
6399,20231103,7,80.81615447998047,0.00010923773586890562
6400,20231106,7,80.82500457763672,0.0001095090172651414
6401,20231107,7,80.84268188476562,0.00021871087074210038
6402,20231108,7,80.85147094726562,0.00010871809661794352
6403,20231109,7,80.89564514160156,0.0005463622840546911
6404,20231110,7,80.90450286865234,0.00010949572174467903
6405,20231113,7,80.913330078125,0.00010910652880458116
6406,20231114,7,80.92216491699219,0.00010918891681566123
6407,20231115,7,80.93981170654297,0.0002180711498374066
6408,20231116,7,80.97518920898438,0.0004370840714291724
6409,20231117,7,80.99284362792969,0.0002180225710834982
6410,20231120,7,80.99284362792969,0.0
6411,20231121,7,81.01933288574219,0.00032705676978306286
6412,20231122,7,81.0546875,0.0004363725668745655
6413,20231124,7,81.06352233886719,0.00010899849397594252
6414,20231127,7,81.07234954833984,0.00010889249835166481
6415,20231128,7,81.09001159667969,0.00021785539013285948
6416,20231129,7,81.09884643554688,0.00010895101250119055
6417,20231130,7,81.13420867919922,0.0004360387996449333
6418,20231201,7,81.15105438232422,0.0002076276258711207
6419,20231204,7,81.15105438232422,0.0
6420,20231205,7,81.16881561279297,0.00021886629328404794
6421,20231206,7,81.17768096923828,0.00010922121233858384
6422,20231207,7,81.21318054199219,0.0004373070569403392
6423,20231208,7,81.23094177246094,0.00021869886575331954
6424,20231211,7,81.2486801147461,0.00021836928020424473
6425,20231212,7,81.2486801147461,0.0
6426,20231213,7,81.257568359375,0.00010939555715072657
6427,20231214,7,81.29306030273438,0.00043678323233109495
6428,20231215,7,81.3196792602539,0.00032744440202403524
6429,20231218,7,81.32947540283203,0.00012046459931025488
6430,20231219,7,81.32947540283203,0.0
6431,20231220,7,81.34729766845703,0.00021913661113304173
6432,20231221,7,81.40081024169922,0.0006578285299689846
6433,20231222,7,81.40972900390625,0.00010956601267908539
6434,20231226,7,81.42756652832031,0.00021910801856628304
6435,20231227,7,81.42756652832031,0.0
6436,20231228,7,81.48104858398438,0.0006568052803772595
6437,20231229,7,81.48104858398438,0.0
6438,20240102,7,81.4899673461914,0.0001094581177099041
6439,20240103,7,81.5167007446289,0.00032805754264120246
6440,20240104,7,81.5434799194336,0.0003285115143285555
6441,20240105,7,81.5523681640625,0.00010900006521286087
6442,20240108,7,81.56127166748047,0.00010917528967469003
6443,20240109,7,81.57020568847656,0.00010953753924436427
6444,20240110,7,81.58804321289062,0.00021867695764044015
6445,20240111,7,81.63260650634766,0.0005461988264721107
6446,20240112,7,81.65043640136719,0.0002184163385514637
6447,20240116,7,81.65935516357422,0.00010923104149984653
6448,20240117,7,81.67720031738281,0.000218531652287135
6449,20240118,7,81.7128677368164,0.000436687585948059
6450,20240119,7,81.72179412841797,0.00010924095370534737
6451,20240122,7,81.73065948486328,0.00010848215631908964
6452,20240123,7,81.73959350585938,0.00010931052131968322
6453,20240124,7,81.74853515625,0.00010939191164416329
6454,20240125,7,81.79312896728516,0.0005454998178244796
6455,20240126,7,81.80200958251953,0.00010857409841746879
6456,20240129,7,81.81092071533203,0.00010893537772460604
6457,20240130,7,81.81983947753906,0.00010901676853225517
6458,20240131,7,81.82876586914062,0.00010909813143800129
6459,20240201,7,81.86995697021484,0.0005033816731403462
6460,20240202,7,81.8878402709961,0.0002184354486438611
6461,20240205,7,81.8878402709961,0.0
6462,20240206,7,81.90579986572266,0.0002193194333508508
6463,20240207,7,81.91472625732422,0.00010898363261446775
6464,20240208,7,81.95057678222656,0.0004376566527211079
6465,20240209,7,81.95951080322266,0.00010901718263478521
6466,20240212,7,81.97740936279297,0.00021838294781040268
6467,20240213,7,81.97740936279297,0.0
6468,20240214,7,81.99533081054688,0.0002186144682201352
6469,20240215,7,82.04009246826172,0.0005459049591283183
6470,20240216,7,82.05802154541016,0.0002185404307701866
6471,20240220,7,82.06696319580078,0.00010896741381549724
6472,20240221,7,82.07594299316406,0.00010942036860628335
6473,20240222,7,82.12068939208984,0.0005451828793427982
6474,20240223,7,82.12965393066406,0.00010916297270013864
6475,20240226,7,82.12965393066406,0.0
6476,20240227,7,82.14756774902344,0.00021811632585833074
6477,20240228,7,82.15654754638672,0.00010931300352945428
6478,20240229,7,82.19234466552734,0.0004357183962777622
6479,20240301,7,82.21480560302734,0.000273272864904861
6480,20240304,7,82.22381591796875,0.00010959479713323894
6481,20240305,7,82.22381591796875,0.0
6482,20240306,7,82.24179077148438,0.00021860884604962827
6483,20240307,7,82.27775573730469,0.0004373076690442623
6484,20240308,7,82.28672790527344,0.00010904731039818039
6485,20240311,7,82.29573059082031,0.00010940628915556694
6486,20240312,7,82.32270050048828,0.00032771942692955136
6487,20240313,7,82.32270050048828,0.0
6488,20240314,7,82.35868072509766,0.00043706322060166336
6489,20240315,7,82.37664031982422,0.00021806559513137813
6490,20240318,7,82.38562774658203,0.0001091016424428215
6491,20240319,7,82.40364074707031,0.00021864251060499384
6492,20240320,7,82.41259002685547,0.00010860296588877105
6493,20240321,7,82.43959045410156,0.00032762502958938455
6494,20240322,7,82.44857025146484,0.00010892578812948805
6495,20240325,7,82.46654510498047,0.00021801291957879165
6496,20240326,7,82.47555541992188,0.00010926024522950328
6497,20240327,7,82.52946472167969,0.0006536397540257699
6498,20240328,7,82.52946472167969,0.0
6499,20240401,7,82.55204010009766,0.000273543255055575
6500,20240402,7,82.57009887695312,0.00021875627584222457
6501,20240403,7,82.57009887695312,0.0
6502,20240404,7,82.60623168945312,0.0004376016619993539
6503,20240405,7,82.62429809570312,0.00021870512527333297
6504,20240408,7,82.6333236694336,0.00010923631351178464
6505,20240409,7,82.64237213134766,0.00010950136715126568
6506,20240410,7,82.66041564941406,0.00021833252847258677
6507,20240411,7,82.68749237060547,0.00032756575174075486
6508,20240412,7,82.696533203125,0.00010933736482177103
6509,20240415,7,82.7146224975586,0.00021874308067015846
6510,20240416,7,82.7236328125,0.0001089325523027096
6511,20240417,7,82.732666015625,0.00010919736981906958
6512,20240418,7,82.7778091430664,0.0005456505829617431
6513,20240419,7,82.78682708740234,0.00010894156814833522
6514,20240422,7,82.80488586425781,0.00021813587367480736
6515,20240423,7,82.81391906738281,0.00010909021890093129
6516,20240424,7,82.81391906738281,0.0
6517,20240425,7,82.85910034179688,0.0005455758515340303
6518,20240426,7,82.85910034179688,0.0
6519,20240429,7,82.87712097167969,0.00021748522260645053
6520,20240430,7,82.88616943359375,0.0001091792500509392
6521,20240501,7,82.9024887084961,0.00019688779218363095
6522,20240502,7,82.94781494140625,0.0005467415226765304
6523,20240503,7,82.95689392089844,0.00010945411278884265
6524,20240506,7,82.95689392089844,0.0
6525,20240507,7,82.9659652709961,0.00010935016571744782
6526,20240508,7,82.98410034179688,0.0002185844610080867
6527,20240509,7,83.0294418334961,0.0005463876997215955
6528,20240510,7,83.0294418334961,0.0
6529,20240513,7,83.0475845336914,0.00021850923955013535
6530,20240514,7,83.056640625,0.00010904701635139347
6531,20240515,7,83.06571197509766,0.00010921884185766118
6532,20240516,7,83.10198974609375,0.000436735809920874
6533,20240517,7,83.11107635498047,0.0001093428558627263
6534,20240520,7,83.12918853759766,0.00021792742209014726
6535,20240521,7,83.13827514648438,0.00010930708029954772
6536,20240522,7,83.1563949584961,0.00021794789439399942
6537,20240523,7,83.2108154296875,0.0006544351906858648
6538,20240524,7,83.21987915039062,0.0001089247912824387
6539,20240528,7,83.2108154296875,-0.0001089129279645551
6540,20240529,7,83.22895050048828,0.00021794127009977515
6541,20240530,7,83.24708557128906,0.00021789378205205878
6542,20240531,7,83.26521301269531,0.00021775466710760583
6543,20240603,7,83.27887725830078,0.00016410509396513895
6544,20240604,7,83.29708099365234,0.0002185876653344465
6545,20240605,7,83.30620574951172,0.00010954472534363546
6546,20240606,7,83.31532287597656,0.00010944114406385985
6547,20240607,7,83.35174560546875,0.00043716723688880244
6548,20240610,7,83.36996459960938,0.00021857963511484613
6549,20240611,7,83.37906646728516,0.00010917442174163128
6550,20240612,7,83.39729309082031,0.00021859951553082624
6551,20240613,7,83.4063949584961,0.00010913864633321779
6552,20240614,7,83.45194244384766,0.0005460910446282163
6553,20240617,7,83.46102905273438,0.00010888433055744606
6554,20240618,7,83.47926330566406,0.00021847625336812726
6555,20240620,7,83.49747467041016,0.00021815435384731074
6556,20240621,7,83.52481079101562,0.0003273885912522534
6557,20240624,7,83.54301452636719,0.0002179440477525496
6558,20240625,7,83.54301452636719,0.0
6559,20240626,7,83.5521469116211,0.00010931357104704276
6560,20240627,7,83.57035064697266,0.0002178727420472093
6561,20240628,7,83.59765625,0.00032673792578297167
6562,20240701,7,83.6269302368164,0.0003501771237326423
6563,20240702,7,83.63610076904297,0.00010966003655266121
6564,20240703,7,83.66354370117188,0.00032812304586848917
6565,20240705,7,83.69097137451172,0.0003278330336784485
6566,20240708,7,83.70925903320312,0.00021851411676854227
6567,20240709,7,83.70925903320312,0.0
6568,20240710,7,83.72757720947266,0.0002188309451200965
6569,20240711,7,83.73670959472656,0.00010907260855108625
6570,20240712,7,83.77330780029297,0.0004370628574197344
6571,20240715,7,83.79161071777344,0.00021848149441705544
6572,20240716,7,83.79161071777344,0.0
6573,20240717,7,83.81905364990234,0.00032751407800635235
6574,20240718,7,83.82820892333984,0.00010922663808332622
6575,20240719,7,83.85564422607422,0.0003272800777536222
6576,20240722,7,83.87393188476562,0.00021808500620545956
6577,20240723,7,83.87393188476562,0.0
6578,20240724,7,83.9013900756836,0.00032737455250919645
6579,20240725,7,83.9013900756836,0.0
6580,20240726,7,83.94710540771484,0.0005448697809418146
6581,20240729,7,83.94710540771484,0.0
6582,20240730,7,83.95626831054688,0.00010915090862906318
6583,20240731,7,83.97455596923828,0.00021782362483957485
6584,20240801,7,83.9947738647461,0.00024076216032886677
6585,20240802,7,84.04070281982422,0.0005468072948453528
6586,20240805,7,84.04070281982422,0.0
6587,20240806,7,84.05907440185547,0.00021860338401302748
6588,20240807,7,84.07746124267578,0.0002187371316082487
6589,20240808,7,84.0866470336914,0.00010925390562288584
6590,20240809,7,84.1050033569336,0.00021830247595477914
6591,20240812,7,84.13260650634766,0.000328198660154877
6592,20240813,7,84.14176177978516,0.0001088195625653654
6593,20240814,7,84.15094757080078,0.00010917041456370846
6594,20240815,7,84.16016387939453,0.00010952115050155697
6595,20240816,7,84.20608520507812,0.0005456420658758177
6596,20240819,7,84.20608520507812,0.0
6597,20240820,7,84.22447204589844,0.0002183552504018138
6598,20240821,7,84.24284362792969,0.00021812641367757735
6599,20240822,7,84.24284362792969,0.0
6600,20240823,7,84.27960205078125,0.00043633881845095424
6601,20240826,7,84.28877258300781,0.0001088108154692069
6602,20240827,7,84.30716705322266,0.00021823155861855348
6603,20240828,7,84.31634521484375,0.00010886573398072308
6604,20240829,7,84.31634521484375,0.0
6605,20240830,7,84.36227416992188,0.0005447218443956903
6606,20240903,7,84.3955078125,0.0003939396241403603
6607,20240904,7,84.40472412109375,0.00010920378148826515
6608,20240905,7,84.4139633178711,0.00010946302915559869
6609,20240906,7,84.4600830078125,0.0005463514343917453
6610,20240909,7,84.4600830078125,0.0
6611,20240910,7,84.48777770996094,0.0003279028525922101
6612,20240911,7,84.48777770996094,0.0
6613,20240912,7,84.49702453613281,0.00010944572602711311
6614,20240913,7,84.54315948486328,0.0005459949505173256
6615,20240916,7,84.56159973144531,0.0002181163644034978
6616,20240917,7,84.5708236694336,0.00010907951147531847
6617,20240918,7,84.58928680419922,0.0002183156550277232
6618,20240919,7,84.60774230957031,0.000218177810315634
6619,20240920,7,84.64466094970703,0.0004363506119999805
6620,20240923,7,84.65386962890625,0.00010879220373616327
6621,20240924,7,84.66310119628906,0.00010905074302303142
6622,20240925,7,84.68156433105469,0.00021807770451043318
6623,20240926,7,84.68156433105469,0.0
6624,20240927,7,84.70925903320312,0.00032704523549154096
6625,20240930,7,84.7184829711914,0.00010888937164077461
6626,20241001,7,84.73793029785156,0.00022955234770627442
6627,20241002,7,84.7471923828125,0.00010930270456666058
6628,20241003,7,84.76570892333984,0.00021849149224562048
6629,20241004,7,84.78425598144531,0.00021880378682670454
6630,20241007,7,84.80277252197266,0.0002183959782744438
6631,20241008,7,84.80277252197266,0.0
6632,20241009,7,84.81202697753906,0.00010912916277594498
6633,20241010,7,84.82131958007812,0.00010956703748532526
6634,20241011,7,84.8676528930664,0.000546246076076784
6635,20241014,7,84.85836791992188,-0.00010940532497383249
6636,20241015,7,84.88617706298828,0.00032771244307516767
6637,20241016,7,84.88617706298828,0.0
6638,20241017,7,84.90470123291016,0.00021822363266665867
6639,20241018,7,84.93248748779297,0.00032726403225402656
6640,20241021,7,84.95101928710938,0.00021819447262827474
6641,20241022,7,84.96028900146484,0.00010911834176052793
6642,20241023,7,84.96028900146484,0.0
6643,20241024,7,84.96955108642578,0.00010901663671103456
6644,20241025,7,85.00659942626953,0.0004360190135177522
6645,20241028,7,85.00659942626953,0.0
6646,20241029,7,85.02513122558594,0.00021800424251150474
6647,20241030,7,85.03439331054688,0.00010893349798379859
6648,20241031,7,85.0529556274414,0.00021829187193400656
6649,20241101,7,85.08921813964844,0.00042635217012176874
6650,20241104,7,85.10781860351562,0.00021859953909397767
6651,20241105,7,85.10781860351562,0.0
6652,20241106,7,85.12641143798828,0.0002184621199055048
6653,20241107,7,85.13570404052734,0.00010916239016878215
6654,20241108,7,85.18222045898438,0.0005463796767908313
6655,20241111,7,85.17293548583984,-0.0001090013044330318
6656,20241112,7,85.18222045898438,0.00010901318701250773
6657,20241113,7,85.20084381103516,0.0002186295678889838
6658,20241114,7,85.20084381103516,0.0
6659,20241115,7,85.22871398925781,0.0003271115281964221
6660,20241118,7,85.23802947998047,0.00010929990946273449
6661,20241119,7,85.26593780517578,0.00032741635823319015
6662,20241120,7,85.27525329589844,0.0001092521933430124
6663,20241121,7,85.28453826904297,0.00010888238716000309
6664,20241122,7,85.31243896484375,0.0003271483479545534
6665,20241125,7,85.32176208496094,0.00010928207223126485
6666,20241126,7,85.32176208496094,0.0
6667,20241127,7,85.34966278076172,0.00032700562106291464
6668,20241129,7,85.36824035644531,0.00021766431264436115
6669,20241202,7,85.39158630371094,0.0002734734506433245
6670,20241203,7,85.41024780273438,0.0002185402547396631
6671,20241204,7,85.41960144042969,0.00010951423202643085
6672,20241205,7,85.4289321899414,0.00010923428995668338
6673,20241206,7,85.46627807617188,0.0004371573572690135
6674,20241209,7,85.47560119628906,0.00010908536474318886
6675,20241210,7,85.4942626953125,0.00021832544916033925
6676,20241211,7,85.50361633300781,0.00010940661279978947
6677,20241212,7,85.52229309082031,0.00021843237296259588
6678,20241213,7,85.55029296875,0.0003273985871725671
6679,20241216,7,85.55961608886719,0.00010897823717082034
6680,20241217,7,85.56895446777344,0.00010914470322709313
6681,20241218,7,85.56895446777344,0.0
6682,20241219,7,85.58116149902344,0.0001426572443934404
6683,20241220,7,85.61865234375,0.0004380735674753833
6684,20241223,7,85.61865234375,0.0
6685,20241224,7,85.63738250732422,0.00021876265348130808
6686,20241226,7,85.65614318847656,0.0002190711649872057
6687,20241227,7,85.69366455078125,0.00043804636664668273
6688,20241230,7,85.69366455078125,0.0
6689,20241231,7,85.71240234375,0.00021866018995653214
6690,20250102,7,85.73114013671875,0.00021861238813025707
6691,20250103,7,85.74052429199219,0.00010946028780756123
6692,20250106,7,85.74988555908203,0.00010918136047277649
6693,20250107,7,85.76863098144531,0.00021860580035837351
6694,20250108,7,85.78739166259766,0.00021873592871513026
6695,20250110,7,85.81550598144531,0.0003277208725289693
6696,20250113,7,85.82489776611328,0.00010944158122194736
6697,20250114,7,85.84364318847656,0.0002184147357142674
6698,20250115,7,85.85299682617188,0.00010896133188076362
6699,20250116,7,85.85299682617188,0.0
6700,20250117,7,85.89987182617188,0.0005459914240957264
6701,20250121,7,85.89987182617188,0.0
6702,20250122,7,85.91862487792969,0.00021831291897345118
6703,20250123,7,85.91862487792969,0.0
6704,20250124,7,85.95613861083984,0.00043661933560334987
6705,20250127,7,85.96550750732422,0.00010899624664140184
6706,20250128,7,85.96550750732422,0.0
6707,20250129,7,85.97488403320312,0.00010907311723951096
6708,20250130,7,85.98426055908203,0.00010906122159215492
6709,20250131,7,86.01237487792969,0.00032697052535946014
6710,20250203,7,86.0368423461914,0.0002844645121873324
6711,20250204,7,86.0368423461914,0.0
6712,20250205,7,86.04625701904297,0.00010942606207797745
6713,20250206,7,86.06507110595703,0.00021865084625227738
6714,20250207,7,86.08389282226562,0.00021869169532684474
6715,20250210,7,86.09329223632812,0.00010918899871215082
6716,20250211,7,86.10269927978516,0.00010926569553415533
6717,20250212,7,86.11209869384766,0.0001091651497702184
6718,20250213,7,86.13093566894531,0.00021874946010358443
6719,20250214,7,86.15913391113281,0.00032738808615628834
6720,20250218,7,86.17798614501953,0.0002188071424460425
6721,20250219,7,86.1873779296875,0.00010898125017866356
6722,20250220,7,86.2061767578125,0.00021811579115826873
6723,20250221,7,86.23440551757812,0.0003274563474138237
6724,20250224,7,86.24382019042969,0.00010917536678145545
6725,20250225,7,86.24382019042969,0.0
6726,20250226,7,86.26264190673828,0.00021823843455726077
6727,20250227,7,86.27204895019531,0.00010905118657511537
6728,20250228,7,86.29086303710938,0.00021807859142097819
6729,20250303,7,86.30879211425781,0.00020777491981660567
6730,20250304,7,86.30879211425781,0.0
6731,20250305,7,86.3182373046875,0.00010943485823755594
6732,20250306,7,86.32766723632812,0.00010924610991924766
6733,20250307,7,86.36541748046875,0.0004372902147034008
6734,20250310,7,86.3748550415039,0.0001092747688886675
6735,20250311,7,86.38428497314453,0.00010917450033454124
6736,20250312,7,86.39372253417969,0.00010925090180569086
6737,20250313,7,86.41260528564453,0.0002185662442937275
6738,20250314,7,86.43147277832031,0.00021834190293668065
6739,20250317,7,86.45037841796875,0.0002187355952725234
6740,20250318,7,86.45037841796875,0.0
6741,20250319,7,86.45980072021484,0.00010899087336024849
6742,20250320,7,86.4786605834961,0.0002181344754921266
6743,20250321,7,86.5069808959961,0.0003274832462587529
6744,20250324,7,86.5069808959961,0.0
6745,20250325,7,86.51642608642578,0.00010918414134741816
6746,20250326,7,86.52587127685547,0.00010917222147210914
6747,20250327,7,86.54473876953125,0.00021805608423641765
6748,20250328,7,86.57306671142578,0.0003273213634622518
6749,20250331,7,86.57306671142578,0.0
6750,20250401,7,86.59294891357422,0.000229658055370896
6751,20250402,7,86.60240936279297,0.00010925195801103627
6752,20250403,7,86.61187744140625,0.00010932812011743565
6753,20250404,7,86.6402816772461,0.00032794850635875505
6754,20250407,7,86.64974975585938,0.00010928033046520014
6755,20250408,7,86.66871643066406,0.00021888897380684114
6756,20250409,7,86.66871643066406,0.0
6757,20250410,7,86.67816162109375,0.00010898038898776718
6758,20250411,7,86.71607208251953,0.0004373703908431281
6759,20250414,7,86.71607208251953,0.0
6760,20250415,7,86.73499298095703,0.00021819367486441976
6761,20250416,7,86.74447631835938,0.00010933692476844392
6762,20250417,7,86.78235626220703,0.0004366842184697628
6763,20250421,7,86.79183197021484,0.00010918933774028972
6764,20250422,7,86.79183197021484,0.0
6765,20250423,7,86.8107681274414,0.00021817902441623183
6766,20250424,7,86.8107681274414,0.0
6767,20250425,7,86.84864807128906,0.00043635075077386176
6768,20250428,7,86.85812377929688,0.0001091059932221139
6769,20250429,7,86.85812377929688,0.0
6770,20250430,7,86.86760711669922,0.00010918192783493375
6771,20250501,7,86.88849639892578,0.00024047263323945245
6772,20250502,7,86.91702270507812,0.0003283093543404725
6773,20250505,7,86.91702270507812,0.0
6774,20250506,7,86.93602752685547,0.00021865477194071836
6775,20250507,7,86.93602752685547,0.0
6776,20250508,7,86.95503234863281,0.0002186069724829931
6777,20250509,7,86.98352813720703,0.000327707181569048
6778,20250512,7,86.98352813720703,0.0
6779,20250513,7,87.0025405883789,0.00021857530476210307
6780,20250514,7,87.0025405883789,0.0
6781,20250515,7,87.01203918457031,0.00010917607839000532
6782,20250516,7,87.05005645751953,0.0004369196872697767
6783,20250519,7,87.05005645751953,0.0
6784,20250520,7,87.06907653808594,0.00021849590155853527
6785,20250521,7,87.07855987548828,0.00010891739960272595
6786,20250522,7,87.09757995605469,0.0002184243813128095
6787,20250523,7,87.13558959960938,0.00043640298127534116
6788,20250527,7,87.13558959960938,0.0
6789,20250528,7,87.14509582519531,0.00010909693306282442
6790,20250529,7,87.15457916259766,0.0001088223876803962
6791,20250530,7,87.18310546875,0.0003273070265088496
6792,20250602,7,87.19837188720703,0.0001751075323017659
6793,20250603,7,87.2174301147461,0.00021856173603462814
6794,20250604,7,87.2174301147461,0.0
6795,20250605,7,87.22698974609375,0.00010960689090566689
6796,20250606,7,87.25557708740234,0.0003277350438415372
6797,20250609,7,87.27464294433594,0.00021850588317695596
6798,20250610,7,87.2841796875,0.00010927278350658653
6799,20250611,7,87.2841796875,0.0
6800,20250612,7,87.29371643066406,0.00010926084426987615
6801,20250613,7,87.33187866210938,0.00043717042882041035
6802,20250616,7,87.33187866210938,0.0
6803,20250617,7,87.3509292602539,0.00021814025343758203
6804,20250618,7,87.3700180053711,0.00021852938805388966
6805,20250620,7,87.38908386230469,0.00021821967499668915
6806,20250623,7,87.40816497802734,0.000218346673054981
6807,20250624,7,87.40816497802734,0.0
6808,20250625,7,87.41767883300781,0.00010884400768351732
6809,20250626,7,87.42723846435547,0.00010935581309490239
6810,20250627,7,87.46537780761719,0.0004362409694236291
6811,20250630,7,87.47490692138672,0.00010894726585974901
6812,20250701,7,87.49022674560547,0.00017513392992252186
6813,20250702,7,87.49978637695312,0.0001092651339840156
6814,20250703,7,87.5476303100586,0.0005467891418540205
6815,20250707,7,87.55720520019531,0.0001093677818897465
6816,20250708,7,87.55720520019531,0.0
6817,20250709,7,87.5667495727539,0.00010900727743390348
6818,20250710,7,87.58589172363281,0.0002186006785942496
6819,20250711,7,87.60503387451172,0.00021855290278161021
6820,20250714,7,87.61461639404297,0.00010938320673425928
6821,20250715,7,87.62417602539062,0.00010911000631064205
6822,20250716,7,87.64330291748047,0.00021828327474726628
6823,20250717,7,87.64330291748047,0.0
6824,20250718,7,87.68158721923828,0.0004368194771693368
6825,20250721,7,87.70071411132812,0.0002181403496039902
6826,20250722,7,87.71028137207031,0.0001090898841489274
6827,20250723,7,87.71986389160156,0.00010925195292221801
6828,20250724,7,87.71986389160156,0.0
6829,20250725,7,87.7485580444336,0.00032711123295281475
6830,20250728,7,87.75812530517578,0.00010903040409337983
6831,20250729,7,87.7677001953125,0.0001091054543773673
6832,20250730,7,87.77725219726562,0.00010883277027740057
6833,20250731,7,87.78682708740234,0.00010908168001422247
6834,20250801,7,87.82429504394531,0.0004268061369352427
6835,20250804,7,87.83386993408203,0.00010902325070683005
6836,20250805,7,87.83386993408203,0.0
6837,20250806,7,87.8626937866211,0.000328163299199824
6838,20250807,7,87.8626937866211,0.0
6839,20250808,7,87.8914794921875,0.00032762147762399607
6840,20250811,7,87.90106964111328,0.00010911352250730921
6841,20250812,7,87.91069030761719,0.00010944879900987026
6842,20250813,7,87.92030334472656,0.00010935003553869116
6843,20250814,7,87.92989349365234,0.00010907775065538416
6844,20250815,7,87.96829986572266,0.00043678401672453404
6845,20250818,7,87.96829986572266,0.0
6846,20250819,7,87.98751068115234,0.0002183833887776654
6847,20250820,7,88.00669860839844,0.0002180755779717103
6848,20250821,7,88.00669860839844,0.0
6849,20250822,7,88.03550720214844,0.00032734546580592827
6850,20250825,7,88.04510498046875,0.00010902167347404124
6851,20250826,7,88.0547103881836,0.00010909644229473159
6852,20250827,7,88.06431579589844,0.00010908454155944547
6853,20250828,7,88.07392120361328,0.00010907264342008283
6854,20250829,7,88.11231231689453,0.00043589649190822755
6855,20250902,7,88.1335220336914,0.0002407122936529671
6856,20250903,7,88.14314270019531,0.00010916012751915893
6857,20250904,7,88.16241455078125,0.00021864265325199916
6858,20250905,7,88.19131469726562,0.0003278057506890253
6859,20250908,7,88.2009506225586,0.00010926161296098691
6860,20250909,7,88.21057891845703,0.00010916317602571723
6861,20250910,7,88.22023010253906,0.00010941073282100255
6862,20250911,7,88.22988891601562,0.00010948524465792531
6863,20250912,7,88.2587661743164,0.0003272956438635788
6864,20250915,7,88.2684097290039,0.0001092645536020509
6865,20250916,7,88.2780532836914,0.00010925261616367976
6866,20250917,7,88.28767395019531,0.00010898140756454566
6867,20250918,7,88.29731750488281,0.00010922877742758352
6868,20250919,7,88.33585357666016,0.0004364353625490036
6869,20250922,7,88.34549713134766,0.00010916920250436668
6870,20250923,7,88.34549713134766,0.0
6871,20250924,7,88.36476135253906,0.00021805549594411389
6872,20250925,7,88.36476135253906,0.0
6873,20250926,7,88.3936538696289,0.000326968767273339
6874,20250929,7,88.4032974243164,0.00010909781715473521
6875,20250930,7,88.4032974243164,0.0
6876,20251001,7,88.42359924316406,0.00022965001803276763
6877,20251002,7,88.43328094482422,0.00010949228195888949
6878,20251003,7,88.45260620117188,0.00021852922498388772
6879,20251006,7,88.4719467163086,0.00021865398847298323
6880,20251007,7,88.4719467163086,0.0
6881,20251008,7,88.49127960205078,0.0002185199541746563
6882,20251009,7,88.49127960205078,0.0
6883,20251010,7,88.52995300292969,0.00043703064361610977
6884,20251013,7,88.53961181640625,0.00010910220946613869
6885,20251014,7,88.53961181640625,0.0
6886,20251015,7,88.54927825927734,0.00010917647675179332
6887,20251016,7,88.55895233154297,0.00010925071842260436
6888,20251017,7,88.57829284667969,0.0002183914175533097
6889,20251020,7,88.59761810302734,0.00021817146985547708
6890,20251021,7,88.59761810302734,0.0
6891,20251022,7,88.61695861816406,0.00021829610717327697
6892,20251023,7,88.62664031982422,0.0001092533732947043
6893,20251024,7,88.65563201904297,0.00032712172225113356
6894,20251027,7,88.65563201904297,0.0
6895,20251028,7,88.66529846191406,0.00010903360171199417
6896,20251029,7,88.69429779052734,0.0003270651440454575
6897,20251030,7,88.69429779052734,0.0
6898,20251031,7,88.71365356445312,0.00021823019526578946
6899,20251103,7,88.72625732421875,0.00014207237848085086
6900,20251104,7,88.73595428466797,0.00010929076399324167
6901,20251105,7,88.74565124511719,0.000109278820827452
6902,20251106,7,88.75535583496094,0.00010935284949287194
6903,20251107,7,88.78445434570312,0.0003278507586212953
6904,20251110,7,88.80386352539062,0.00021861011401758113
6905,20251111,7,88.7941665649414,-0.00010919525417318887
6906,20251112,7,88.80386352539062,0.00010920717907891841
6907,20251113,7,88.81355285644531,0.00010910934130614613
6908,20251114,7,88.85235595703125,0.0004369051719916861
6909,20251117,7,88.85235595703125,0.0
6910,20251118,7,88.87174987792969,0.0002182713186336116
6911,20251119,7,88.87174987792969,0.0
6912,20251120,7,88.89114379882812,0.00021822368666168934
6913,20251121,7,88.91056060791016,0.00021843356100781364
6914,20251124,7,88.91056060791016,0.0
6915,20251125,7,88.92994689941406,0.00021804261913715983
6916,20251126,7,88.93965148925781,0.00010912623005077116
6917,20251128,7,88.96874237060547,0.00032708562334726743
6918,20251201,7,88.97946166992188,0.00012048388041452363
6919,20251202,7,89.00865936279297,0.0003281396889025512
6920,20251203,7,89.01837921142578,0.00010920115753232373
6921,20251204,7,89.02810668945312,0.00010927493977663794
6922,20251205,7,89.04756927490234,0.0002186116966085283
6923,20251208,7,89.05728912353516,0.00010915344137929495
6924,20251209,7,89.0767593383789,0.00021862572996966811
6925,20251210,7,89.0767593383789,0.0
6926,20251211,7,89.08647918701172,0.00010911767227517188
6927,20251212,7,89.12540435791016,0.00043693690954738074
6928,20251215,7,89.12540435791016,0.0
6929,20251216,7,89.13513946533203,0.00010922932122459095
6930,20251217,7,89.14486694335938,0.0001091317979160511
6931,20251218,7,89.15950775146484,0.00016423613167515505
6932,20251219,7,89.18882751464844,0.000328846176061548
6933,20251222,7,89.18882751464844,0.0
6934,20251223,7,89.18882751464844,0.0
6935,20251224,7,89.21813201904297,0.00032856698771732695
6936,20251226,7,89.2474365234375,0.0003284590669112575
6937,20251229,7,89.2474365234375,0.0
6938,20251230,7,89.25720977783203,0.00010950739623716288
6939,20251231,7,89.26697540283203,0.00010940992917340964
6940,20260102,7,89.30606079101562,0.00043784824126968935
6941,20260105,7,89.30606079101562,0.0
6942,20260106,7,89.3158187866211,0.0001092646514586626
6943,20260107,7,89.3353500366211,0.0002186762688327626
6944,20260108,7,89.3353500366211,0.0
6945,20260109,7,89.35488891601562,0.000218713861719122
6946,20260112,7,89.36466979980469,0.00010946109281451122
6947,20260113,7,89.37442779541016,0.0001091929912271361
6948,20260114,7,89.38420104980469,0.00010935179822246788
6949,20260115,7,89.38420104980469,0.0
6950,20260116,7,89.42327880859375,0.0004371886567211547
6951,20260120,7,89.42327880859375,0.0
6952,20260121,7,89.43305969238281,0.00010937737823280003
6953,20260122,7,89.44281005859375,0.00010902418238267764
6954,20260123,7,89.47211456298828,0.00032763398617885464
6955,20260126,7,89.47211456298828,0.0
6956,20260127,7,89.48188781738281,0.00010923240656901534
6957,20260128,7,89.49165344238281,0.00010913521426747508
6958,20260129,7,89.51119232177734,0.00021833186272623983
6959,20260130,7,89.5307388305664,0.00021836943830222388
6960,20260202,7,89.54444885253906,0.0001531320097625244
6961,20260203,7,89.54444885253906,0.0
6962,20260204,7,89.56404876708984,0.00021888475278974973
6963,20260205,7,89.56404876708984,0.0
6964,20260206,7,89.59343719482422,0.0003281275036013387
6965,20260209,7,89.59343719482422,0.0
6966,20260210,7,89.60323333740234,0.00010933995708661826
6967,20260211,7,89.62283325195312,0.00021874115275477557
6968,20260212,7,89.62283325195312,0.0
6969,20260213,7,89.66202545166016,0.00043730150325482775
6970,20260217,7,89.67182159423828,0.00010925631591285345
6971,20260218,7,89.68162536621094,0.00010932946156727574
6972,20260219,7,89.68162536621094,0.0
6973,20260220,7,89.71101379394531,0.00032769731385173806
6974,20260223,7,89.71101379394531,0.0
6975,20260224,7,89.73060607910156,0.00021839330900053078
6976,20260225,7,89.74040985107422,0.00010925783744308859
6977,20260226,7,89.75020599365234,0.00010916088520640521
6978,20260227,7,89.76980590820312,0.00021838294780263112
6979,20260302,7,89.78257751464844,0.00014227062558624937
6980,20260303,7,89.79240417480469,0.00010944952159164245
6981,20260304,7,89.80223846435547,0.00010952251074192176
6982,20260305,7,89.81205749511719,0.00010934060141076785
6983,20260306,7,89.83169555664062,0.00021865729470116335
6984,20260309,7,89.84150695800781,0.000109219817197026
6985,20260310,7,89.85135650634766,0.00010963249252315954
6986,20260311,7,89.85135650634766,0.0
6987,20260312,7,89.87100219726562,0.00021864657008907606
6988,20260313,7,89.90046691894531,0.00032785571496152244
6989,20260316,7,89.90046691894531,0.0
6990,20260317,7,89.91028594970703,0.00010922113197220362
6991,20260318,7,89.92994689941406,0.00021867297494782
6992,20260319,7,89.92994689941406,0.0
6993,20260320,7,89.95941162109375,0.0003276408215011628
6994,20260323,7,89.96923828125,0.00010923437558307825
6995,20260324,7,89.97905731201172,0.00010913764470288356
6996,20260325,7,89.96923828125,-0.00010912573497712241
6997,20260326,7,89.98888397216797,0.00021836008944031704
6998,20260327,7,90.01835632324219,0.0003275110188425412
6999,20260330,7,90.0281982421875,0.0001093323556138337
7000,20260331,7,90.0281982421875,0.0
7001,20260401,7,90.05182647705078,0.0002624537125548443
7002,20260402,7,90.071533203125,0.0002188376054674812
7003,20260406,7,90.09123229980469,0.00021870502232101963
7004,20260407,7,90.10107421875,0.00010924391524103072
7005,20260408,7,90.10107421875,0.0
7006,20260409,7,90.11094665527344,0.00010957068613270948
7007,20260410,7,90.14049530029297,0.0003279140450336282
7008,20260413,7,90.14049530029297,0.0
7009,20260414,7,90.15034484863281,0.0001092688508870232
7010,20260415,7,90.16020202636719,0.00010934154218622538
7011,20260416,7,90.17005157470703,0.00010924496749642465
7012,20260417,7,90.19961547851562,0.0003278683253729042
7013,20260420,7,90.20946502685547,0.00010919723202351683
7014,20260421,7,90.21931457519531,0.00010918530929004966
7015,20260422,7,90.21931457519531,0.0
7016,20260423,7,90.23902130126953,0.00021843134329957437
7017,20260424,7,90.25872802734375,0.00021838364146731237
7018,20260427,7,90.2685775756836,0.00010912571620624867
7019,20260428,7,90.27843475341797,0.00010919832791334017
7020,20260429,7,90.27843475341797,0.0
7021,20260430,7,90.28829956054688,0.0001092709145418258
7022,20260501,7,90.31793975830078,0.00032828392934813877
7023,20260504,7,90.33769226074219,0.00021869965694820692
7024,20260505,7,90.34757232666016,0.00010936814601647527
7025,20260506,7,90.33769226074219,-0.00010935618593321816
7026,20260507,7,90.35745239257812,0.00021873629203295053
7027,20260508,7,90.37722778320312,0.00021885732832616078
7028,20260511,7,90.39698791503906,0.00021864060583198786
7029,20260512,7,90.4068603515625,0.00010921200751412563
7030,20260513,7,90.4068603515625,0.0
7031,20260514,7,90.42662811279297,0.00021865333176696033
7032,20260515,7,90.4463882446289,0.0002185211618339622
7033,20260518,7,90.4463882446289,0.0
7034,20260519,7,90.46615600585938,0.0002185577734403754
7035,20260520,7,90.48591613769531,0.00021842568213759073
7036,20260521,7,90.48591613769531,0.0
7037,20260522,7,90.50567626953125,0.00021837798277757337
7038,20260526,7,90.52544403076172,0.00021841460166105442
7039,20260527,7,90.53532409667969,0.00010914131406658534
7040,20260528,7,90.54521179199219,0.0001092136733495952
7041,20260529,7,90.57486724853516,0.000327520980469842
7042,20260601,7,90.58377838134766,9.838416641616554e-05
7043,20260602,7,90.57386016845703,-0.00010949215265532164
7044,20260603,7,90.59368896484375,0.00021892405104351198
7045,20260604,7,90.59368896484375,0.0
7046,20260605,7,90.63331604003906,0.00043741540551112124
7047,20260608,7,90.64324188232422,0.00010951648597701258
7048,20260609,7,90.64324188232422,0.0
7049,20260610,7,90.65315246582031,0.00010933615446995226
7050,20260611,7,90.6630630493164,0.00010932420138209942
7051,20260612,7,90.69278717041016,0.00032785260164414076
7052,20260615,7,90.69278717041016,0.0
7053,20260616,7,90.70269775390625,0.00010927642434754858
7054,20260617,7,90.71260833740234,0.00010926448431547442
7055,20260618,7,90.75225067138672,0.00043701018756880927
7056,20260622,7,90.75225067138672,0.0
7057,20260623,7,90.76216888427734,0.00010928889165007227
7058,20260624,7,90.7720718383789,0.00010910883051051812
7059,20260625,7,90.781982421875,0.00010918097709322616
7060,20260626,7,90.81172180175781,0.0003275912145717097
7061,20260629,7,90.82164001464844,0.00010921732011959229
7062,20260630,7,90.82164001464844,0.0
7063,20260701,7,90.8494644165039,0.0003063631294368818
7064,20260702,7,90.88922119140625,0.0004376115495858812
7065,20260706,7,90.87928009033203,-0.00010937601779292816
7066,20260707,7,90.89915466308594,0.00021869201356072843
7067,20260708,7,90.89915466308594,0.0
7068,20260709,7,90.90909576416016,0.00010936406516726116
7069,20260710,7,90.94886016845703,0.0004374084239056053
7070,20260713,7,90.94886016845703,0.0
7071,20260714,7,90.95880126953125,0.00010930429535682684
7072,20260715,7,90.96873474121094,0.00010920847175910353
7073,20260716,7,90.97867584228516,0.00010928041488655893
7074,20260717,7,90.9985580444336,0.00021853694796458711
7075,20260720,7,91.00849914550781,0.00010924460000083513
7076,20260721,7,91.00849914550781,0.0
7077,20260722,7,91.02838134765625,0.00021846533384373146
7078,20260723,7,91.02838134765625,0.0
7079,20260724,7,91.05819702148438,0.0003275426123887648
7080,20260727,7,91.0681381225586,0.00010917304975710529
7081,20260728,7,91.07807159423828,0.00010907735553256082
7082,20260729,7,91.0880126953125,0.00010914922659432946
7083,20260730,7,91.09796142578125,0.00010922107283239946
7084,20260731,7,91.12777709960938,0.0003272924373001196
7085,20260803,7,91.14073181152344,0.000142159858677271
7086,20260804,7,91.14073181152344,0.0
7087,20260805,7,91.15070343017578,0.00010940902551626053
7088,20260806,7,91.17063903808594,0.00021871041209720055
7089,20260807,7,91.20055389404297,0.00032811940634247527
7090,20260810,7,91.20055389404297,0.0
7091,20260811,7,91.21051788330078,0.00010925360463698297
7092,20260812,7,91.23046112060547,0.0002186506311716574
7093,20260813,7,91.23046112060547,0.0
7094,20260814,7,91.25039672851562,0.00021851920581439366
7095,20260817,7,91.27033996582031,0.00021855507504286997
7096,20260818,7,91.28030395507812,0.00010917006840927002
7097,20260819,7,91.29027557373047,0.0001092417336521212
7098,20260820,7,91.29027557373047,0.0
7099,20260821,7,91.32018280029297,0.0003276058306818097
7100,20260824,7,91.33015441894531,0.00010919402859888017
7101,20260825,7,91.34012603759766,0.0001091821065648535
7102,20260826,7,91.35009002685547,0.00010908665982922727
7103,20260827,7,91.35009002685547,0.0
7104,20260828,7,91.37003326416016,0.00021831655884319012
7105,20260831,7,91.3800048828125,0.00010913445356330875
7106,20210104,2,299.4560546875,0.0
7107,20210105,2,301.9247741699219,0.008244012581405835
7108,20210106,2,297.742431640625,-0.013852266813133673
7109,20210107,2,304.9454040527344,0.024191958037084182
7110,20210108,2,308.8663330078125,0.012857806358019586
7111,20210111,2,304.4033203125,-0.014449657403092897
7112,20210112,2,303.9190979003906,-0.0015907264467820426
7113,20210113,2,305.97161865234375,0.006753510279981834
7114,20210114,2,304.3354797363281,-0.005347355167194978
7115,20210115,2,301.9247741699219,-0.007921211054638944
7116,20210119,2,306.329833984375,0.014589925012162164
7117,20210120,2,313.45538330078125,0.02326103606601282
7118,20210121,2,315.9627990722656,0.007999274873127238
7119,20210122,2,315.05279541015625,-0.002880097482302779
7120,20210125,2,317.6571350097656,0.00826635928184305
7121,20210126,2,318.1217956542969,0.001462774146461232
7122,20210127,2,309.25360107421875,-0.027876727408250868
7123,20210128,2,311.0833740234375,0.005916739345517286
7124,20210129,2,304.5387878417969,-0.021038045514922166
7125,20210201,2,312.14837646484375,0.02498725589923856
7126,20210202,2,317.2407531738281,0.016313961862165716
7127,20210203,2,315.9822692871094,-0.003966967907270025
7128,20210204,2,319.7192077636719,0.011826418251231097
7129,20210205,2,320.8035583496094,0.0033915716028516396
7130,20210208,2,322.9527893066406,0.006699523434490873
7131,20210209,2,322.8851013183594,-0.00020959096970973867
7132,20210210,2,322.1492614746094,-0.002278952608050111
7133,20210211,2,323.92095947265625,0.0054996183754607575
7134,20210212,2,325.7313537597656,0.005589000137739442
7135,20210216,2,324.8504333496094,-0.0027044384889209905
7136,20210217,2,323.29168701171875,-0.004798350803531415
7137,20210218,2,321.8781433105469,-0.004372347814562416
7138,20210219,2,320.474365234375,-0.004361209685547096
7139,20210222,2,312.16766357421875,-0.025920019075726164
7140,20210223,2,311.23828125,-0.002977189608871167
7141,20210224,2,313.80389404296875,0.00824324303123869
7142,20210225,2,302.8638000488281,-0.034862836955881105
7143,20210226,2,304.13214111328125,0.004187826555199559
7144,20210301,2,313.2811584472656,0.03008237570844785
7145,20210302,2,308.2564697265625,-0.016038911326832772
7146,20210303,2,299.310791015625,-0.029020246416474937
7147,20210304,2,294.4120178222656,-0.01636684456559956
7148,20210305,2,298.84613037109375,0.015060908795866412
7149,20210308,2,290.38458251953125,-0.028314061959093584
7150,20210309,2,301.8376159667969,0.0394409143484582
7151,20210310,2,300.9759826660156,-0.0028546253190524506
7152,20210311,2,307.90789794921875,0.023031456602619516
7153,20210312,2,305.4101257324219,-0.008112075829925014
7154,20210315,2,308.67266845703125,0.010682496910622286
7155,20210316,2,310.36700439453125,0.005489102569299353
7156,20210317,2,311.64495849609375,0.0041175578700949345
7157,20210318,2,302.0990905761719,-0.030630586697077966
7158,20210319,2,303.1640319824219,0.0035251393978674717
7159,20210322,2,308.8493347167969,0.018753223122143448
7160,20210323,2,307.50189208984375,-0.004362782999641768
7161,20210324,2,302.3157958984375,-0.016865249693784
7162,20210325,2,301.7923278808594,-0.0017315271801212617
7163,20210326,2,306.3192443847656,0.015000104660358948
7164,20210329,2,306.2320251464844,-0.0002847331334223657
7165,20210330,2,304.6907043457031,-0.0050331796618723335
7166,20210331,2,309.3533935546875,0.015303024156897438
7167,20210401,2,314.62677001953125,0.01704644776722497
7168,20210405,2,320.9082336425781,0.01996480980514459
7169,20210406,2,320.6852722167969,-0.0006947825029306465
7170,20210407,2,321.4607238769531,0.0024181081182674813
7171,20210408,2,324.81475830078125,0.01043373007867654
7172,20210409,2,326.7825927734375,0.006058328392929857
7173,20210412,2,326.3560791015625,-0.001305190916857435
7174,20210413,2,330.1657409667969,0.011673328947087835
7175,20210414,2,326.200927734375,-0.01200855431218284
7176,20210415,2,331.1447448730469,0.015155742115784632
7177,20210416,2,331.532470703125,0.0011708651158779393
7178,20210419,2,328.4983215332031,-0.009151891407459867
7179,20210420,2,326.10400390625,-0.007288675375198617
7180,20210421,2,328.8957824707031,0.008561006706485408
7181,20210422,2,324.9310607910156,-0.01205464433111314
7182,20210423,2,329.0218200683594,0.012589622141340184
7183,20210426,2,331.16412353515625,0.006511128855684278
7184,20210427,2,329.7294616699219,-0.004332177803318293
7185,20210428,2,328.61474609375,-0.0033806975285931573
7186,20210429,2,329.7972412109375,0.003598423781171922
7187,20210430,2,327.6356201171875,-0.006554394105338868
7188,20210503,2,325.8907775878906,-0.005325558096133665
7189,20210504,2,320.026123046875,-0.017995767123032413
7190,20210505,2,318.95013427734375,-0.0033621904339778963
7191,20210506,2,321.35418701171875,0.00753739370520079
7192,20210507,2,323.9617919921875,0.008114426654019846
7193,20210510,2,315.7802734375,-0.025254578647610382
7194,20210511,2,315.34405517578125,-0.0013813980745858156
7195,20210512,2,307.1820068359375,-0.02588299416424389
7196,20210513,2,309.5569152832031,0.007731274600774496
7197,20210514,2,316.39105224609375,0.022077158110450634
7198,20210517,2,314.4716796875,-0.0060664565099673995
7199,20210518,2,312.3487854003906,-0.006750669215170535
7200,20210519,2,312.70745849609375,0.0011483095579940539
7201,20210520,2,318.7561950683594,0.019343115771385255
7202,20210521,2,316.9920349121094,-0.005534512531973457
7203,20210524,2,322.32354736328125,0.016819073869317025
7204,20210525,2,322.7694091796875,0.001383274104711063
7205,20210526,2,323.8939208984375,0.003483947631864881
7206,20210527,2,322.6821594238281,-0.0037412294471230734
7207,20210528,2,323.7000427246094,0.003154445546660334
7208,20210601,2,322.6240234375,-0.003324124637279713
7209,20210602,2,323.2540283203125,0.0019527525448970184
7210,20210603,2,319.8903503417969,-0.010405680003413798
7211,20210604,2,325.3188781738281,0.016969964321308817
7212,20210607,2,326.2882385253906,0.002979723639169096
7213,20210608,2,326.4432678222656,0.0004751298961176431
7214,20210609,2,326.5208740234375,0.00023773258272274944
7215,20210610,2,329.92327880859375,0.010420175418592192
7216,20210611,2,330.78607177734375,0.0026151321357670287
7217,20210614,2,333.95587158203125,0.009582627792203757
7218,20210615,2,331.7747802734375,-0.006531076391205204
7219,20210616,2,330.5631103515625,-0.0036520856735294815
7220,20210617,2,334.7604064941406,0.012697412418809284
7221,20210618,2,332.1335144042969,-0.007847081192649097
7222,20210621,2,334.19769287109375,0.006214905684839067
7223,20210622,2,337.31298828125,0.00932171429249773
7224,20210623,2,337.4779968261719,0.0004891852690365184
7225,20210624,2,339.5645446777344,0.00618276708758958
7226,20210625,2,339.14715576171875,-0.0012291887435178506
7227,20210628,2,343.2717590332031,0.012161692060252083
7228,20210629,2,344.5140075683594,0.003618848630761118
7229,20210630,2,343.9705505371094,-0.0015774598980338173
7230,20210701,2,344.1064147949219,0.00039498805232129897
7231,20210702,2,348.0563049316406,0.011478687890990935
7232,20210706,2,349.560546875,0.004321835065320245
7233,20210707,2,350.29815673828125,0.002110106160078118
7234,20210708,2,348.18243408203125,-0.006039776731770585
7235,20210709,2,350.3564147949219,0.006243797791299466
7236,20210712,2,351.7247619628906,0.0039055861693575444
7237,20210713,2,351.7247619628906,0.0
7238,20210714,2,352.35565185546875,0.0017937033749266806
7239,20210715,2,349.8807678222656,-0.007023823855728306
7240,20210716,2,347.0469970703125,-0.008099246979452857
7241,20210719,2,344.20343017578125,-0.008193607547496318
7242,20210720,2,348.20184326171875,0.011616424286926996
7243,20210721,2,350.89013671875,0.007720503234127429
7244,20210722,2,353.2096252441406,0.0066102984457776515
7245,20210723,2,357.334228515625,0.01167749397721951
7246,20210726,2,357.6156311035156,0.0007875052693933071
7247,20210727,2,353.6755065917969,-0.011017763679849413
7248,20210728,2,355.0341491699219,0.0038414946831279995
7249,20210729,2,355.6648864746094,0.0017765539066092462
7250,20210730,2,353.81134033203125,-0.00521149602635973
7251,20210802,2,353.8404235839844,8.219988631741337e-05
7252,20210803,2,355.98516845703125,0.006061333669350688
7253,20210804,2,356.4995422363281,0.0014449303647294798
7254,20210805,2,358.76080322265625,0.00634295621291181
7255,20210806,2,357.1885681152344,-0.004382404915193927
7256,20210809,2,357.84857177734375,0.0018477737560078644
7257,20210810,2,356.0143127441406,-0.005125796713656872
7258,20210811,2,355.4028015136719,-0.0017176591181271572
7259,20210812,2,356.6839294433594,0.0036047209651446366
7260,20210813,2,357.9358825683594,0.0035099790645285456
7261,20210816,2,358.0910949707031,0.00043363185951084127
7262,20210817,2,354.9370422363281,-0.008807961936705078
7263,20210818,2,351.5209045410156,-0.009624629973216337
7264,20210819,2,353.2192687988281,0.00483147441837084
7265,20210820,2,356.8780822753906,0.010358476447235754
7266,20210823,2,362.2157897949219,0.014956669475185924
7267,20210824,2,363.3221130371094,0.0030543208588833526
7268,20210825,2,363.7393493652344,0.001148392330533321
7269,20210826,2,361.4296569824219,-0.00634985570530977
7270,20210827,2,364.9428405761719,0.009720241617916958
7271,20210830,2,369.038330078125,0.011222276604980541
7272,20210831,2,368.7374267578125,-0.0008153714554496316
7273,20210901,2,369.34881591796875,0.0016580610369063553
7274,20210902,2,369.1741027832031,-0.00047303017428501626
7275,20210903,2,370.3096008300781,0.0030757792551385776
7276,20210907,2,370.8336181640625,0.001415078984746243
7277,20210908,2,369.54290771484375,-0.0034805648301490244
7278,20210909,2,368.2716064453125,-0.003440199346248174
7279,20210910,2,365.4765625,-0.007589626504989733
7280,20210913,2,365.2242431640625,-0.0006903844509522639
7281,20210914,2,364.1858825683594,-0.002843076863428995
7282,20210915,2,366.8934631347656,0.0074346115431809245
7283,20210916,2,367.14581298828125,0.00068780144339331
7284,20210917,2,362.7980651855469,-0.011842019298401119
7285,20210920,2,355.3014221191406,-0.020663404206889058
7286,20210921,2,355.7386169433594,0.0012304899361539334
7287,20210922,2,359.0614318847656,0.009340607915882648
7288,20210923,2,362.3744201660156,0.009226800728386886
7289,20210924,2,362.71441650390625,0.0009382459659676989
7290,20210927,2,359.8192443847656,-0.007981960427838275
7291,20210928,2,349.63720703125,-0.02829764531056511
7292,20210929,2,349.06402587890625,-0.001639359715776778
7293,20210930,2,347.7815246582031,-0.0036741145624328286
7294,20211001,2,349.9383544921875,0.006201680310948365
7295,20211004,2,342.59332275390625,-0.0209895018479469
7296,20211005,2,347.2179870605469,0.01349899136814936
7297,20211006,2,349.44287109375,0.006407744172582719
7298,20211007,2,352.64910888671875,0.009175284597832123
7299,20211008,2,350.8904724121094,-0.004986930153208724
7300,20211011,2,348.1992492675781,-0.007669695691738476
7301,20211012,2,346.9848937988281,-0.0034875304048022082
7302,20211013,2,349.7634582519531,0.008007738961500532
7303,20211014,2,356.2049865722656,0.01841681333008882
7304,20211015,2,358.4493103027344,0.006300652194865863
7305,20211018,2,362.05377197265625,0.010055708202863167
7306,20211019,2,364.7935485839844,0.007567319617747481
7307,20211020,2,364.3175354003906,-0.0013048837772529076
7308,20211021,2,366.54248046875,0.006107158871488716
7309,20211022,2,363.4626159667969,-0.008402476291464178
7310,20211025,2,367.1836853027344,0.010237832372497424
7311,20211026,2,368.33978271484375,0.003148553321905334
7312,20211027,2,369.19482421875,0.0023213390028200553
7313,20211028,2,373.2948913574219,0.011105429626073526
7314,20211029,2,375.1310119628906,0.004918686668311967
7315,20211101,2,376.4134826660156,0.00341872749046912
7316,20211102,2,377.9874267578125,0.004181423259998818
7317,20211103,2,382.0001220703125,0.010615949178307105
7318,20211104,2,386.8966979980469,0.012818257494779273
7319,20211105,2,387.265869140625,0.000954185301886401
7320,20211108,2,386.74127197265625,-0.001354617614851672
7321,20211109,2,384.0791931152344,-0.006883358592278954
7322,20211110,2,378.4344177246094,-0.014696904939944022
7323,20211111,2,379.48370361328125,0.002772702057547649
7324,20211112,2,383.476806640625,0.010522462464983784
7325,20211115,2,383.3893737792969,-0.0002280003896300009
7326,20211116,2,386.1194152832031,0.007120806393235757
7327,20211117,2,386.3235168457031,0.0005285969946637881
7328,20211118,2,390.3263854980469,0.010361441842906105
7329,20211119,2,392.5026550292969,0.005575512217738332
7330,20211122,2,387.94598388671875,-0.011609274699652672
7331,20211123,2,386.1778259277344,-0.004557742655999952
7332,20211124,2,387.4214172363281,0.0032202556053191334
7333,20211126,2,380.0763854980469,-0.01895876534311669
7334,20211129,2,388.3249206542969,0.021702308985708907
7335,20211130,2,382.6217956542969,-0.014686476959528294
7336,20211201,2,376.1122741699219,-0.017012939561489193
7337,20211202,2,378.822998046875,0.0072072199263788495
7338,20211203,2,372.2358093261719,-0.017388566044472364
7339,20211206,2,375.21856689453125,0.008013086042846895
7340,20211207,2,386.517822265625,0.030113795979264113
7341,20211208,2,388.24713134765625,0.004474073334819861
7342,20211209,2,382.53436279296875,-0.014714258247981782
7343,20211210,2,386.6927490234375,0.01087062140014683
7344,20211213,2,381.106201171875,-0.014446994068729957
7345,20211214,2,377.16168212890625,-0.01035018331068771
7346,20211215,2,385.7599792480469,0.022797377163573884
7347,20211216,2,375.84039306640625,-0.025714399407052668
7348,20211217,2,373.9652099609375,-0.004989307003884003
7349,20211220,2,370.33758544921875,-0.009700433128786656
7350,20211221,2,378.6258850097656,0.022380389909636644
7351,20211222,2,383.2370300292969,0.012178631208514146
7352,20211223,2,386.1262512207031,0.007538992751262574
7353,20211227,2,392.5079040527344,0.01652737365526491
7354,20211228,2,390.6886901855469,-0.004634846453800523
7355,20211229,2,390.6302490234375,-0.00014958498563555356
7356,20211230,2,389.4629211425781,-0.0029883192194605224
7357,20211231,2,387.03094482421875,-0.006244436084504867
7358,20220103,2,390.75677490234375,0.009626698143780699
7359,20220104,2,385.68841552734375,-0.012970624440911238
7360,20220105,2,373.8397521972656,-0.030720817253164556
7361,20220106,2,373.57708740234375,-0.0007026133346655916
7362,20220107,2,369.5301208496094,-0.010833015966998483
7363,20220110,2,369.77337646484375,0.0006582835918087504
7364,20220111,2,375.32806396484375,0.015021869754671568
7365,20220112,2,376.8164367675781,0.003965524951722754
7366,20220113,2,367.3899841308594,-0.025016033582773378
7367,20220114,2,369.6761169433594,0.006222632383156457
7368,20220118,2,360.47332763671875,-0.024894194904267142
7369,20220119,2,356.5140380859375,-0.010983585323048883
7370,20220120,2,351.8834533691406,-0.012988505983264176
7371,20220121,2,342.12615966796875,-0.027728765327695193
7372,20220124,2,343.6924743652344,0.004578178701055036
7373,20220125,2,335.7250671386719,-0.023181791342034797
7374,20220126,2,335.1998291015625,-0.0015644885905776729
7375,20220127,2,331.8241882324219,-0.010070532786930042
7376,20220128,2,342.2332458496094,0.03136919485175271
7377,20220131,2,353.1772766113281,0.03197828058624075
7378,20220201,2,355.58013916015625,0.006803559311298724
7379,20220202,2,358.4693908691406,0.008125458626031534
7380,20220203,2,343.9355773925781,-0.04054408506490326
7381,20220204,2,348.2743835449219,0.012615171088832478
7382,20220207,2,345.47271728515625,-0.008044422421335629
7383,20220208,2,349.354248046875,0.011235419086697007
7384,20220209,2,356.7572937011719,0.021190655890646504
7385,20220210,2,348.68292236328125,-0.0226326734742357
7386,20220211,2,337.6221008300781,-0.031721718569512336
7387,20220214,2,338.0404968261719,0.0012392435064678686
7388,20220215,2,346.4455261230469,0.024863971553080066
7389,20220216,2,346.35791015625,-0.0002528996918429449
7390,20220217,2,336.055908203125,-0.02974380446076008
7391,20220218,2,332.22308349609375,-0.011405318619527316
7392,20220222,2,328.8862609863281,-0.01004392131531362
7393,20220223,2,320.4618835449219,-0.02561486580844574
7394,20220224,2,331.2308349609375,0.03360446895240843
7395,20220225,2,336.3672180175781,0.015506959239608209
7396,20220228,2,337.3691711425781,0.002978747842626195
7397,20220301,2,332.20355224609375,-0.015311472826606609
7398,20220302,2,337.77777099609375,0.016779527829583918
7399,20220303,2,332.9526672363281,-0.014284846944002783
7400,20220304,2,328.12750244140625,-0.014492044274560523
7401,20220307,2,316.02581787109375,-0.03688104313192553
7402,20220308,2,314.556884765625,-0.004648142722528892
7403,20220309,2,325.8802795410156,0.03599792382172029
7404,20220310,2,322.261474609375,-0.011104706724621383
7405,20220311,2,315.5782470703125,-0.02073852466281767
7406,20220314,2,309.5177917480469,-0.019204287299673495
7407,20220315,2,319.226318359375,0.03136661888319181
7408,20220316,2,331.0654296875,0.03708688991863407
7409,20220317,2,335.0733642578125,0.012106170596234422
7410,20220318,2,341.93170166015625,0.020468166479108207
7411,20220321,2,340.9810485839844,-0.0027802425793110874
7412,20220322,2,347.6822204589844,0.019652622639376727
7413,20220323,2,342.68548583984375,-0.014371556338268587
7414,20220324,2,350.30224609375,0.02222667888965102
7415,20220325,2,350.0101318359375,-0.0008338920491373081
7416,20220328,2,355.4255676269531,0.015472225797035
7417,20220329,2,361.5423278808594,0.017209679919049314
7418,20220330,2,357.5489196777344,-0.011045479035696637
7419,20220331,2,353.11712646484375,-0.012394928271312056
7420,20220401,2,352.4450988769531,-0.0019031294081328642
7421,20220404,2,359.7014465332031,0.020588590050966582
7422,20220405,2,351.714599609375,-0.022204100096914314
7423,20220406,2,344.07843017578125,-0.021711266583970934
7424,20220407,2,344.8965759277344,0.0023777885511020447
7425,20220408,2,340.07513427734375,-0.013979383928128253
7426,20220411,2,332.0299377441406,-0.0236571149204986
7427,20220412,2,330.6273193359375,-0.004224373313240104
7428,20220413,2,337.3480224609375,0.020327125836118176
7429,20220414,2,329.63385009765625,-0.022867104146651718
7430,20220418,2,329.8870544433594,0.0007681381800688225
7431,20220419,2,337.26031494140625,0.022350863420476763
7432,20220420,2,332.341552734375,-0.014584467810527357
7433,20220421,2,325.46502685546875,-0.02069114085292345
7434,20220422,2,316.9425354003906,-0.026185582940875474
7435,20220425,2,321.0137939453125,0.012845415462391818
7436,20220426,2,308.8971862792969,-0.037744819364615156
7437,20220427,2,308.5270690917969,-0.0011981889247943966
7438,20220428,2,319.48468017578125,0.0355158823381041
7439,20220429,2,305.1083068847656,-0.04499863118039249
7440,20220502,2,310.202392578125,0.016695991483717032
7441,20220503,2,310.5335693359375,0.0010676150981945298
7442,20220504,2,321.03326416015625,0.03381178674715235
7443,20220505,2,304.8647766113281,-0.05036390104659694
7444,20220506,2,301.2122497558594,-0.011980809643107326
7445,20220509,2,289.4266662597656,-0.03912717197141313
7446,20220510,2,292.94293212890625,0.012149073596365634
7447,20220511,2,284.2547302246094,-0.029658342808126625
7448,20220512,2,283.5826416015625,-0.0023643885275570486
7449,20220513,2,294.0921936035156,0.03705992702021299
7450,20220516,2,290.68316650390625,-0.011591695304246308
7451,20220517,2,298.2123107910156,0.02590154902213171
7452,20220518,2,283.5729675292969,-0.0490903384333381
7453,20220519,2,282.0534362792969,-0.00535851940768306
7454,20220520,2,281.1768798828125,-0.0031077671240153926
7455,20220523,2,285.85211181640625,0.016627369702453043
7456,20220524,2,279.7743225097656,-0.021262005965323016
7457,20220525,2,283.6898193359375,0.013995197239858204
7458,20220526,2,291.5500793457031,0.02770723330207958
7459,20220527,2,301.066162109375,0.032639616442663444
7460,20220531,2,300.2674560546875,-0.002652925353986979
7461,20220601,2,298.0467529296875,-0.007395750289353797
7462,20220602,2,306.2088623046875,0.02738533231705942
7463,20220603,2,298.2415466308594,-0.02601921973734511
7464,20220606,2,299.2349853515625,0.0033309870201709835
7465,20220607,2,301.8161315917969,0.008625817055455176
7466,20220608,2,299.64404296875,-0.0071967280595346406
7467,20220609,2,291.6181640625,-0.026784710374125553
7468,20220610,2,281.332763671875,-0.03527009513858892
7469,20220613,2,268.2518005371094,-0.04649640860892501
7470,20220614,2,268.73883056640625,0.0018155704018452123
7471,20220615,2,275.4497375488281,0.02497185452611239
7472,20220616,2,264.33624267578125,-0.040346725220882895
7473,20220617,2,267.5505676269531,0.012159985776579063
7474,20220621,2,274.3006286621094,0.025229103772890893
7475,20220622,2,273.90057373046875,-0.0014584543010049966
7476,20220623,2,277.9797058105469,0.014892747483224333
7477,20220624,2,287.5043640136719,0.0342638617281521
7478,20220627,2,285.39642333984375,-0.007331856269589987
7479,20220628,2,276.7013244628906,-0.030466740876423648
7480,20220629,2,276.9550476074219,0.0009169567403544132
7481,20220630,2,273.52001953125,-0.012402836149211338
7482,20220701,2,275.32537841796875,0.006600463431571502
7483,20220705,2,280.0387878417969,0.017119415038713726
7484,20220706,2,281.8345031738281,0.00641238074864714
7485,20220707,2,287.865478515625,0.021398995771916285
7486,20220708,2,288.22650146484375,0.0012541377002910359
7487,20220711,2,282.0687561035156,-0.02136425807492659
7488,20220712,2,279.336181640625,-0.009687618368791617
7489,20220713,2,278.76043701171875,-0.0020611172728313143
7490,20220714,2,279.755859375,0.0035708882291620725
7491,20220715,2,284.83038330078125,0.018139115788738724
7492,20220718,2,282.41998291015625,-0.008462581704563488
7493,20220719,2,291.1053466796875,0.03075336128851136
7494,20220720,2,295.7212829589844,0.015856583645562194
7495,20220721,2,299.9663391113281,0.014354922682154436
7496,20220722,2,294.7063293457031,-0.01753533340176816
7497,20220725,2,293.0278625488281,-0.00569538767830835
7498,20220726,2,287.2701416015625,-0.019649056226884176
7499,20220727,2,299.41009521484375,0.042259712567410235
7500,20220728,2,302.3377990722656,0.009778240293872198
7501,20220729,2,307.8514404296875,0.018236692118354547
7502,20220801,2,307.6659851074219,-0.0006024182378577825
7503,20220802,2,306.7486877441406,-0.002981471490782317
7504,20220803,2,315.102294921875,0.027232739736126055
7505,20220804,2,316.5758056640625,0.004676293273436327
7506,20220805,2,313.9897766113281,-0.008168751390554951
7507,20220808,2,312.9748229980469,-0.0032324415916815674
7508,20220809,2,309.432373046875,-0.011318641918982686
7509,20220810,2,318.0689697265625,0.027911096032538163
7510,20220811,2,316.2635803222656,-0.005676094105781293
7511,20220812,2,322.4214172363281,0.01947058497152221
7512,20220815,2,325.02703857421875,0.00808141518707095
7513,20220816,2,324.2657775878906,-0.0023421466400688207
7514,20220817,2,320.56719970703125,-0.011406007468231505
7515,20220818,2,321.33819580078125,0.002405099755853346
7516,20220819,2,315.0729675292969,-0.019497303318926296
7517,20220822,2,306.7779846191406,-0.026327180574083786
7518,20220823,2,306.5242614746094,-0.0008270578635107828
7519,20220824,2,307.4123840332031,0.0028973972706800577
7520,20220825,2,312.84796142578125,0.01768171249727879
7521,20220826,2,300.02490234375,-0.04098814971844822
7522,20220829,2,297.0679931640625,-0.009855545844990043
7523,20220830,2,293.7596740722656,-0.01113657199000162
7524,20220831,2,292.0519104003906,-0.005813472108683215
7525,20220901,2,292.1788024902344,0.0004344847108508354
7526,20220902,2,288.05084228515625,-0.014128198794353342
7527,20220906,2,285.9819641113281,-0.007182336831287661
7528,20220907,2,291.7591552734375,0.020201243040139483
7529,20220908,2,293.27178955078125,0.00518453063084201
7530,20220909,2,299.68328857421875,0.021861969858261165
7531,20220912,2,303.2453308105469,0.011886022251273998
7532,20220913,2,286.6163635253906,-0.05483668038913758
7533,20220914,2,288.8900451660156,0.007932839607127207
7534,20220915,2,284.07904052734375,-0.016653410940162927
7535,20220916,2,282.34197998046875,-0.00611470858128238
7536,20220919,2,284.5406494140625,0.007787256552305166
7537,20220920,2,282.27252197265625,-0.00797118951572251
7538,20220921,2,277.2181701660156,-0.017905929246383567
7539,20220922,2,273.8061218261719,-0.01230816990747896
7540,20220923,2,269.3482360839844,-0.016281176302616163
7541,20220926,2,268.23370361328125,-0.004137886651522815
7542,20220927,2,268.34130859375,0.00040116129710487947
7543,20220928,2,273.6790771484375,0.019891713961820656
7544,20220929,2,265.7896423339844,-0.02882732175457492
7545,20220930,2,261.28271484375,-0.016956746134490386
7546,20221003,2,267.4125061035156,0.02346037801785439
7547,20221004,2,275.82012939453125,0.03144065105078164
7548,20221005,2,275.6734313964844,-0.0005318611022657738
7549,20221006,2,273.5032043457031,-0.007872456332797428
7550,20221007,2,263.0815124511719,-0.03810445994394429
7551,20221010,2,260.45172119140625,-0.009996108184354924
7552,20221011,2,256.87353515625,-0.013738385059573588
7553,20221012,2,256.78564453125,-0.0003421552358304769
7554,20221013,2,262.80780029296875,0.023452073314736532
7555,20221014,2,254.90846252441406,-0.030057470743824144
7556,20221017,2,263.325927734375,0.03302152124178592
7557,20221018,2,265.40838623046875,0.00790829263950954
7558,20221019,2,264.4404296875,-0.0036470458101056646
7559,20221020,2,263.0912780761719,-0.005101911280822158
7560,20221021,2,269.2602233886719,0.023447927873587293
7561,20221024,2,272.22247314453125,0.01100143838023726
7562,20221025,2,277.8535461425781,0.020685555211516826
7563,20221026,2,271.7140197753906,-0.022096267808786818
7564,20221027,2,266.7672119140625,-0.018205935289674624
7565,20221028,2,274.9305114746094,0.030600835469902554
7566,20221031,2,271.733642578125,-0.011627916011714201
7567,20221101,2,268.9571533203125,-0.010217686818128291
7568,20221102,2,259.7380065917969,-0.03427738067087638
7569,20221103,2,254.66415405273438,-0.01953450172980098
7570,20221104,2,258.7603759765625,0.016084799759372048
7571,20221107,2,261.6052551269531,0.010994261156307417
7572,20221108,2,263.5117492675781,0.0072876752406974
7573,20221109,2,257.43084716796875,-0.02307639836368225
7574,20221110,2,276.4262390136719,0.0737883282235754
7575,20221111,2,281.5197448730469,0.018426274862868963
7576,20221114,2,279.0561218261719,-0.008751155440219649
7577,20221115,2,282.91778564453125,0.01383830533115793
7578,20221116,2,279.0561218261719,-0.013649420482921948
7579,20221117,2,278.4402160644531,-0.002207103566437496
7580,20221118,2,278.449951171875,3.4963007712995875e-05
7581,20221121,2,275.58551025390625,-0.010287094344651693
7582,20221122,2,279.55474853515625,0.014402928069741527
7583,20221123,2,282.36053466796875,0.01003662483829948
7584,20221125,2,280.5029602050781,-0.0065787326301636195
7585,20221128,2,276.38720703125,-0.014672761994451222
7586,20221129,2,274.2950744628906,-0.0075695709321409455
7587,20221130,2,286.7989501953125,0.045585491306784354
7588,20221201,2,287.15087890625,0.0012270920472261526
7589,20221202,2,286.0071105957031,-0.0039831614477499055
7590,20221205,2,281.20697021484375,-0.01678329035547932
7591,20221206,2,275.38018798828125,-0.020720618063310492
7592,20221207,2,274.2559509277344,-0.004082490714962805
7593,20221208,2,277.5016784667969,0.011834665858965199
7594,20221209,2,275.7321472167969,-0.0063766506198330575
7595,20221212,2,279.1929931640625,0.01255147788242672
7596,20221213,2,282.19427490234375,0.010749846205909686
7597,20221214,2,280.1021728515625,-0.007413694170462004
7598,20221215,2,270.6973571777344,-0.03357637528507185
7599,20221216,2,268.11639404296875,-0.009534496980962426
7600,20221219,2,264.3484191894531,-0.014053504139369233
7601,20221220,2,264.1426086425781,-0.0007785578877530508
7602,20221221,2,267.9743347167969,0.014506277854640315
7603,20221222,2,261.41827392578125,-0.02446525633861263
7604,20221223,2,262.00616455078125,0.0022488505343238874
7605,20221227,2,258.3018798828125,-0.014138158444935378
7606,20221228,2,254.89161682128906,-0.013202625792234302
7607,20221229,2,261.1046447753906,0.024375175737763266
7608,20221230,2,260.9478759765625,-0.0006004060133169009
7609,20230103,2,259.18389892578125,-0.006759882770380088
7610,20230104,2,260.4186096191406,0.00476384026352239
7611,20230105,2,256.3419494628906,-0.015654258204557903
7612,20230106,2,263.4173889160156,0.027601566844404735
7613,20230109,2,265.12261962890625,0.006473493340389602
7614,20230110,2,267.3667297363281,0.008464423407414268
7615,20230111,2,271.9922180175781,0.017300164032419296
7616,20230112,2,273.462158203125,0.005404346478221189
7617,20230113,2,275.3437194824219,0.0068805179175805975
7618,20230117,2,275.90228271484375,0.002028603497736814
7619,20230118,2,272.3155517578125,-0.013000004645624008
7620,20230119,2,269.6402282714844,-0.009824350717609676
7621,20230120,2,277.0193786621094,0.027366652364629207
7622,20230123,2,283.1737060546875,0.022216234193799034
7623,20230124,2,282.5955505371094,-0.0020416991592661082
7624,20230125,2,281.9683532714844,-0.0022194166342426325
7625,20230126,2,287.46600341796875,0.019497401331386666
7626,20230127,2,290.3275451660156,0.009954365782468777
7627,20230130,2,284.4574890136719,-0.02021873656179307
7628,20230131,2,288.7203369140625,0.014985887399806552
7629,20230201,2,294.8941955566406,0.021383525346937216
7630,20230202,2,305.4779052734375,0.035889854314762326
7631,20230203,2,300.0489196777344,-0.017772105615440736
7632,20230206,2,297.5107421875,-0.008459212227660995
7633,20230207,2,303.67474365234375,0.02071858454428188
7634,20230208,2,298.2751159667969,-0.01778095741715202
7635,20230209,2,295.6389465332031,-0.008838046798001042
7636,20230210,2,293.6986389160156,-0.00656309880663708
7637,20230213,2,298.4025573730469,0.016016139790066664
7638,20230214,2,300.6075134277344,0.0073891995903070384
7639,20230215,2,302.9103698730469,0.007660674941400325
7640,20230216,2,297.22650146484375,-0.018764192228167387
7641,20230217,2,295.12939453125,-0.00705558529693151
7642,20230221,2,288.1422119140625,-0.023674980353228237
7643,20230222,2,288.3577575683594,0.0007480530286245735
7644,20230223,2,290.8763427734375,0.008734237727178407
7645,20230224,2,286.005859375,-0.01674417160226438
7646,20230227,2,288.0539855957031,0.007161133779492568
7647,20230228,2,287.6815490722656,-0.0012929400114609635
7648,20230301,2,285.3688659667969,-0.008039038697222112
7649,20230302,2,287.7305603027344,0.008275935526240286
7650,20230303,2,293.678955078125,0.020673489702074166
7651,20230306,2,294.01226806640625,0.0011349570083853955
7652,20230307,2,290.40594482421875,-0.012265893753021784
7653,20230308,2,291.8563232421875,0.004994313800451566
7654,20230309,2,286.79962158203125,-0.01732599658620415
7655,20230310,2,282.7718811035156,-0.0140437440478407
7656,20230313,2,284.8690490722656,0.0074164657410977775
7657,20230314,2,291.4152526855469,0.02297969412472267
7658,20230315,2,292.94403076171875,0.0052460468766935
7659,20230316,2,300.6662902832031,0.026360870031742367
7660,20230317,2,299.2453308105469,-0.004726035204404955
7661,20230320,2,300.3072204589844,0.0035485587880728087
7662,20230321,2,304.5964050292969,0.014282655487793505
7663,20230322,2,300.45452880859375,-0.013597915642847958
7664,20230323,2,304.0173034667969,0.011857949595004413
7665,20230324,2,305.13623046875,0.0036804714376243997
7666,20230327,2,303.0456237792969,-0.006851387939877052
7667,20230328,2,301.43597412109375,-0.005311575326939599
7668,20230329,2,306.9324035644531,0.018234152242065704
7669,20230330,2,309.8376159667969,0.009465316690597358
7670,20230331,2,314.99041748046875,0.01663065182577461
7671,20230403,2,314.224853515625,-0.002430435728703495
7672,20230404,2,313.1648864746094,-0.0033732756309898804
7673,20230405,2,310.0731506347656,-0.0098725494887002
7674,20230406,2,312.1637268066406,0.006742203146564929
7675,20230410,2,311.98699951171875,-0.0005661365486943071
7676,20230411,2,309.9847412109375,-0.006417761970578639
7677,20230412,2,307.2463684082031,-0.00883389547510327
7678,20230413,2,313.2630310058594,0.019582534461929146
7679,20230414,2,312.6741027832031,-0.0018799799668836048
7680,20230417,2,312.9390869140625,0.0008474770647797225
7681,20230418,2,312.9587097167969,6.270486351800386e-05
7682,20230419,2,312.8114929199219,-0.0004704032586542173
7683,20230420,2,310.4264831542969,-0.007624431389531949
7684,20230421,2,310.7503967285156,0.0010434469731042118
7685,20230424,2,310.10260009765625,-0.002084620446761054
7686,20230425,2,304.2528381347656,-0.018863956513258673
7687,20230426,2,306.0981140136719,0.006064942204709656
7688,20230427,2,314.421142578125,0.027190721482463598
7689,20230428,2,316.5902404785156,0.00689870243013857
7690,20230501,2,316.22711181640625,-0.0011469989143080284
7691,20230502,2,313.4691162109375,-0.008721565932872877
7692,20230503,2,311.4177551269531,-0.006544061210176699
7693,20230504,2,310.3185119628906,-0.0035298024790345606
7694,20230505,2,316.9141845703125,0.021254525119051237
7695,20230508,2,317.6993103027344,0.0024774079881795252
7696,20230509,2,315.6872863769531,-0.006333107628921253
7697,20230510,2,319.1224670410156,0.010881593311808713
7698,20230511,2,320.1628723144531,0.0032602069139300305
7699,20230512,2,319.0144958496094,-0.0035868508317099534
7700,20230515,2,320.7419738769531,0.005415045553786024
7701,20230516,2,321.1051025390625,0.0011321519841014371
7702,20230517,2,324.9918212890625,0.012104194917074373
7703,20230518,2,331.0279846191406,0.01857327764783734
7704,20230519,2,330.28204345703125,-0.0022534081611487178
7705,20230522,2,331.39117431640625,0.003358132485090204
7706,20230523,2,327.1903381347656,-0.012676367106957853
7707,20230524,2,325.5119934082031,-0.005129566894090942
7708,20230525,2,333.43267822265625,0.02433300454315468
7709,20230526,2,341.9520263671875,0.025550429519815454
7710,20230530,2,343.5027770996094,0.0045349950076232215
7711,20230531,2,341.5495910644531,-0.005686085136336061
7712,20230601,2,345.4952087402344,0.011552107743664886
7713,20230602,2,348.0863037109375,0.007499655292329432
7714,20230605,2,348.3316650390625,0.0007048864764549467
7715,20230606,2,348.27276611328125,-0.00016908863503595217
7716,20230607,2,342.3642578125,-0.016965174643771674
7717,20230608,2,346.6141052246094,0.012413233318405714
7718,20230609,2,347.93914794921875,0.0038228182426411905
7719,20230612,2,353.8182067871094,0.01689680184751352
7720,20230613,2,356.5369873046875,0.007684117056231621
7721,20230614,2,359.1281433105469,0.007267565773323437
7722,20230615,2,363.4075012207031,0.01191596367443637
7723,20230616,2,361.1205749511719,-0.006293007881921442
7724,20230620,2,360.6036071777344,-0.0014315655470680255
7725,20230621,2,355.6894226074219,-0.013627663374677246
7726,20230622,2,359.8861083984375,0.011798736550137967
7727,20230623,2,356.31842041015625,-0.009913380664116622
7728,20230626,2,351.54180908203125,-0.013405457182445568
7729,20230627,2,357.58624267578125,0.01719406749806973
7730,20230628,2,358.2840576171875,0.0019514591394360625
7731,20230629,2,357.566650390625,-0.002002342028092796
7732,20230630,2,363.080322265625,0.015419983572227958
7733,20230703,2,363.9354553222656,0.002355217300966883
7734,20230705,2,363.925537109375,-2.7252670069866092e-05
7735,20230706,2,361.1539611816406,-0.007615777528965806
7736,20230707,2,359.9549255371094,-0.003320012441807907
7737,20230710,2,360.0728454589844,0.000327596355846671
7738,20230711,2,361.85186767578125,0.004940728630977942
7739,20230712,2,366.4219665527344,0.01262975069413752
7740,20230713,2,372.64337158203125,0.016978799300236602
7741,20230714,2,372.56475830078125,-0.00021096116889518512
7742,20230717,2,376.04400634765625,0.009338639711236718
7743,20230718,2,379.1202392578125,0.008180513073547724
7744,20230719,2,379.0317687988281,-0.0002333572566781683
7745,20230720,2,370.29437255859375,-0.023051883666436845
7746,20230721,2,369.18377685546875,-0.0029992238214456846
7747,20230724,2,369.77349853515625,0.001597366180904558
7748,20230725,2,372.27972412109375,0.006777731762459549
7749,20230726,2,371.041259765625,-0.003326703753186111
7750,20230727,2,370.15679931640625,-0.0023837253295696526
7751,20230728,2,376.8990783691406,0.0182146567756849
7752,20230731,2,377.0956115722656,0.0005214478209270013
7753,20230801,2,376.2208557128906,-0.002319719011652732
7754,20230802,2,367.965087890625,-0.021943939834547455
7755,20230803,2,367.3753662109375,-0.001602656608180153
7756,20230804,2,365.6553649902344,-0.004681863235532102
7757,20230807,2,368.7513427734375,0.008466928369246896
7758,20230808,2,365.6159973144531,-0.008502600791641668
7759,20230809,2,361.59619140625,-0.010994611662863973
7760,20230810,2,362.2645568847656,0.0018483753269533665
7761,20230811,2,359.9549255371094,-0.006375537721706848
7762,20230814,2,363.994384765625,0.011222125166055585
7763,20230815,2,360.1318054199219,-0.01061164541917381
7764,20230816,2,356.31842041015625,-0.010588859279782703
7765,20230817,2,352.4263000488281,-0.010923152266020697
7766,20230818,2,351.9841003417969,-0.0012547295901865763
7767,20230821,2,357.6549987792969,0.016111234660864504
7768,20230822,2,357.14398193359375,-0.00142879827612441
7769,20230823,2,362.7756652832031,0.015768663716855036
7770,20230824,2,355.0210876464844,-0.021375683042756166
7771,20230825,2,357.7729797363281,0.007751348259582791
7772,20230828,2,360.4659423828125,0.007527015171657325
7773,20230829,2,368.3384704589844,0.02183986654642478
7774,20230830,2,370.3926696777344,0.00557693367241896
7775,20230831,2,371.5032958984375,0.0029985102612031245
7776,20230901,2,371.1100769042969,-0.0010584535816557938
7777,20230905,2,371.5818786621094,0.0012713256448009247
7778,20230906,2,368.30908203125,-0.008807740147725118
7779,20230907,2,365.67498779296875,-0.007151857955155605
7780,20230908,2,366.1860656738281,0.0013976287630279582
7781,20230911,2,370.500732421875,0.011782716909523483
7782,20230912,2,366.39251708984375,-0.011088278571480314
7783,20230913,2,367.78814697265625,0.003809111315639324
7784,20230914,2,370.79559326171875,0.008177115858184703
7785,20230915,2,364.446533203125,-0.017122803436642742
7786,20230918,2,364.826416015625,0.0010423554016585346
7787,20230919,2,364.048828125,-0.0021313914138051393
7788,20230920,2,358.80267333984375,-0.014410580064701972
7789,20230921,2,352.22784423828125,-0.018324359292984038
7790,20230922,2,352.2770690917969,0.00013975287394463187
7791,20230925,2,353.95025634765625,0.004749634315321716
7792,20230926,2,348.63531494140625,-0.015016068814566852
7793,20230927,2,349.45220947265625,0.002343120436285373
7794,20230928,2,352.3755187988281,0.008365405188261121
7795,20230929,2,352.6313781738281,0.0007260986117088031
7796,20231002,2,355.5743408203125,0.008345719719342837
7797,20231003,2,349.33416748046875,-0.017549560312613233
7798,20231004,2,354.0881042480469,0.01360856512223041
7799,20231005,2,353.0447998046875,-0.0029464543734812887
7800,20231006,2,358.9602355957031,0.016755482007632327
7801,20231009,2,360.7908935546875,0.005099890677156438
7802,20231010,2,362.7889099121094,0.005537879123656442
7803,20231011,2,365.3775939941406,0.007135510516731003
7804,20231012,2,364.1078796386719,-0.0034750744882542373
7805,20231013,2,359.53106689453125,-0.01256993599996381
7806,20231016,2,363.5960388183594,0.011306316193867572
7807,20231017,2,362.4051513671875,-0.0032753036997931195
7808,20231018,2,357.6510925292969,-0.013118077433380115
7809,20231019,2,354.30462646484375,-0.009356789715884939
7810,20231020,2,349.0190734863281,-0.01491810319061726
7811,20231023,2,350.07232666015625,0.0030177524778438602
7812,20231024,2,353.4779052734375,0.009728214297233917
7813,20231025,2,344.826171875,-0.024476023166836502
7814,20231026,2,338.2513122558594,-0.019067171100701774
7815,20231027,2,339.8753967285156,0.0048014136643697025
7816,20231030,2,343.7041320800781,0.011265114769754225
7817,20231031,2,345.3478698730469,0.004782420807748045
7818,20231101,2,351.34197998046875,0.01735673108285085
7819,20231102,2,357.72003173828125,0.018153400735565484
7820,20231103,2,361.92279052734375,0.011748737605327575
7821,20231106,2,363.39923095703125,0.004079434808557547
7822,20231107,2,366.8343200683594,0.009452659275809738
7823,20231108,2,367.070556640625,0.0006439871062817737
7824,20231109,2,364.2457580566406,-0.007695519384165572
7825,20231110,2,372.4347839355469,0.022482144809584437
7826,20231113,2,371.2733154296875,-0.003118582248376578
7827,20231114,2,379.2655334472656,0.021526508061395333
7828,20231115,2,379.5509033203125,0.0007524276473347413
7829,20231116,2,379.875732421875,0.0008558248675498703
7830,20231117,2,379.96435546875,0.00023329483647183125
7831,20231120,2,384.59033203125,0.012174764542829397
7832,20231121,2,382.3561096191406,-0.005809356673916133
7833,20231122,2,383.9211120605469,0.00409304939043631
7834,20231124,2,383.37969970703125,-0.0014102177153264561
7835,20231127,2,383.04510498046875,-0.0008727502442570367
7836,20231128,2,384.0490417480469,0.0026209361626727823
7837,20231129,2,383.67498779296875,-0.0009739744522615501
7838,20231130,2,382.71038818359375,-0.002514106053469134
7839,20231201,2,383.8030090332031,0.0028549547734910696
7840,20231204,2,380.2398986816406,-0.009283695718118379
7841,20231205,2,381.1947021484375,0.002511055441860144
7842,20231206,2,378.98992919921875,-0.005783849924441475
7843,20231207,2,384.2852783203125,0.013972268688728695
7844,20231208,2,385.9978942871094,0.004456626530900731
7845,20231211,2,389.295166015625,0.008542201336629862
7846,20231212,2,392.3955993652344,0.00796422257522944
7847,20231213,2,397.38580322265625,0.012717277832611673
7848,20231214,2,397.0412902832031,-0.0008669482821460628
7849,20231215,2,398.9605407714844,0.0048338813500032884
7850,20231218,2,401.4734802246094,0.006298716781027114
7851,20231219,2,403.5248718261719,0.0051096565591699505
7852,20231220,2,397.5285949707031,-0.01485974539396373
7853,20231221,2,402.1540222167969,0.01163545793840215
7854,20231222,2,402.755615234375,0.0014959268945315962
7855,20231226,2,405.22119140625,0.0061217673413198614
7856,20231227,2,406.0460510253906,0.0020355786830350553
7857,20231228,2,405.84869384765625,-0.0004860462926211673
7858,20231229,2,404.0923156738281,-0.004327667429890547
7859,20240102,2,397.2541198730469,-0.01692236040019346
7860,20240103,2,393.0506286621094,-0.01058136593342529
7861,20240104,2,391.02783203125,-0.005146402227480751
7862,20240105,2,391.4915771484375,0.001185964474136103
7863,20240108,2,399.5829772949219,0.020668133412782064
7864,20240109,2,400.372314453125,0.0019754023646021412
7865,20240110,2,403.0858459472656,0.006777520313429042
7866,20240111,2,403.924560546875,0.0020807344342204104
7867,20240112,2,404.1318359375,0.0005131537194578151
7868,20240116,2,404.0923156738281,-9.779052318459325e-05
7869,20240117,2,401.81292724609375,-0.005640761626296897
7870,20240118,2,407.516357421875,0.014194242616510255
7871,20240119,2,415.5977783203125,0.019830911695334352
7872,20240122,2,416.1405334472656,0.0013059625322029422
7873,20240123,2,417.86737060546875,0.004149649023367674
7874,20240124,2,420.1861877441406,0.005549170147724158
7875,20240125,2,420.6993408203125,0.0012212516525753614
7876,20240126,2,418.1929626464844,-0.005957647019225187
7877,20240129,2,422.4754333496094,0.010240417906661747
7878,20240130,2,419.6631774902344,-0.00665661394102357
7879,20240131,2,411.4436340332031,-0.019586048759835495
7880,20240201,2,416.28851318359375,0.011775316834771177
7881,20240202,2,423.32403564453125,0.01690059234912078
7882,20240205,2,422.7714538574219,-0.0013053399773722552
7883,20240206,2,421.9228210449219,-0.0020073086883160007
7884,20240207,2,426.2645568847656,0.010290355542018625
7885,20240208,2,427.05389404296875,0.0018517541406017912
7886,20240209,2,431.2574157714844,0.009843070832864731
7887,20240212,2,429.5701599121094,-0.003912410077300699
7888,20240213,2,422.8701477050781,-0.015597014951881372
7889,20240214,2,427.47821044921875,0.010897110541258748
7890,20240215,2,428.75115966796875,0.0029778107693776423
7891,20240216,2,424.86334228515625,-0.009067771118854262
7892,20240220,2,421.65643310546875,-0.007548095729885573
7893,20240221,2,419.9690856933594,-0.004001711534867836
7894,20240222,2,432.2639465332031,0.02927563303747749
7895,20240223,2,430.9910583496094,-0.0029447012497859637
7896,20240226,2,430.76409912109375,-0.0005265984621228847
7897,20240227,2,431.8001708984375,0.002405195278477601
7898,20240228,2,429.5010681152344,-0.005324460104819906
7899,20240229,2,433.1816101074219,0.008569343048059785
7900,20240301,2,439.7040100097656,0.015056963984981575
7901,20240304,2,438.1351013183594,-0.003568101849631522
7902,20240305,2,430.2707214355469,-0.017949668627663895
7903,20240306,2,432.9744567871094,0.006283800446708954
7904,20240307,2,439.5461120605469,0.015177928329080936
7905,20240308,2,433.2013244628906,-0.014434862289902983
7906,20240311,2,431.5929870605469,-0.003712678866662933
7907,20240312,2,437.77984619140625,0.01433493897339777
7908,20240313,2,434.4150695800781,-0.007686001629816919
7909,20240314,2,433.31976318359375,-0.0025213360980850252
7910,20240315,2,428.1689758300781,-0.011886804598232215
7911,20240318,2,432.25262451171875,0.009537469812528565
7912,20240319,2,433.32958984375,0.002491518318131325
7913,20240320,2,438.4674072265625,0.011856604079737876
7914,20240321,2,440.54229736328125,0.004732142235709169
7915,20240322,2,441.0462646484375,0.0011439702570503751
7916,20240325,2,439.44561767578125,-0.0036292042376373512
7917,20240326,2,438.02276611328125,-0.0032378330907597563
7918,20240327,2,439.5147399902344,0.0034061560091771526
7919,20240328,2,438.7045593261719,-0.0018433526577071868
7920,20240401,2,439.63330078125,0.0021170088966129263
7921,20240402,2,435.83917236328125,-0.008630211613238625
7922,20240403,2,436.8173828125,0.0022444298522195094
7923,20240404,2,430.13818359375,-0.015290598500785846
7924,20240405,2,435.2068176269531,0.01178373421967649
7925,20240408,2,435.3352966308594,0.00029521367474627525
7926,20240409,2,436.9458312988281,0.003699526963315325
7927,20240410,2,433.1319885253906,-0.008728410938492748
7928,20240411,2,440.0482482910156,0.01596801886919419
7929,20240412,2,433.0331115722656,-0.015941744447328654
7930,20240415,2,425.9092712402344,-0.016451029128386696
7931,20240416,2,425.9488220214844,9.28619870961267e-05
7932,20240417,2,420.7516784667969,-0.012201333319863839
7933,20240418,2,418.3507080078125,-0.005706383555577066
7934,20240419,2,409.6954040527344,-0.020689110331125526
7935,20240422,2,413.8155517578125,0.010056611971531515
7936,20240423,2,419.99090576171875,0.014922962604171142
7937,20240424,2,421.4136657714844,0.003387597184241864
7938,20240425,2,419.3782958984375,-0.004829862053288503
7939,20240426,2,425.8499755859375,0.01543160375916841
7940,20240429,2,427.5790710449219,0.0040603394578226926
7941,20240430,2,419.5166015625,-0.018856090085791033
7942,20240501,2,416.4832458496094,-0.007230597553452789
7943,20240502,2,421.79901123046875,0.012763455514315902
7944,20240503,2,430.2764892578125,0.020098382882912214
7945,20240506,2,434.9894714355469,0.010953380664288304
7946,20240507,2,435.0586242675781,0.0001589758754458881
7947,20240508,2,434.8017578125,-0.0005904180281692817
7948,20240509,2,435.750244140625,0.0021814224783653913
7949,20240510,2,436.77789306640625,0.0023583438898764353
7950,20240513,2,437.7856750488281,0.0023073099587223034
7951,20240514,2,440.6015930175781,0.0064321838955463395
7952,20240515,2,447.48834228515625,0.015630332201961306
7953,20240516,2,446.5793151855469,-0.002031398393458228
7954,20240517,2,446.36199951171875,-0.000486622793395286
7955,20240520,2,449.4743347167969,0.006972670631645972
7956,20240521,2,450.3537292480469,0.00195649554007149
7957,20240522,2,450.2647399902344,-0.0001975985809223868
7958,20240523,2,448.2392272949219,-0.004498492809711041
7959,20240524,2,452.4779968261719,0.009456489466195483
7960,20240528,2,454.1872863769531,0.003777619161087875
7961,20240529,2,450.98602294921875,-0.007048333416091013
7962,20240530,2,446.15447998046875,-0.010713287602915456
7963,20240531,2,445.3244934082031,-0.0018603120880954505
7964,20240603,2,447.715576171875,0.0053693044040137305
7965,20240604,2,448.9407653808594,0.002736534697899362
7966,20240605,2,457.9913024902344,0.020159757828400737
7967,20240606,2,457.833251953125,-0.0003450950623953286
7968,20240607,2,457.4281005859375,-0.0008849321569788238
7969,20240610,2,459.2757263183594,0.004039160974271594
7970,20240611,2,462.4276428222656,0.006862797930063946
7971,20240612,2,468.4844055175781,0.013097752241512106
7972,20240613,2,471.0237121582031,0.005420258627007124
7973,20240614,2,473.4642333984375,0.0051813129089659515
7974,20240617,2,479.2640380859375,0.012249720841361222
7975,20240618,2,479.4122314453125,0.0003092102632336058
7976,20240620,2,475.7169494628906,-0.007707942643185195
7977,20240621,2,474.4423828125,-0.0026792542326475877
7978,20240624,2,469.0409851074219,-0.011384728474422068
7979,20240625,2,474.40472412109375,0.011435544406515952
7980,20240626,2,475.384521484375,0.0020653195751716424
7981,20240627,2,476.611572265625,0.0025811752924107534
7982,20240628,2,474.1375732421875,-0.005190807708837397
7983,20240701,2,476.91839599609375,0.005865012415891879
7984,20240702,2,481.9258728027344,0.010499651195425175
7985,20240703,2,485.9437561035156,0.008337139646424241
7986,20240705,2,491.0105895996094,0.010426789998747132
7987,20240708,2,492.1783447265625,0.0023782687210582854
7988,20240709,2,492.6038818359375,0.0008645994159117709
7989,20240710,2,497.7400207519531,0.010426509220498259
7990,20240711,2,486.82452392578125,-0.021930116870412464
7991,20240712,2,489.6845703125,0.005874902035861274
7992,20240715,2,491.0007019042969,0.0026877130128011295
7993,20240716,2,491.188720703125,0.00038292979643195224
7994,20240717,2,476.7699279785156,-0.02935489378495748
7995,20240718,2,474.51361083984375,-0.004732507245661544
7996,20240719,2,470.3077392578125,-0.008863542553789516
7997,20240722,2,477.31427001953125,0.01489775773789237
7998,20240723,2,475.6318664550781,-0.0035247292405153896
7999,20240724,2,458.57086181640625,-0.035870188357708055
8000,20240725,2,453.51385498046875,-0.011027754393086897
8001,20240726,2,458.1650390625,0.010255880897467984
8002,20240729,2,459.0854187011719,0.0020088386502714606
8003,20240730,2,452.7815246582031,-0.013731418568691423
8004,20240731,2,466.1809997558594,0.02959368783382077
8005,20240801,2,454.8894348144531,-0.02422141817731671
8006,20240802,2,444.0926513671875,-0.02373496199503855
8007,20240805,2,430.8515319824219,-0.029816119100375515
8008,20240806,2,434.9683532714844,0.009555081004633648
8009,20240807,2,430.25775146484375,-0.010829757547212937
8010,20240808,2,443.419677734375,0.030590794064070836
8011,20240809,2,445.73541259765625,0.005222444964809281
8012,20240812,2,446.6953430175781,0.00215358796450027
8013,20240813,2,457.779052734375,0.0248126824916568
8014,20240814,2,457.9275817871094,0.0003244557649528801
8015,20240815,2,469.49627685546875,0.0252631541066195
8016,20240816,2,470.0998840332031,0.0012856484864525175
8017,20240819,2,476.275146484375,0.013136064612889298
8018,20240820,2,475.275634765625,-0.002098601462049654
8019,20240821,2,477.4923095703125,0.004663977369217864
8020,20240822,2,469.92181396484375,-0.015854696408160618
8021,20240823,2,475.018310546875,0.010845413919032376
8022,20240826,2,470.4066467285156,-0.009708391689259521
8023,20240827,2,471.8119201660156,0.002987358803862694
8024,20240828,2,466.45806884765625,-0.011347426992678655
8025,20240829,2,465.77532958984375,-0.001463666947597586
8026,20240830,2,471.3270568847656,0.011919324494516825
8027,20240903,2,457.0171203613281,-0.030360948548167288
8028,20240904,2,455.82952880859375,-0.0025985712565765873
8029,20240905,2,456.255126953125,0.0009336783109326063
8030,20240906,2,444.03326416015625,-0.026787343464141244
8031,20240909,2,449.743408203125,0.01285972134040203
8032,20240910,2,453.8998107910156,0.009241719860879849
8033,20240911,2,463.75640869140625,0.02171536023161913
8034,20240912,2,468.3086853027344,0.009816094238294992
8035,20240913,2,470.4066467285156,0.004479868709727386
8036,20240916,2,468.3285217285156,-0.004417720315927687
8037,20240917,2,468.57586669921875,0.0005281441535744946
8038,20240918,2,466.54718017578125,-0.004329472914873178
8039,20240919,2,478.34344482421875,0.02528418378607067
8040,20240920,2,477.4330139160156,-0.0019032996439152239
8041,20240923,2,478.6985168457031,0.00265063976055524
8042,20240924,2,481.0075378417969,0.004823539064437998
8043,20240925,2,481.4535217285156,0.0009271868975688768
8044,20240926,2,485.0707092285156,0.007513056477421953
8045,20240927,2,482.3752136230469,-0.005556912743207687
8046,20240930,2,483.68328857421875,0.0027117374902974056
8047,20241001,2,476.9444274902344,-0.013932383531068293
8048,20241002,2,477.6183166503906,0.0014129301472340927
8049,20241003,2,477.2615661621094,-0.0007469363628748171
8050,20241004,2,482.9400634765625,0.011898082135791244
8051,20241007,2,477.7669982910156,-0.010711609114197884
8052,20241008,2,484.9022521972656,0.014934589311888402
8053,20241009,2,488.7176818847656,0.00786845115734347
8054,20241010,2,488.1626892089844,-0.0011356099776068662
8055,20241011,2,488.9257507324219,0.0015631295473932383
8056,20241014,2,493.0285339355469,0.008391423844988699
8057,20241015,2,486.4383544921875,-0.013366730300078178
8058,20241016,2,486.497802734375,0.0001222112558323385
8059,20241017,2,486.834716796875,0.0006925294638666646
8060,20241018,2,490.0257873535156,0.0065547308902624835
8061,20241021,2,490.96728515625,0.0019213229732646386
8062,20241022,2,491.50244140625,0.0010900038886088037
8063,20241023,2,483.9706726074219,-0.01532397026814103
8064,20241024,2,487.8951110839844,0.008108835304873718
8065,20241025,2,490.8681640625,0.006093631419897161
8066,20241028,2,490.94744873046875,0.00016151927090279905
8067,20241029,2,495.6646728515625,0.009608409481079772
8068,20241030,2,491.91864013671875,-0.007557594720827732
8069,20241031,2,479.5012512207031,-0.025242769642891516
8070,20241101,2,483.0490417480469,0.007398918184909675
8071,20241104,2,481.641845703125,-0.0029131535792505936
8072,20241105,2,487.78607177734375,0.012756836078578582
8073,20241106,2,501.0359191894531,0.027163234415101156
8074,20241107,2,508.92431640625,0.015744175047486042
8075,20241108,2,509.5190124511719,0.0011685353317782976
8076,20241111,2,509.22174072265625,-0.0005834359881596862
8077,20241112,2,508.3000183105469,-0.0018100609977911297
8078,20241113,2,507.64599609375,-0.0012866854086897028
8079,20241114,2,504.11798095703125,-0.006949754679178466
8080,20241115,2,492.10693359375,-0.023825865803237423
8081,20241118,2,495.52593994140625,0.0069476898500251405
8082,20241119,2,498.9349670410156,0.006879613809950058
8083,20241120,2,498.6476135253906,-0.0005759338082259591
8084,20241121,2,500.44134521484375,0.0035971929691422933
8085,20241122,2,501.24407958984375,0.0016040528678848975
8086,20241125,2,502.036865234375,0.0015816359271114688
8087,20241126,2,504.7323913574219,0.005369179655339673
8088,20241127,2,500.7584228515625,-0.007873416832178792
8089,20241129,2,505.1585388183594,0.008786903556690095
8090,20241202,2,510.6585998535156,0.0108877918762329
8091,20241203,2,512.2244262695312,0.0030662881550702625
8092,20241204,2,518.5570678710938,0.012363021513211336
8093,20241205,2,517.1200561523438,-0.0027711737198946595
8094,20241206,2,521.7481079101562,0.00894966594846025
8095,20241209,2,517.6849365234375,-0.007787611157793473
8096,20241210,2,515.9208984375,-0.0034075515076488205
8097,20241211,2,525.1571655273438,0.01790248683047424
8098,20241212,2,521.7678833007812,-0.0064538436282386424
8099,20241213,2,525.76171875,0.007654429444666322
8100,20241216,2,533.3330688476562,0.014400725324120511
8101,20241217,2,530.984375,-0.0044038031482482864
8102,20241218,2,511.82806396484375,-0.03607697690757139
8103,20241219,2,509.5486755371094,-0.00445342603935639
8104,20241220,2,513.9983520507812,0.008732583808566563
8105,20241223,2,519.0060424804688,0.009742619620680681
8106,20241224,2,526.043701171875,0.013559878142788806
8107,20241226,2,525.6864013671875,-0.0006792207641523884
8108,20241227,2,518.6983032226562,-0.013293283079716
8109,20241230,2,511.7997131347656,-0.013299812328341765
8110,20241231,2,507.4521179199219,-0.008494719913410664
8111,20250102,2,506.45947265625,-0.0019561358177807575
8112,20250103,2,514.747802734375,0.016365238534595594
8113,20250106,2,520.663818359375,0.011493037160282604
8114,20250107,2,511.3728332519531,-0.017844499233109823
8115,20250108,2,511.4621887207031,0.00017473644069387895
8116,20250110,2,503.4419860839844,-0.015680929721861414
8117,20250113,2,501.8240051269531,-0.0032138379431098096
8118,20250114,2,501.3475341796875,-0.0009494781883642167
8119,20250115,2,512.8817138671875,0.023006355673759193
8120,20250116,2,509.2884826660156,-0.007005964736154224
8121,20250117,2,517.8844604492188,0.016878406003224322
8122,20250121,2,520.9217529296875,0.00586480713832227
8123,20250122,2,527.582275390625,0.012786032496201916
8124,20250123,2,528.703857421875,0.0021258902801835067
8125,20250124,2,525.716064453125,-0.005651165443201767
8126,20250127,2,510.4100646972656,-0.029114574940336646
8127,20250128,2,517.9539184570312,0.01477998629247268
8128,20250129,2,516.9812622070312,-0.001877881825660288
8129,20250130,2,519.1847534179688,0.004262226451942741
8130,20250131,2,518.4302978515625,-0.0014531543182642048
8131,20250203,2,514.2813110351562,-0.008002979057358584
8132,20250204,2,520.5941772460938,0.012275122730458277
8133,20250205,2,522.9566040039062,0.004537943106297515
8134,20250206,2,525.6864013671875,0.005219930951021912
8135,20250207,2,519.0556640625,-0.01261348455551159
8136,20250210,2,525.3388671875,0.012105066103745399
8137,20250211,2,524.0881958007812,-0.002380694566565089
8138,20250212,2,524.3959350585938,0.0005871898285025878
8139,20250213,2,531.9397583007812,0.014385739358075966
8140,20250214,2,534.1731567382812,0.004198592796737621
8141,20250218,2,535.3841552734375,0.0022670523965500067
8142,20250219,2,535.5330200195312,0.0002780522072374225
8143,20250220,2,533.260009765625,-0.004244388616454264
8144,20250221,2,522.1923828125,-0.020754653921994604
8145,20250224,2,516.0282592773438,-0.011804315302258117
8146,20250225,2,509.5266418457031,-0.012599343766067417
8147,20250226,2,510.7574768066406,0.002415643971979353
8148,20250227,2,496.5731201171875,-0.02777121693477025
8149,20250228,2,504.41473388671875,0.015791458401293923
8150,20250303,2,493.3768615722656,-0.021882533504526847
8151,20250304,2,491.8879699707031,-0.0030177572511563833
8152,20250305,2,498.30023193359375,0.013036021115280683
8153,20250306,2,484.59228515625,-0.027509412797484978
8154,20250307,2,488.15576171875,0.007353556116459936
8155,20250310,2,469.2366027832031,-0.038756397894258776
8156,20250311,2,468.1149597167969,-0.0023903571455282657
8157,20250312,2,473.3956604003906,0.011280777454300006
8158,20250313,2,464.8790588378906,-0.017990451275571084
8159,20250314,2,476.1153869628906,0.024170432957528076
8160,20250317,2,479.202392578125,0.006483734195036561
8161,20250318,2,471.0332336425781,-0.01704740848975428
8162,20250319,2,477.3363342285156,0.013381434972633555
8163,20250320,2,475.7183837890625,-0.003389539667178476
8164,20250321,2,477.28668212890625,0.003296694837295
8165,20250324,2,487.76043701171875,0.021944368604828846
8166,20250325,2,490.5438232421875,0.005706461654662487
8167,20250326,2,481.51751708984375,-0.01840061116800029
8168,20250327,2,478.77386474609375,-0.005697928416668718
8169,20250328,2,466.16876220703125,-0.026327883510824712
8170,20250331,2,466.1488952636719,-4.261749171119433e-05
8171,20250401,2,469.90655517578125,0.008061072224538668
8172,20250402,2,473.3361511230469,0.007298463725373461
8173,20250403,2,447.99676513671875,-0.053533595366014985
8174,20250404,2,420.1722106933594,-0.06210882892171765
8175,20250407,2,421.1861572265625,0.0024131689516779797
8176,20250408,2,413.6012268066406,-0.01800849883070066
8177,20250409,2,463.2461242675781,0.12003082738472282
8178,20250410,2,443.5432434082031,-0.04253220874870034
8179,20250411,2,451.7146911621094,0.018423114037577237
8180,20250414,2,454.7764892578125,0.006778168068490631
8181,20250415,2,455.2834777832031,0.0011148081252354558
8182,20250416,2,441.5550537109375,-0.030153574074574307
8183,20250417,2,441.4755859375,-0.00017997251479662246
8184,20250421,2,430.5505065917969,-0.024746735026135225
8185,20250422,2,441.85333251953125,0.026252032583137908
8186,20250423,2,451.8737487792969,0.022678150241908
8187,20250424,2,464.58819580078125,0.028137166754721887
8188,20250425,2,469.767333984375,0.011147804077688228
8189,20250428,2,469.61822509765625,-0.00031741007927066356
8190,20250429,2,472.7198486328125,0.006604563812469655
8191,20250430,2,472.6601867675781,-0.00012620977394317556
8192,20250501,2,478.83343505859375,0.013060647932361613
8193,20250502,2,485.9411926269531,0.014843904055049206
8194,20250505,2,483.058349609375,-0.005932493604820288
8195,20250506,2,478.5650634765625,-0.00930174612745227
8196,20250507,2,480.4438781738281,0.003925933672668913
8197,20250508,2,485.4044189453125,0.010324912017485754
8198,20250509,2,485.0863342285156,-0.0006552983540776269
8199,20250512,2,504.84881591796875,0.04074013282786759
8200,20250513,2,512.5431518554688,0.015240871514196508
8201,20250514,2,515.6148071289062,0.005992969103806534
8202,20250515,2,516.1815185546875,0.0010990984315149
8203,20250516,2,518.4280395507812,0.004352191845969244
8204,20250519,2,518.9251708984375,0.0009589206403399775
8205,20250520,2,517.1954956054688,-0.0033331882706211236
8206,20250521,2,510.0081481933594,-0.013896771091742255
8207,20250522,2,510.9624938964844,0.0018712361880994788
8208,20250523,2,506.2306213378906,-0.009260704288703403
8209,20250527,2,518.1398315429688,0.02352526635706842
8210,20250528,2,515.8434448242188,-0.004431982601900364
8211,20250529,2,516.8574829101562,0.001965786511609169
8212,20250530,2,516.042236328125,-0.0015773140739706593
8213,20250602,2,520.1181030273438,0.007898319967412748
8214,20250603,2,524.183837890625,0.007816945496833538
8215,20250604,2,525.6452026367188,0.0027878859294374614
8216,20250605,2,521.688720703125,-0.007526905817360152
8217,20250606,2,526.7883911132812,0.009775312763678379
8218,20250609,2,527.5638427734375,0.0014720363493916366
8219,20250610,2,531.0530395507812,0.0066137905869378955
8220,20250611,2,529.263671875,-0.003369470735531177
8221,20250612,2,530.5062866210938,0.0023478179442990577
8222,20250613,2,523.8458862304688,-0.012554800119422671
8223,20250616,2,531.132568359375,0.013909972990988395
8224,20250617,2,525.9533081054688,-0.00975135128675042
8225,20250618,2,525.8638305664062,-0.00017012449143971597
8226,20250620,2,523.7167358398438,-0.004082986130173438
8227,20250623,2,529.1017456054688,0.010282294601469122
8228,20250624,2,537.1927490234375,0.01529196130077004
8229,20250625,2,538.5661010742188,0.002556534974230029
8230,20250626,2,543.601806640625,0.009350208927673131
8231,20250627,2,545.4630126953125,0.0034238408186857416
8232,20250630,2,548.9959106445312,0.006476879031195093
8233,20250701,2,544.3682861328125,-0.008429251333194498
8234,20250702,2,548.159912109375,0.00696518528567891
8235,20250703,2,553.553955078125,0.009840272609489498
8236,20250707,2,549.3840942382812,-0.007532889615530336
8237,20250708,2,549.6925048828125,0.0005613752705360131
8238,20250709,2,553.5838012695312,0.007079042104727762
8239,20250710,2,552.7876586914062,-0.001438160900480101
8240,20250711,2,551.5436401367188,-0.002250445600816109
8241,20250714,2,553.5440673828125,0.003626960951989
8242,20250715,2,554.051513671875,0.0009167224778718897
8243,20250716,2,554.6187744140625,0.001023841155902705
8244,20250717,2,559.1072998046875,0.008092992155498191
8245,20250718,2,558.56982421875,-0.0009613102639247639
8246,20250721,2,561.4658813476562,0.005184771900194951
8247,20250722,2,558.559814453125,-0.0051758566122592775
8248,20250723,2,561.1075439453125,0.004561247383473077
8249,20250724,2,562.3018798828125,0.002128533024350787
8250,20250725,2,563.6553344726562,0.002406989267270232
8251,20250728,2,565.4168701171875,0.003125199988001981
8252,20250729,2,564.541015625,-0.0015490420227574075
8253,20250730,2,565.2974853515625,0.0013399730145824407
8254,20250731,2,562.3018798828125,-0.00529916645018691
8255,20250801,2,551.2252197265625,-0.019698778454303678
8256,20250804,2,561.3961181640625,0.018451438855692004
8257,20250805,2,557.5845947265625,-0.006789365501786548
8258,20250806,2,564.6007690429688,0.01258315667750276
8259,20250807,2,566.5115356445312,0.0033842791337344025
8260,20250808,2,571.7960815429688,0.009328222932698305
8261,20250811,2,570.104248046875,-0.002958805683887178
8262,20250812,2,577.2697143554688,0.01256869481878442
8263,20250813,2,577.558349609375,0.0005000006872497575
8264,20250814,2,577.110595703125,-0.0007752531091496095
8265,20250815,2,574.57275390625,-0.004397496451755467
8266,20250818,2,574.34375,-0.00039856381057601364
8267,20250819,2,566.5514526367188,-0.013567305926601048
8268,20250820,2,563.1876220703125,-0.005937378768955726
8269,20250821,2,560.5802001953125,-0.004629757069970708
8270,20250822,2,569.2284545898438,0.015427327600079588
8271,20250825,2,567.5863647460938,-0.002884764158413655
8272,20250826,2,569.8654174804688,0.004015340881901697
8273,20250827,2,570.7412109375,0.001536842612600342
8274,20250828,2,574.3140258789062,0.006259956128868982
8275,20250829,2,567.6660766601562,-0.011575460321687658
8276,20250902,2,562.9088745117188,-0.008380282606327838
8277,20250903,2,567.3375854492188,0.007867545064627945
8278,20250904,2,572.4728393554688,0.009051496036850626
8279,20250905,2,573.298828125,0.0014428435949227492
8280,20250908,2,576.0953979492188,0.0048780316425294235
8281,20250909,2,577.7275390625,0.002833109098061337
8282,20250910,2,577.9166870117188,0.0003273999185251508
8283,20250911,2,581.2804565429688,0.005820509438208665
8284,20250912,2,583.8480224609375,0.0044170862602861405
8285,20250915,2,588.843994140625,0.008556972855075173
8286,20250916,2,588.3463745117188,-0.0008450788899231343
8287,20250917,2,587.1720581054688,-0.001995960980000211
8288,20250918,2,592.4666137695312,0.009017042945036469
8289,20250919,2,596.4772338867188,0.006769360541128533
8290,20250922,2,600.0083618164062,0.005919971004891833
8291,20250923,2,596.0228881835938,-0.00664236348431424
8292,20250924,2,593.9305419921875,-0.0035105131579472593
8293,20250925,2,591.3699340820312,-0.004311291858417277
8294,20250926,2,593.8009643554688,0.004110845231269922
8295,20250929,2,596.5509643554688,0.004631181431281384
8296,20250930,2,598.1849975585938,0.002739134291552814
8297,20251001,2,601.0545043945312,0.004797022405524931
8298,20251002,2,603.5255126953125,0.004111121841221976
8299,20251003,2,600.9848022460938,-0.004209781352692232
8300,20251006,2,605.498291015625,0.007510154587375251
8301,20251007,2,602.3099975585938,-0.005265569704058781
8302,20251008,2,609.2147216796875,0.011463738189771755
8303,20251009,2,608.4774169921875,-0.0012102542195092658
8304,20251010,2,587.3545532226562,-0.0347142937102668
8305,20251013,2,599.8190307617188,0.021221385738261933
8306,20251014,2,595.8236694335938,-0.006660944590322959
8307,20251015,2,600.0282592773438,0.007056768737883523
8308,20251016,2,597.806396484375,-0.0037029302513930107
8309,20251017,2,601.7320556640625,0.006566773461732511
8310,20251020,2,609.3143310546875,0.012600750316114295
8311,20251021,2,609.1549072265625,-0.00026164463889932765
8312,20251022,2,603.286376953125,-0.009633888201207252
8313,20251023,2,608.35791015625,0.008406510401807177
8314,20251024,2,614.8540649414062,0.010678179204553828
8315,20251027,2,625.80419921875,0.01780932240951727
8316,20251028,2,630.6165161132812,0.007689812405443863
8317,20251029,2,633.4561767578125,0.0045029912347254175
8318,20251030,2,623.7715454101562,-0.015288557761366617
8319,20251031,2,626.7805786132812,0.004823934700558308
8320,20251103,2,629.7796630859375,0.004784903321815692
8321,20251104,2,616.996337890625,-0.02029809145102246
8322,20251105,2,621.0116577148438,0.006507850334973142
8323,20251106,2,609.44384765625,-0.0186273637779365
8324,20251107,2,607.5209350585938,-0.003155192402140461
8325,20251110,2,620.9617919921875,0.02212410496158035
8326,20251111,2,619.307861328125,-0.00266349827862411
8327,20251112,2,618.8196411132812,-0.0007883320159972618
8328,20251113,2,606.1858520507812,-0.020415947108225807
8329,20251114,2,606.64404296875,0.0007558588119775944
8330,20251117,2,601.4630126953125,-0.008540478281271802
8331,20251118,2,594.1397705078125,-0.012175714936622062
8332,20251119,2,597.6868286132812,0.005970073510543017
8333,20251120,2,583.5385131835938,-0.023671787217586227
8334,20251121,2,587.9224853515625,0.00751273835218047
8335,20251124,2,602.9575805664062,0.025573261083649657
8336,20251125,2,606.674072265625,0.006163769755954451
8337,20251126,2,612.034423828125,0.008835636476900666
8338,20251128,2,616.996337890625,0.008107246699400328
8339,20251201,2,614.923828125,-0.0033590309023721066
8340,20251202,2,619.7362670898438,0.007826073319548543
8341,20251203,2,621.2507934570312,0.002443824006459039
8342,20251204,2,620.6728515625,-0.0009302875756749263
8343,20251205,2,623.2036743164062,0.0040775470483929155
8344,20251208,2,622.0079956054688,-0.0019186002268825053
8345,20251209,2,622.7752075195312,0.0012334438133960735
8346,20251210,2,625.3258666992188,0.004095633783892216
8347,20251211,2,623.3033447265625,-0.003234348809736831
8348,20251212,2,611.3867797851562,-0.01911840365084827
8349,20251215,2,608.3179931640625,-0.005019386618356658
8350,20251216,2,609.5235595703125,0.001981802971139146
8351,20251217,2,598.2247924804688,-0.018537047358446523
8352,20251218,2,606.8931884765625,0.014490198509077512
8353,20251219,2,614.8042602539062,0.013035360962284415
8354,20251222,2,617.7513427734375,0.004793529762324944
8355,20251223,2,620.6444702148438,0.004683320360612031
8356,20251224,2,622.460205078125,0.002925563588204838
8357,20251226,2,622.4203491210938,-6.402972705099597e-05
8358,20251229,2,619.4074096679688,-0.004840682759455928
8359,20251230,2,617.9707641601562,-0.002319387022803987
8360,20251231,2,612.8628540039062,-0.008265617813153048
8361,20260102,2,611.6756591796875,-0.0019371296799318705
8362,20260105,2,616.5341796875,0.007942968524083938
8363,20260106,2,621.951416015625,0.008786595304206557
8364,20260107,2,622.550048828125,0.0009625073552126384
8365,20260108,2,619.0083618164062,-0.005688999652936455
8366,20260109,2,625.173828125,0.00996023105487942
8367,20260112,2,625.6925659179688,0.0008297496946161331
8368,20260113,2,624.7647705078125,-0.0014828295247444334
8369,20260114,2,618.0905151367188,-0.010682829260153182
8370,20260115,2,620.3153076171875,0.0035994606388298767
8371,20260116,2,619.7965087890625,-0.0008363469702494797
8372,20260120,2,606.6276245117188,-0.021247109479646253
8373,20260121,2,614.8282470703125,0.013518379690002691
8374,20260122,2,619.2976684570312,0.00726938199084981
8375,20260123,2,621.2530517578125,0.003157420737031069
8376,20260126,2,623.9866333007812,0.004400109641689687
8377,20260127,2,629.6432495117188,0.009065284269015539
8378,20260128,2,631.728271484375,0.0033114338544455446
8379,20260129,2,627.9472045898438,-0.005985274152202957
8380,20260130,2,620.405029296875,-0.012010843010114347
8381,20260202,2,624.6650390625,0.0068664977949211
8382,20260203,2,615.0676879882812,-0.015363995860281365
8383,20260204,2,604.322998046875,-0.017469117873106343
8384,20260205,2,595.6235961914062,-0.014395285110089362
8385,20260206,2,608.2138671875,0.021137965447641127
8386,20260209,2,612.8728637695312,0.0076601288352324826
8387,20260210,2,610.029541015625,-0.004639335369521991
8388,20260211,2,611.6657104492188,0.002682115083918246
8389,20260212,2,599.22509765625,-0.02033890829654672
8390,20260213,2,600.5020141601562,0.0021309462986458527
8391,20260217,2,599.8834838867188,-0.0010300219796973709
8392,20260218,2,604.3629760742188,0.007467270408041182
8393,20260219,2,602.04833984375,-0.003829877610147525
8394,20260220,2,607.3757934570312,0.00884888016577512
8395,20260223,2,599.9932250976562,-0.012154861024927022
8396,20260224,2,606.4380493164062,0.010741494985549327
8397,20260225,2,615.227294921875,0.014493229135896346
8398,20260226,2,607.8048095703125,-0.012064622965899163
8399,20260227,2,605.8594360351562,-0.0032006550532752698
8400,20260302,2,606.6575317382812,0.0013172951606528205
8401,20260303,2,600.162841796875,-0.01070569407223343
8402,20260304,2,609.3112182617188,0.015243157069594115
8403,20260305,2,607.4755859375,-0.0030126350364195753
8404,20260306,2,598.337158203125,-0.015043283953991238
8405,20260309,2,606.3283081054688,0.01335559691185173
8406,20260310,2,606.3383178710938,1.6508821196747903e-05
8407,20260311,2,606.2584228515625,-0.00013176640363377068
8408,20260312,2,595.85302734375,-0.017163300525987357
8409,20260313,2,592.3213500976562,-0.005927094575381431
8410,20260316,2,598.9656982421875,0.011217471974352744
8411,20260317,2,601.8887939453125,0.0048802389046711525
8412,20260318,2,593.4986572265625,-0.013939679228373136
8413,20260319,2,591.623046875,-0.003160260480330801
8414,20260320,2,580.6888427734375,-0.018481707498242073
8415,20260323,2,587.3545532226562,0.011478971108489944
8416,20260324,2,583.3389282226562,-0.006836798962342794
8417,20260325,2,587.1747436523438,0.006575620525403059
8418,20260326,2,573.1600952148438,-0.023867934697473725
8419,20260327,2,561.9624633789062,-0.019536656388718376
8420,20260330,2,557.6671752929688,-0.007643371872404492
8421,20260331,2,576.54638671875,0.03385390473424077
8422,20260401,2,583.6685791015625,0.012353199234057088
8423,20260402,2,584.3378295898438,0.0011466275764089318
8424,20260406,2,587.85400390625,0.006017365534718655
8425,20260407,2,587.9439086914062,0.00015293726768694782
8426,20260408,2,605.4246826171875,0.029732043596962132
8427,20260409,2,609.5202026367188,0.006764706060259584
8428,20260410,2,610.3992309570312,0.0014421643720912147
8429,20260413,2,616.7122802734375,0.010342492251355084
8430,20260414,2,627.909912109375,0.01815697886050316
8431,20260415,2,636.7003173828125,0.013999468879074328
8432,20260416,2,639.7669067382812,0.004816377928118731
8433,20260417,2,648.1376953125,0.013084122492198702
8434,20260420,2,646.0799560546875,-0.003174848913578998
8435,20260421,2,643.6226806640625,-0.00380336112828894
8436,20260422,2,654.390869140625,0.01673059200687632
8437,20260423,2,650.7048950195312,-0.005632679633709281
8438,20260424,2,663.1512451171875,0.019127488040923124
8439,20260427,2,663.5008544921875,0.0005271940263615882
8440,20260428,2,656.8281860351562,-0.010056759402575555
8441,20260429,2,660.84375,0.006113568281962856
8442,20260430,2,667.0069580078125,0.00932627116139395
8443,20260501,2,673.4099731445312,0.009599622702352262
8444,20260504,2,672.141357421875,-0.0018838683316975136
8445,20260505,2,680.8617553710938,0.012974053527471385
8446,20260506,2,695.0062255859375,0.02077436440402569
8447,20260507,2,694.1771240234375,-0.001192941202506459
8448,20260508,2,710.44921875,0.023440839756069476
8449,20260511,2,712.5069580078125,0.0028963917525772764
8450,20260512,2,706.463623046875,-0.008481790799397704
8451,20260513,2,713.9254760742188,0.010562260792936318
8452,20260514,2,718.9998168945312,0.00710766178035227
8453,20260515,2,708.1517944335938,-0.015087656778261405
8454,20260518,2,705.1051025390625,-0.004302314727548051
8455,20260519,2,700.7599487304688,-0.006162420032059024
8456,20260520,2,712.3671875,0.016563787343382597
8457,20260521,2,713.7256469726562,0.001906965251198045
8458,20260522,2,716.7523193359375,0.004240666390677106
8459,20260526,2,729.4783935546875,0.01775519084548005
8460,20260527,2,728.6492919921875,-0.0011365676760621835
8461,20260528,2,734.79248046875,0.008430926296197239
8462,20260529,2,737.49951171875,0.0036840758744198787
8463,20260601,2,741.9246826171875,0.00600023569930852
8464,20260602,2,745.3408813476562,0.004604508800567064
8465,20260603,2,743.39306640625,-0.002613320951729392
8466,20260604,2,739.7969970703125,-0.004837372714978083
8467,20260605,2,704.2860107421875,-0.04800098739080161
8468,20260608,2,715.283935546875,0.015615708159669062
8469,20260609,2,707.052978515625,-0.01150725833784727
8470,20260610,2,692.9285278320312,-0.019976509699805467
8471,20260611,2,716.332763671875,0.03377582954055702
8472,20260612,2,720.5481567382812,0.005884685554236491
8473,20260615,2,743.1832885742188,0.03141376689991193
8474,20260616,2,729.0587768554688,-0.019005421591015037
8475,20260617,2,721.7168579101562,-0.010070407460121666
8476,20260618,2,739.8070068359375,0.02506543768170255
8477,20260622,2,737.9500122070312,-0.002510106841037363
8478,20260623,2,713.6500244140625,-0.03292904314791367
8479,20260624,2,710.6199951171875,-0.00424581964999271
8480,20260625,2,716.3800048828125,0.008105611726665796
8481,20260626,2,706.52001953125,-0.013763624451209266
8482,20260629,2,724.0800170898438,0.024854210883145544
8483,20260630,2,736.4000244140625,0.017014704222517052
8484,20260701,2,725.1699829101562,-0.015249920059198452
8485,20260702,2,712.5999755859375,-0.017333877050142776
8486,20260706,2,722.8200073242188,0.014341891788415717
8487,20260707,2,709.4299926757812,-0.0185246873533641
8488,20260708,2,711.4400024414062,0.0028332742996159954
8489,20260709,2,723.280029296875,0.01664234062582648
8490,20260710,2,725.510009765625,0.0030831495111482976
8491,20260713,2,711.739990234375,-0.01897977883957569
8492,20260714,2,719.6900024414062,0.011169826504217273
8493,20260715,2,717.739990234375,-0.002709516875899598
8494,20260716,2,705.9400024414062,-0.01644047698821338
8495,20260717,2,695.3300170898438,-0.015029585113280453
8496,20260720,2,696.0599975585938,0.001049833101992581
8497,20260721,2,708.969970703125,0.018547213156642428
8498,20260722,2,705.3499755859375,-0.005105992167196205
8499,20260723,2,691.9600219726562,-0.01898341826999872
8500,20260724,2,684.22998046875,-0.011171225588826994
8501,20260727,2,682.1199951171875,-0.003083737064717651
8502,20260728,2,675.489990234375,-0.009719704641810822
8503,20260729,2,661.72998046875,-0.0203704125369063
8504,20260730,2,683.5499877929688,0.032974185798204436
8505,20260731,2,687.989990234375,0.00649550511403274
8506,20260803,2,700.0700073242188,0.017558419833591632
8507,20260804,2,723.8499755859375,0.03396798607700635
8508,20260805,2,717.2999877929688,-0.009048819525989127
8509,20260806,2,714.6500244140625,-0.0036943586003114204
8510,20260807,2,723.030029296875,0.011726026161803071
8511,20260810,2,720.8699951171875,-0.0029874750593527066
8512,20260811,2,718.4500122070312,-0.0033570309855425196
8513,20260812,2,723.7000122070312,0.007307397746256994
8514,20260813,2,732.0700073242188,0.011565558900105577
8515,20260814,2,731.0700073242188,-0.0013659895774928987
8516,20260817,2,729.8699951171875,-0.0016414463662972612
8517,20260818,2,717.510009765625,-0.01693450262957852
8518,20260819,2,716.0800170898438,-0.0019929933468779693
8519,20260820,2,710.9299926757812,-0.007191967784539344
8520,20260821,2,713.4400024414062,0.0035306004690811577
8521,20260824,2,706.3200073242188,-0.009979809224073155
8522,20260825,2,710.719970703125,0.006229419148941817
8523,20260826,2,711.3699951171875,0.0009145998999007254
8524,20260827,2,721.1099853515625,0.01369187666225713
8525,20260828,2,716.4299926757812,-0.006489984566639517
8526,20260831,2,716.760009765625,0.0004606410859646637
8527,20210104,5,73.63216400146484,0.0
8528,20210105,5,73.50672912597656,-0.0017035337367754533
8529,20210106,5,73.18070983886719,-0.004435230501831144
8530,20210107,5,73.03016662597656,-0.002057143381392401
8531,20210108,5,72.96330261230469,-0.0009155670425116114
8532,20210111,5,72.88800811767578,-0.001031950198704501
8533,20210112,5,72.8713150024414,-0.00022902416550363291
8534,20210113,5,73.06361389160156,0.0026388832032702148
8535,20210114,5,72.97166442871094,-0.0012584850104326861
8536,20210115,5,73.03016662597656,0.0008017111535503219
8537,20210119,5,73.13050079345703,0.0013738729091818946
8538,20210120,5,73.12212371826172,-0.00011454967632418267
8539,20210121,5,73.02182006835938,-0.0013717278000405786
8540,20210122,5,73.05525207519531,0.0004578358469378152
8541,20210125,5,73.22246551513672,0.0022888626784738353
8542,20210126,5,73.214111328125,-0.00011409322197697414
8543,20210127,5,73.214111328125,0.0
8544,20210128,5,73.15562438964844,-0.0007988478916918229
8545,20210129,5,73.09707641601562,-0.0008003208792392025
8546,20210201,5,73.121337890625,0.00033190759191659147
8547,20210202,5,73.02922821044922,-0.0012596826430276709
8548,20210203,5,72.90360260009766,-0.001720210023164248
8549,20210204,5,72.92036437988281,0.00022991702998687025
8550,20210205,5,72.81990051269531,-0.0013777203123139792
8551,20210208,5,72.90360260009766,0.0011494397384923527
8552,20210209,5,72.87015533447266,-0.000458787555513096
8553,20210210,5,72.98735809326172,0.0016083780561617633
8554,20210211,5,72.91200256347656,-0.0010324463270593442
8555,20210212,5,72.71937561035156,-0.0026419100607928403
8556,20210216,5,72.37608337402344,-0.0047207808571895216
8557,20210217,5,72.52680969238281,0.002082543173557161
8558,20210218,5,72.48489379882812,-0.0005779365414316784
8559,20210219,5,72.23372650146484,-0.00346509850811616
8560,20210222,5,72.03279113769531,-0.002781738856646898
8561,20210223,5,72.01599884033203,-0.00023312018176802063
8562,20210224,5,71.97411346435547,-0.0005816120952433224
8563,20210225,5,71.3460693359375,-0.008725972411303129
8564,20210226,5,71.96575927734375,0.008685691407727125
8565,20210301,5,71.87265014648438,-0.0012937976586969713
8566,20210302,5,71.86429595947266,-0.0001162359672933766
8567,20210303,5,71.63782501220703,-0.003151369456027786
8568,20210304,5,71.4113998413086,-0.0031606929839069764
8569,20210305,5,71.36946868896484,-0.0005871772915378992
8570,20210308,5,71.04240417480469,-0.004582695095931455
8571,20210309,5,71.27718353271484,0.0033047777681125545
8572,20210310,5,71.4113998413086,0.0018830192488195063
8573,20210311,5,71.41978454589844,0.00011741409086618582
8574,20210312,5,70.99205780029297,-0.005988911172513878
8575,20210315,5,71.0759048461914,0.001181076425961658
8576,20210316,5,71.06757354736328,-0.00011721692247401716
8577,20210317,5,71.04240417480469,-0.0003541611356946417
8578,20210318,5,70.74884796142578,-0.004132126675451375
8579,20210319,5,70.80763244628906,0.0008308896407094313
8580,20210322,5,71.00882720947266,0.0028414276290935625
8581,20210323,5,71.168212890625,0.0022445896857605785
8582,20210324,5,71.27718353271484,0.0015311701343030393
8583,20210325,5,71.22689056396484,-0.0007055970263880607
8584,20210326,5,71.10113525390625,-0.001765559454622867
8585,20210329,5,71.00882720947266,-0.001298264002451699
8586,20210330,5,71.08428955078125,0.0010627177531883358
8587,20210331,5,71.05077362060547,-0.0004714956059571618
8588,20210401,5,71.27943420410156,0.0032182701446303863
8589,20210405,5,71.17012023925781,-0.0015335975385374345
8590,20210406,5,71.42230224609375,0.003543369127214646
8591,20210407,5,71.33824920654297,-0.0011768458437697582
8592,20210408,5,71.4979476928711,0.002238609555243798
8593,20210409,5,71.40546417236328,-0.001293512939771202
8594,20210412,5,71.38865661621094,-0.00023538193256156248
8595,20210413,5,71.57357788085938,0.0025903452090796364
8596,20210414,5,71.52317810058594,-0.0007041674003964715
8597,20210415,5,71.82575988769531,0.00423054169494308
8598,20210416,5,71.63245391845703,-0.002691318122363451
8599,20210419,5,71.59041595458984,-0.0005868563977305952
8600,20210420,5,71.70808410644531,0.001643629950831782
8601,20210421,5,71.78372955322266,0.0010549082118140873
8602,20210422,5,71.81736755371094,0.0004686020174438088
8603,20210423,5,71.82575988769531,0.00011685660823057553
8604,20210426,5,71.77535247802734,-0.0007018012722286304
8605,20210427,5,71.59041595458984,-0.0025766020932340705
8606,20210428,5,71.62401580810547,0.000469334520097453
8607,20210429,5,71.5652084350586,-0.0008210566300056454
8608,20210430,5,71.66604614257812,0.0014090325414344296
8609,20210503,5,71.68370819091797,0.00024644932001272046
8610,20210504,5,71.77632904052734,0.0012920767067838845
8611,20210505,5,71.81844329833984,0.0005867429886072806
8612,20210506,5,71.85211181640625,0.0004688004434536541
8613,20210507,5,71.86051940917969,0.00011701246575634983
8614,20210510,5,71.69216918945312,-0.002342735915502714
8615,20210511,5,71.5490493774414,-0.001996310247406652
8616,20210512,5,71.29644775390625,-0.0035304679200224287
8617,20210513,5,71.43962860107422,0.0020082465771953384
8618,20210514,5,71.60797119140625,0.0023564314880761827
8619,20210517,5,71.54064178466797,-0.0009402501651430972
8620,20210518,5,71.4648666381836,-0.0010591901972650808
8621,20210519,5,71.38912200927734,-0.0010598862415812649
8622,20210520,5,71.62482452392578,0.003301658684327302
8623,20210521,5,71.64167022705078,0.0002351936390345699
8624,20210524,5,71.725830078125,0.0011747332356644158
8625,20210525,5,71.91104125976562,0.0025822103618582393
8626,20210526,5,71.88581085205078,-0.00035085582509786217
8627,20210527,5,71.78478240966797,-0.0014054017223334991
8628,20210528,5,71.77632904052734,-0.00011775990477180809
8629,20210601,5,71.77128601074219,-7.026034700530204e-05
8630,20210602,5,71.84716033935547,0.0010571683026820988
8631,20210603,5,71.71226501464844,-0.00187753175031391
8632,20210604,5,71.99896240234375,0.003997884987132272
8633,20210607,5,71.94835662841797,-0.0007028681002788639
8634,20210608,5,72.08326721191406,0.0018751030575006045
8635,20210609,5,72.22660064697266,0.001988442541557056
8636,20210610,5,72.37837982177734,0.0021014304071507173
8637,20210611,5,72.36148834228516,-0.00023337741924844835
8638,20210614,5,72.17603302001953,-0.00256290088159028
8639,20210615,5,72.17603302001953,0.0
8640,20210616,5,71.97362518310547,-0.0028043635601020522
8641,20210617,5,72.21815490722656,0.003397490726623653
8642,20210618,5,72.44580841064453,0.0031523029591440377
8643,20210621,5,72.1928482055664,-0.003491716230762054
8644,20210622,5,72.29405212402344,0.0014018551833396842
8645,20210623,5,72.24346923828125,-0.0006996825361982317
8646,20210624,5,72.27719116210938,0.00046678162308211313
8647,20210625,5,72.14225769042969,-0.001866888703201619
8648,20210628,5,72.336181640625,0.0026880770910644447
8649,20210629,5,72.36994171142578,0.0004667107115012836
8650,20210630,5,72.42053985595703,0.0006991596695353763
8651,20210701,5,72.41377258300781,-9.344411078238135e-05
8652,20210702,5,72.54045104980469,0.0017493697991175505
8653,20210706,5,72.80224609375,0.0036089525245104337
8654,20210707,5,72.9542465209961,0.0020878535402650833
8655,20210708,5,73.02180480957031,0.0009260364104339835
8656,20210709,5,72.79376220703125,-0.0031229384583654207
8657,20210712,5,72.76847839355469,-0.0003473348912047536
8658,20210713,5,72.54045104980469,-0.003133600547709059
8659,20210714,5,72.78533935546875,0.0033758861727497536
8660,20210715,5,72.96271514892578,0.0024369714427072697
8661,20210716,5,72.8951187133789,-0.0009264517556522023
8662,20210719,5,73.30891418457031,0.005676586834551189
8663,20210720,5,73.2329330444336,-0.001036451582756004
8664,20210721,5,72.9964370727539,-0.0032293663772308134
8665,20210722,5,73.15694427490234,0.002198836115637537
8666,20210723,5,73.07246398925781,-0.001154781497257118
8667,20210726,5,73.0302505493164,-0.0005776928494927169
8668,20210727,5,73.21603393554688,0.0025439237142561577
8669,20210728,5,73.28362274169922,0.0009231421386719507
8670,20210729,5,73.15694427490234,-0.0017286054108347493
8671,20210730,5,73.26667785644531,0.0014999749187256661
8672,20210802,5,73.44090270996094,0.002377954871339849
8673,20210803,5,73.4578628540039,0.00023093594192258315
8674,20210804,5,73.4578628540039,0.0
8675,20210805,5,73.28868103027344,-0.0023031138826719033
8676,20210806,5,72.94190979003906,-0.004731579765927751
8677,20210809,5,72.80661010742188,-0.0018548963552865727
8678,20210810,5,72.69660186767578,-0.0015109650014439868
8679,20210811,5,72.74736022949219,0.0006982219321447491
8680,20210812,5,72.7558364868164,0.00011651635602283328
8681,20210813,5,73.04344177246094,0.0039530201222639505
8682,20210816,5,73.11107635498047,0.000925950104188944
8683,20210817,5,73.03496551513672,-0.0010410302191996568
8684,20210818,5,73.01802062988281,-0.00023201058745481173
8685,20210819,5,73.17871856689453,0.002200798318353181
8686,20210820,5,73.16180419921875,-0.0002311377953457816
8687,20210823,5,73.17871856689453,0.0002311912323775811
8688,20210824,5,73.03496551513672,-0.001964410617909418
8689,20210825,5,72.91654968261719,-0.0016213580945004802
8690,20210826,5,72.92498779296875,0.000115722841910193
8691,20210827,5,73.13644409179688,0.002899641196079994
8692,20210830,5,73.22103118896484,0.0011565656249543643
8693,20210831,5,73.12797546386719,-0.001270887934608611
8694,20210901,5,73.1407241821289,0.0001743343526310337
8695,20210902,5,73.24236297607422,0.0013896334098664198
8696,20210903,5,73.08987426757812,-0.002081974178603563
8697,20210907,5,72.87808227539062,-0.0028976926600275954
8698,20210908,5,72.99668884277344,0.0016274655380561498
8699,20210909,5,73.25930786132812,0.0035976839870139887
8700,20210910,5,73.08142852783203,-0.002428078270037659
8701,20210913,5,73.19152069091797,0.0015064314601349604
8702,20210914,5,73.36946105957031,0.0024311609729188444
8703,20210915,5,73.30165100097656,-0.0009242272958593922
8704,20210916,5,73.16612243652344,-0.0018489155783315558
8705,20210917,5,73.07290649414062,-0.0012740314680975695
8706,20210920,5,73.27620697021484,0.0027821594326553623
8707,20210921,5,73.25930786132812,-0.00023062204753021565
8708,20210922,5,73.33554077148438,0.0010405900953984748
8709,20210923,5,72.94584655761719,-0.005313852052737822
8710,20210924,5,72.79338836669922,-0.0020900188031617306
8711,20210927,5,72.70866394042969,-0.0011639027687889714
8712,20210928,5,72.39522552490234,-0.0043108812422154585
8713,20210929,5,72.4037094116211,0.0001171884838708781
8714,20210930,5,72.38674926757812,-0.00023424413169981229
8715,20211001,5,72.63280487060547,0.003399180174783023
8716,20211004,5,72.58189392089844,-0.0007009360274290444
8717,20211005,5,72.40371704101562,-0.002454839220329408
8718,20211006,5,72.43765258789062,0.00046869895996870525
8719,20211007,5,72.2340087890625,-0.0028112975994223355
8720,20211008,5,72.05585479736328,-0.002466345073266818
8721,20211011,5,71.94558715820312,-0.0015303078350850097
8722,20211012,5,72.20857238769531,0.0036553350925319084
8723,20211013,5,72.40371704101562,0.0027025136610174805
8724,20211014,5,72.5309829711914,0.0017577264728505515
8725,20211015,5,72.35283660888672,-0.002456141568844439
8726,20211018,5,72.3104019165039,-0.0005864965960103996
8727,20211019,5,72.10676574707031,-0.0028161393663491685
8728,20211020,5,72.02193450927734,-0.0011764671028310358
8729,20211021,5,71.92012786865234,-0.0014135504873433735
8730,20211022,5,72.07283020019531,0.0021232210796655604
8731,20211025,5,72.10676574707031,0.0004708507599984202
8732,20211026,5,72.25102233886719,0.002000597174235841
8733,20211027,5,72.51402282714844,0.0036400936591283184
8734,20211028,5,72.42069244384766,-0.0012870666894767568
8735,20211029,5,72.43765258789062,0.00023418920022222345
8736,20211101,5,72.38155364990234,-0.0007744444495936254
8737,20211102,5,72.51751708984375,0.0018784266582483333
8738,20211103,5,72.39007568359375,-0.0017573878886684158
8739,20211104,5,72.72148132324219,0.004578053504142865
8740,20211105,5,72.94239044189453,0.003037742282371969
8741,20211108,5,72.78093719482422,-0.0022134350970979266
8742,20211109,5,72.98490142822266,0.0028024403265438647
8743,20211110,5,72.49203491210938,-0.006752992830962312
8744,20211111,5,72.37310028076172,-0.0016406579218234407
8745,20211112,5,72.38155364990234,0.00011680263948665726
8746,20211115,5,72.08415222167969,-0.004108801389662631
8747,20211116,5,72.03316497802734,-0.0007073294487190962
8748,20211117,5,72.1861343383789,0.002123596268444272
8749,20211118,5,72.27107238769531,0.0011766532464287938
8750,20211119,5,72.424072265625,0.002117027918292491
8751,20211122,5,72.06719207763672,-0.004927645972175876
8752,20211123,5,71.77825927734375,-0.004009214067639877
8753,20211124,5,71.94818115234375,0.0023673167434088427
8754,20211126,5,72.45805358886719,0.007086661933035199
8755,20211129,5,72.4495620727539,-0.0001171921641928142
8756,20211130,5,72.58550262451172,0.001876347459785821
8757,20211201,5,72.63230895996094,0.0006448441321864617
8758,20211202,5,72.64082336425781,0.00011722612730880044
8759,20211203,5,72.92170715332031,0.0038667484212562275
8760,20211206,5,72.72596740722656,-0.002684245250624717
8761,20211207,5,72.56423950195312,-0.002223798610582195
8762,20211208,5,72.34294128417969,-0.0030496869986142983
8763,20211209,5,72.37699890136719,0.0004707801007663992
8764,20211210,5,72.40251922607422,0.0003526026927671566
8765,20211213,5,72.64932250976562,0.003408766522623008
8766,20211214,5,72.53022003173828,-0.0016394162245811916
8767,20211215,5,72.43656158447266,-0.0012913024009115759
8768,20211216,5,72.53022003173828,0.0012929720187837557
8769,20211217,5,72.6578598022461,0.0017598150185116346
8770,20211220,5,72.5387191772461,-0.0016397486152808227
8771,20211221,5,72.46208953857422,-0.0010563963568840373
8772,20211222,5,72.5387191772461,0.0010575135103036981
8773,20211223,5,72.42858123779297,-0.0015183331150913082
8774,20211227,5,72.46270751953125,0.0004711714789253918
8775,20211228,5,72.45417022705078,-0.00011781636061791723
8776,20211229,5,72.21514129638672,-0.003299036203368466
8777,20211230,5,72.37732696533203,0.002245867916808031
8778,20211231,5,72.3602523803711,-0.00023591068746042776
8779,20220103,5,71.87359619140625,-0.006725462846739028
8780,20220104,5,71.86505126953125,-0.00011888819160021935
8781,20220105,5,71.617431640625,-0.003445619595783045
8782,20220106,5,71.54061889648438,-0.0010725425693296486
8783,20220107,5,71.3442153930664,-0.0027453425263507247
8784,20220110,5,71.28446960449219,-0.0008374300319241579
8785,20220111,5,71.42961120605469,0.0020360900820022287
8786,20220112,5,71.40400695800781,-0.00035845425467895264
8787,20220113,5,71.52352905273438,0.0016738849795481237
8788,20220114,5,71.13075256347656,-0.0054915703190234755
8789,20220118,5,70.68680572509766,-0.00624127852411982
8790,20220119,5,70.85755157470703,0.002415526460106454
8791,20220120,5,70.93438720703125,0.001084367588445545
8792,20220121,5,71.1990737915039,0.003731428364921685
8793,20220124,5,71.08808135986328,-0.0015589027459212978
8794,20220125,5,70.99415588378906,-0.0013212549034591348
8795,20220126,5,70.6014175415039,-0.005531981293333987
8796,20220127,5,70.83193969726562,0.0032651207835339147
8797,20220128,5,70.91732788085938,0.0012055039570948445
8798,20220131,5,70.86609649658203,-0.0007224099639430159
8799,20220201,5,70.83787536621094,-0.00039823176054931686
8800,20220202,5,70.94049835205078,0.0014487021993434546
8801,20220203,5,70.64115905761719,-0.004219582627515317
8802,20220204,5,70.20502471923828,-0.006173940861066263
8803,20220207,5,70.2648696899414,0.0008524314455049531
8804,20220208,5,70.03395080566406,-0.003286405927974023
8805,20220209,5,70.08528137207031,0.0007329383222816066
8806,20220210,5,69.44385528564453,-0.009152079778642297
8807,20220211,5,69.89714813232422,0.006527472370523757
8808,20220214,5,69.50373077392578,-0.005628518028427232
8809,20220215,5,69.35834503173828,-0.002091768895980506
8810,20220216,5,69.4524154663086,0.0013562958361716948
8811,20220217,5,69.60636138916016,0.0022165668655000914
8812,20220218,5,69.72608184814453,0.0017199643336480719
8813,20220222,5,69.68334197998047,-0.0006129681609980953
8814,20220223,5,69.33267974853516,-0.005032224653433781
8815,20220224,5,69.48660278320312,0.002220064697141977
8816,20220225,5,69.54647827148438,0.0008616839201085469
8817,20220228,5,70.05963134765625,0.007378563069271538
8818,20220301,5,70.42707824707031,0.005244773521440482
8819,20220302,5,69.56193542480469,-0.012284235606517035
8820,20220303,5,69.87032318115234,0.004433283152120104
8821,20220304,5,70.11872100830078,0.00355512635177635
8822,20220307,5,69.7761001586914,-0.004886296336877205
8823,20220308,5,69.45061492919922,-0.004664709388342736
8824,20220309,5,69.26213836669922,-0.0027138213634557706
8825,20220310,5,68.89383697509766,-0.005317499578942231
8826,20220311,5,68.8424301147461,-0.0007461750224500019
8827,20220314,5,68.20855712890625,-0.009207591666699044
8828,20220315,5,68.31997680664062,0.0016335146559955938
8829,20220316,5,68.42272186279297,0.0015038801380617972
8830,20220317,5,68.48268127441406,0.0008763084833329771
8831,20220318,5,68.6796875,0.002876730611591105
8832,20220321,5,67.97731018066406,-0.010226856657376882
8833,20220322,5,67.8060073852539,-0.0025199996139135816
8834,20220323,5,68.1143798828125,0.004547863964420085
8835,20220324,5,68.02869415283203,-0.001257968289924749
8836,20220325,5,67.42908477783203,-0.00881406563020204
8837,20220328,5,67.62610626220703,0.002921906548548847
8838,20220329,5,67.92591094970703,0.00443326851227499
8839,20220330,5,68.0801010131836,0.0022699741721641242
8840,20220331,5,68.1314926147461,0.000754869643224465
8841,20220401,5,67.98377990722656,-0.0021680533017937043
8842,20220404,5,68.03531646728516,0.0007580714124593158
8843,20220405,5,67.34834289550781,-0.010097308389940052
8844,20220406,5,67.14228057861328,-0.0030596493994550222
8845,20220407,5,67.00487518310547,-0.002046480910741999
8846,20220408,5,66.64420318603516,-0.005382772463715435
8847,20220411,5,66.3350830078125,-0.004638365580870607
8848,20220412,5,66.54974365234375,0.00323600476245689
8849,20220413,5,66.62701416015625,0.0011610939963369038
8850,20220414,5,66.17194366455078,-0.006830119904691845
8851,20220418,5,65.95723724365234,-0.0032446745404194344
8852,20220419,5,65.54507446289062,-0.006248939433881273
8853,20220420,5,65.95723724365234,0.006288234228722489
8854,20220421,5,65.60517120361328,-0.005337792405380681
8855,20220422,5,65.51932525634766,-0.0013085240948338406
8856,20220425,5,65.93147277832031,0.006290472625597232
8857,20220426,5,66.10324096679688,0.002605253321946721
8858,20220427,5,65.89714813232422,-0.003117741754540826
8859,20220428,5,65.87136840820312,-0.0003912115296602625
8860,20220429,5,65.42483520507812,-0.0067788663559840145
8861,20220502,5,65.0901870727539,-0.005115001532296493
8862,20220503,5,65.24502563476562,0.00237883111072712
8863,20220504,5,65.66661834716797,0.006461683604239488
8864,20220505,5,65.01276397705078,-0.009957180475784089
8865,20220506,5,64.73748016357422,-0.004234304106401909
8866,20220509,5,65.02996063232422,0.004517946450973698
8867,20220510,5,65.21923828125,0.002910622228359472
8868,20220511,5,65.44290924072266,0.0034295242533821657
8869,20220512,5,65.57196044921875,0.0019719662526218595
8870,20220513,5,65.3310775756836,-0.0036735652233809146
8871,20220516,5,65.43428039550781,0.001579689539096707
8872,20220517,5,65.04715728759766,-0.005916212504672558
8873,20220518,5,65.32243347167969,0.004231947952236137
8874,20220519,5,65.4601058959961,0.002107582602171254
8875,20220520,5,65.65799713134766,0.0030230815035034997
8876,20220523,5,65.42572021484375,-0.0035376789827937793
8877,20220524,5,65.95907592773438,0.008152080116798022
8878,20220525,5,66.22576141357422,0.004043196210511413
8879,20220526,5,66.15694427490234,-0.0010391294445392107
8880,20220527,5,66.34622192382812,0.00286103977443819
8881,20220531,5,65.96772003173828,-0.005704950200847936
8882,20220601,5,65.67290496826172,-0.004469080685746363
8883,20220602,5,65.73323059082031,0.0009185770385480296
8884,20220603,5,65.638427734375,-0.0014422363786658066
8885,20220606,5,65.25055694580078,-0.00590920291607
8886,20220607,5,65.47464752197266,0.0034343090183583946
8887,20220608,5,65.20743560791016,-0.004081150860305582
8888,20220609,5,65.12125396728516,-0.0013216535786380046
8889,20220610,5,64.569580078125,-0.008471487502947905
8890,20220613,5,63.52659225463867,-0.01615292870457541
8891,20220614,5,63.18183898925781,-0.00542691262265349
8892,20220615,5,63.9058837890625,0.011459698093431392
8893,20220616,5,64.04378509521484,0.002157881214936763
8894,20220617,5,64.0782470703125,0.0005381002238769028
8895,20220621,5,63.785179138183594,-0.004573594714713747
8896,20220622,5,64.31100463867188,0.008243694030381832
8897,20220623,5,64.6213150024414,0.004825151861846955
8898,20220624,5,64.50065612792969,-0.0018671683562484498
8899,20220627,5,64.19031524658203,-0.004811437588047585
8900,20220628,5,64.22482299804688,0.0005375850131330573
8901,20220629,5,64.59545135498047,0.0057707960821451465
8902,20220630,5,64.87126922607422,0.004269927143600416
8903,20220701,5,65.38860321044922,0.007974778211477629
8904,20220705,5,65.50091552734375,0.0017176130301035375
8905,20220706,5,65.10359191894531,-0.006065924501964748
8906,20220707,5,64.92223358154297,-0.002785688654907692
8907,20220708,5,64.70632934570312,-0.00332558237646996
8908,20220711,5,64.94815063476562,0.0037372122867691537
8909,20220712,5,65.0604248046875,0.0017286738548298874
8910,20220713,5,65.26770782470703,0.0031860077864815928
8911,20220714,5,65.0604248046875,-0.003175889378193575
8912,20220715,5,65.2936019897461,0.003584009568929014
8913,20220718,5,65.09496307373047,-0.0030422416586363132
8914,20220719,5,65.04315948486328,-0.0007958156272169781
8915,20220720,5,64.98268127441406,-0.0009298166160469634
8916,20220721,5,65.51818084716797,0.008240650620317647
8917,20220722,5,66.05364990234375,0.008172831544649428
8918,20220725,5,65.81182861328125,-0.003660982995186801
8919,20220726,5,65.8290786743164,0.00026211186345426185
8920,20220727,5,66.01048278808594,0.002755683619195315
8921,20220728,5,66.46820831298828,0.006934133876459914
8922,20220729,5,66.4163818359375,-0.0007797182798540137
8923,20220801,5,66.70455932617188,0.004338951961373461
8924,20220802,5,66.02957153320312,-0.010119065320081
8925,20220803,5,66.35843658447266,0.00498057224412185
8926,20220804,5,66.52283477783203,0.0024774271640668477
8927,20220805,5,65.76993560791016,-0.011317905685113261
8928,20220808,5,66.06419372558594,0.004474052087111824
8929,20220809,5,65.91707611083984,-0.0022268888250900343
8930,20220810,5,66.09879302978516,0.0027567502939565003
8931,20220811,5,65.7266845703125,-0.00562958024520932
8932,20220812,5,66.02957153320312,0.004608279953123295
8933,20220815,5,66.09879302978516,0.0010483408414549977
8934,20220816,5,66.01220703125,-0.0013099482542160423
8935,20220817,5,65.62284088134766,-0.005898396181755028
8936,20220818,5,65.74397277832031,0.0018458801134757508
8937,20220819,5,65.3285903930664,-0.006318181997527317
8938,20220822,5,65.03437805175781,-0.004503577063861175
8939,20220823,5,65.0083999633789,-0.00039945163092403035
8940,20220824,5,64.8439712524414,-0.0025293456081080246
8941,20220825,5,65.19879150390625,0.005471908098958256
8942,20220826,5,65.0689697265625,-0.0019911684610898206
8943,20220829,5,64.77472686767578,-0.004522015026873882
8944,20220830,5,64.82664489746094,0.0008015167688968372
8945,20220831,5,64.55839538574219,-0.004137951488050184
8946,20220901,5,64.2080307006836,-0.0054270971724922346
8947,20220902,5,64.37281036376953,0.0025663403983542388
8948,20220906,5,63.79178237915039,-0.009025984438705725
8949,20220907,5,64.25140380859375,0.007205025667907705
8950,20220908,5,64.05194091796875,-0.0031044129591192293
8951,20220909,5,64.02595520019531,-0.0004056975854442868
8952,20220912,5,63.94786834716797,-0.001219612464713471
8953,20220913,5,63.62702178955078,-0.005017314351673741
8954,20220914,5,63.705078125,0.0012267796488636407
8955,20220915,5,63.5142822265625,-0.0029949872765735464
8956,20220916,5,63.44490051269531,-0.0010923797205122376
8957,20220919,5,63.40155792236328,-0.0006831532555301445
8958,20220920,5,63.08937072753906,-0.004923967250244798
8959,20220921,5,63.26279067993164,0.0027487982586087423
8960,20220922,5,62.61238479614258,-0.010281017906397683
8961,20220923,5,62.43892288208008,-0.0027704089953971556
8962,20220926,5,61.64110565185547,-0.012777562350512306
8963,20220927,5,61.37225341796875,-0.004361573840112043
8964,20220928,5,62.32621765136719,0.015543901034585916
8965,20220929,5,62.00532531738281,-0.0051485930973598215
8966,20220930,5,61.857906341552734,-0.0023775212060495043
8967,20221003,5,62.37588119506836,0.008373624070876051
8968,20221004,5,62.53233337402344,0.0025082159315041874
8969,20221005,5,62.20206832885742,-0.005281508418862435
8970,20221006,5,61.96739959716797,-0.003772683738565985
8971,20221007,5,61.64583969116211,-0.0051891786341887736
8972,20221010,5,61.36772155761719,-0.004511547493525225
8973,20221011,5,61.38509750366211,0.0002831447152329414
8974,20221012,5,61.454627990722656,0.0011326932739073037
8975,20221013,5,61.237327575683594,-0.0035359487502205633
8976,20221014,5,60.94187927246094,-0.004824643969930098
8977,20221017,5,61.072242736816406,0.0021391441470426376
8978,20221018,5,61.21128845214844,0.002276741594888332
8979,20221019,5,60.70720291137695,-0.008235172849948236
8980,20221020,5,60.298702239990234,-0.006729031347121439
8981,20221021,5,60.40301513671875,0.0017299360160911714
8982,20221024,5,60.316123962402344,-0.0014385237909023685
8983,20221025,5,60.88970947265625,0.009509654675612822
8984,20221026,5,61.13306427001953,0.0039966490146017275
8985,20221027,5,61.454627990722656,0.005260062202719018
8986,20221028,5,61.332950592041016,-0.001979955011687795
8987,20221031,5,61.14176940917969,-0.003117103954984657
8988,20221101,5,61.205352783203125,0.0010399334961654905
8989,20221102,5,61.10953140258789,-0.0015655719027491966
8990,20221103,5,60.87431716918945,-0.003849059680213429
8991,20221104,5,60.89175033569336,0.0002863796641110472
8992,20221107,5,60.656532287597656,-0.003862888598191949
8993,20221108,5,60.92658233642578,0.004452118158481344
8994,20221109,5,61.01372146606445,0.0014302317034213807
8995,20221110,5,62.2768440246582,0.020702270378578636
8996,20221111,5,62.2768440246582,0.0
8997,20221114,5,62.07646560668945,-0.0032175429103217246
8998,20221115,5,62.512027740478516,0.007016542090987343
8999,20221116,5,62.86919403076172,0.005713561104848441
9000,20221117,5,62.607872009277344,-0.004156598879834661
9001,20221118,5,62.503334045410156,-0.0016697255554652957
9002,20221121,5,62.503334045410156,0.0
9003,20221122,5,62.82564926147461,0.005156768370632614
9004,20221123,5,63.20893859863281,0.006100841641333288
9005,20221125,5,63.20893859863281,0.0
9006,20221128,5,63.13052749633789,-0.001240506549126219
9007,20221129,5,62.89537048339844,-0.0037249334397386757
9008,20221130,5,63.3831672668457,0.007755686622054725
9009,20221201,5,63.911399841308594,0.00833395674657611
9010,20221202,5,64.17334747314453,0.004098605764955021
9011,20221205,5,63.66692352294922,-0.007891499666699553
9012,20221206,5,63.87644958496094,0.0032909719901290657
9013,20221207,5,64.43524932861328,0.00874813405070518
9014,20221208,5,64.25189971923828,-0.0028454861474956905
9015,20221209,5,63.87644958496094,-0.005843409080789064
9016,20221212,5,63.87644958496094,0.0
9017,20221213,5,64.31302642822266,0.006834707409356433
9018,20221214,5,64.47018432617188,0.002443640218434018
9019,20221215,5,64.50513458251953,0.0005421150367870275
9020,20221216,5,64.33920288085938,-0.0025723797451795427
9021,20221219,5,63.955055236816406,-0.005970662159963558
9022,20221220,5,63.53597640991211,-0.006552708387984496
9023,20221221,5,63.68440628051758,0.002336154710960159
9024,20221222,5,63.67564010620117,-0.00013765024797107728
9025,20221223,5,63.476131439208984,-0.003133202377854971
9026,20221227,5,62.98603439331055,-0.007720965893578513
9027,20221228,5,62.89849090576172,-0.0013898872725051081
9028,20221229,5,63.13478469848633,0.0037567482036833244
9029,20221230,5,62.87224197387695,-0.004158448086315714
9030,20230103,5,63.20481491088867,0.005289662441970933
9031,20230104,5,63.56363296508789,0.005677068348433734
9032,20230105,5,63.4936408996582,-0.0011011338113434688
9033,20230106,5,64.19375610351562,0.01102654051551144
9034,20230109,5,64.36880493164062,0.002726882468798486
9035,20230110,5,64.11498260498047,-0.003943250568807621
9036,20230111,5,64.4563217163086,0.005323858752815269
9037,20230112,5,64.95518493652344,0.007739554584118125
9038,20230113,5,64.73636627197266,-0.00336876362933336
9039,20230117,5,64.64888000488281,-0.001351423815206032
9040,20230118,5,65.24398040771484,0.009205115429487432
9041,20230119,5,65.11268615722656,-0.002012358069937048
9042,20230120,5,64.82388305664062,-0.004435435206720961
9043,20230123,5,64.66635131835938,-0.0024301496740577466
9044,20230124,5,64.95518493652344,0.004466521031039727
9045,20230125,5,65.033935546875,0.001212383744708223
9046,20230126,5,64.9113998413086,-0.001884180997751339
9047,20230127,5,64.84136962890625,-0.0010788584528071965
9048,20230130,5,64.65762329101562,-0.0028337824901327746
9049,20230131,5,64.95518493652344,0.004602112332037445
9050,20230201,5,65.37271118164062,0.006427912498828459
9051,20230202,5,65.41661834716797,0.0006716436374398782
9052,20230203,5,64.8376235961914,-0.008850881711797154
9053,20230206,5,64.43405151367188,-0.006224350309829041
9054,20230207,5,64.34635162353516,-0.0013610798650168787
9055,20230208,5,64.46036529541016,0.0017718746906125737
9056,20230209,5,64.19721984863281,-0.004082282896961553
9057,20230210,5,63.925270080566406,-0.0042361611407413235
9058,20230213,5,64.10072326660156,0.0027446608487382562
9059,20230214,5,63.88139343261719,-0.0034216436696378194
9060,20230215,5,63.741024017333984,-0.002197344292924175
9061,20230216,5,63.495399475097656,-0.0038534765643164492
9062,20230217,5,63.635765075683594,0.002210642058264156
9063,20230221,5,63.08311462402344,-0.008684588784355407
9064,20230222,5,63.22344207763672,0.0022244851803787657
9065,20230223,5,63.451541900634766,0.0036078361997111674
9066,20230224,5,63.100643157958984,-0.005530184644295777
9067,20230227,5,63.2059211730957,0.0016684142960821102
9068,20230228,5,63.22344207763672,0.00027720353118554364
9069,20230301,5,62.84889221191406,-0.00592422451885366
9070,20230302,5,62.717010498046875,-0.002098393610861282
9071,20230303,5,63.20060348510742,0.007710714895691861
9072,20230306,5,63.051151275634766,-0.002364727569537761
9073,20230307,5,62.98078536987305,-0.0011160130201922636
9074,20230308,5,62.92805862426758,-0.0008371878072941374
9075,20230309,5,63.13904571533203,0.0033528301313761055
9076,20230310,5,63.895225524902344,0.011976421262044568
9077,20230313,5,64.40516662597656,0.007980895237242436
9078,20230314,5,64.00072479248047,-0.00627964889594701
9079,20230315,5,64.66017150878906,0.01030373825369657
9080,20230316,5,64.35243225097656,-0.0047593325324024605
9081,20230317,5,64.81846618652344,0.007241900876867158
9082,20230320,5,64.53706359863281,-0.004341395352997934
9083,20230321,5,64.3612289428711,-0.002724553085576731
9084,20230322,5,64.93270111083984,0.00887913697974918
9085,20230323,5,65.08221435546875,0.0023025877881421852
9086,20230324,5,65.21411895751953,0.0020267380782457156
9087,20230327,5,64.53706359863281,-0.010382036431830888
9088,20230328,5,64.4227523803711,-0.0017712491379006101
9089,20230329,5,64.49311828613281,0.0010922523978214027
9090,20230330,5,64.5810317993164,0.0013631456428195854
9091,20230331,5,64.91514587402344,0.005173563589774721
9092,20230403,5,65.19104766845703,0.004250191395533731
9093,20230404,5,65.45548248291016,0.004056305641810809
9094,20230405,5,65.63175201416016,0.0026929681756759916
9095,20230406,5,65.61414337158203,-0.00026829456837185184
9096,20230410,5,65.17340087890625,-0.006717187332307195
9097,20230411,5,65.1998519897461,0.0004058574584591135
9098,20230412,5,65.27037811279297,0.0010816914593299032
9099,20230413,5,65.23511505126953,-0.0005402613335945272
9100,20230414,5,64.9442367553711,-0.00445892209540566
9101,20230417,5,64.59165954589844,-0.005428922212154519
9102,20230418,5,64.68862915039062,0.0015012712968502928
9103,20230419,5,64.60050201416016,-0.0013623280843622076
9104,20230420,5,64.88253784179688,0.004365845757280606
9105,20230421,5,64.7679214477539,-0.0017665214379011251
9106,20230424,5,65.02356719970703,0.003947104465276796
9107,20230425,5,65.44664001464844,0.00650645347773704
9108,20230426,5,65.21747589111328,-0.003501541461622182
9109,20230427,5,64.9354248046875,-0.004324777715971284
9110,20230428,5,65.29682159423828,0.0055654797152369095
9111,20230501,5,64.62528228759766,-0.010284410331848126
9112,20230502,5,65.261474609375,0.009844325614643212
9113,20230503,5,65.53538513183594,0.004197124323353618
9114,20230504,5,65.4469985961914,-0.001348684156913471
9115,20230505,5,65.20842742919922,-0.0036452575688638023
9116,20230508,5,64.89918518066406,-0.004742366297223133
9117,20230509,5,64.82850646972656,-0.0010890539032307744
9118,20230510,5,65.22610473632812,0.006133077688396771
9119,20230511,5,65.43817901611328,0.003251371220808874
9120,20230512,5,65.09358978271484,-0.0052658744265116075
9121,20230515,5,64.92566680908203,-0.002579715978076269
9122,20230516,5,64.76667022705078,-0.002448901795630176
9123,20230517,5,64.65179443359375,-0.0017736868833045927
9124,20230518,5,64.38671112060547,-0.0041001694587233795
9125,20230519,5,64.20999145507812,-0.0027446605433273374
9126,20230522,5,64.19233703613281,-0.0002749481590830216
9127,20230523,5,64.23652648925781,0.0006883914056614593
9128,20230524,5,64.05978393554688,-0.0027514338550123085
9129,20230525,5,63.82122802734375,-0.0037239574276920484
9130,20230526,5,63.90073013305664,0.001245700030698682
9131,20230530,5,64.32483673095703,0.006636960125765423
9132,20230531,5,64.53689575195312,0.003296689611246739
9133,20230601,5,64.71146392822266,0.0027049360561202107
9134,20230602,5,64.34825134277344,-0.00561280124727348
9135,20230605,5,64.35712432861328,0.00013789008488473975
9136,20230606,5,64.44567108154297,0.0013758655914699602
9137,20230607,5,64.0824966430664,-0.005635358161094173
9138,20230608,5,64.40138244628906,0.0049761763340592235
9139,20230609,5,64.26851654052734,-0.0020630908951765337
9140,20230612,5,64.40138244628906,0.002067356038596868
9141,20230613,5,64.117919921875,-0.004401497509008756
9142,20230614,5,64.17107391357422,0.0008290036820282065
9143,20230615,5,64.56968688964844,0.006211723628173571
9144,20230616,5,64.42798614501953,-0.0021945397516186516
9145,20230620,5,64.51655578613281,0.0013747075830357058
9146,20230621,5,64.62286376953125,0.0016477628432434166
9147,20230622,5,64.31283569335938,-0.0047974982550688106
9148,20230623,5,64.49884033203125,0.002892185310545692
9149,20230626,5,64.57853698730469,0.001235629274312089
9150,20230627,5,64.45454406738281,-0.0019200329661579474
9151,20230628,5,64.65828704833984,0.0031610336230760705
9152,20230629,5,64.17107391357422,-0.007535200157736566
9153,20230630,5,64.39251708984375,0.0034508254695531093
9154,20230703,5,64.20957946777344,-0.002840976410583007
9155,20230705,5,63.943145751953125,-0.004149438729061261
9156,20230706,5,63.53464889526367,-0.006388438539981833
9157,20230707,5,63.49909210205078,-0.0005596441285369291
9158,20230710,5,63.721134185791016,0.003496775723712542
9159,20230711,5,63.85434341430664,0.0020905030994462503
9160,20230712,5,64.36056518554688,0.007927757834039761
9161,20230713,5,64.75133514404297,0.006071574377408462
9162,20230714,5,64.4493637084961,-0.004663555351795079
9163,20230717,5,64.52043914794922,0.00110281056884598
9164,20230718,5,64.60034942626953,0.0012385265719763172
9165,20230719,5,64.75133514404297,0.00233722757097099
9166,20230720,5,64.4493637084961,-0.004663555351795079
9167,20230721,5,64.49378967285156,0.0006893157945888628
9168,20230724,5,64.38721466064453,-0.0016524848787401458
9169,20230725,5,64.31615447998047,-0.0011036380598009599
9170,20230726,5,64.529296875,0.0033139791510059524
9171,20230727,5,63.97868728637695,-0.00853270708480891
9172,20230728,5,64.2007064819336,0.0034702055477140448
9173,20230731,5,64.31615447998047,0.0017982356328019033
9174,20230801,5,63.918121337890625,-0.006188696219605938
9175,20230802,5,63.71331787109375,-0.0032041534154957363
9176,20230803,5,63.32149124145508,-0.006149838726519086
9177,20230804,5,63.84686279296875,0.008296891643160276
9178,20230807,5,63.74892044067383,-0.0015340198094385693
9179,20230808,5,63.98045349121094,0.003631952493259538
9180,20230809,5,63.998252868652344,0.0002782002388252991
9181,20230810,5,63.64206314086914,-0.0055656164319709545
9182,20230811,5,63.43726348876953,-0.0032179920321925293
9183,20230814,5,63.35710144042969,-0.0012636429116150705
9184,20230815,5,63.2146110534668,-0.0022490041956364504
9185,20230816,5,63.03654861450195,-0.0028167924471486083
9186,20230817,5,62.97422790527344,-0.0009886440580628708
9187,20230818,5,63.10778045654297,0.0021207493241588438
9188,20230821,5,62.80501174926758,-0.0047976446816075935
9189,20230822,5,62.88516616821289,0.001276242400293004
9190,20230823,5,63.455078125,0.009062740730662044
9191,20230824,5,63.30366897583008,-0.00238608403998275
9192,20230825,5,63.30366897583008,0.0
9193,20230828,5,63.41946029663086,0.0018291407539898774
9194,20230829,5,63.811248779296875,0.006177732841520678
9195,20230830,5,63.784542083740234,-0.0004185264521152643
9196,20230831,5,63.89140701293945,0.0016754048192260118
9197,20230901,5,63.58422088623047,-0.004807941178173958
9198,20230905,5,63.23598861694336,-0.005476708913524142
9199,20230906,5,63.16456604003906,-0.0011294609045641169
9200,20230907,5,63.37887191772461,0.0033928180168245614
9201,20230908,5,63.396705627441406,0.00028138256767884506
9202,20230911,5,63.298500061035156,-0.0015490641892871304
9203,20230912,5,63.34316635131836,0.000705645319243553
9204,20230913,5,63.44137954711914,0.0015504939436727927
9205,20230914,5,63.33419418334961,-0.001689518174646909
9206,20230915,5,63.209232330322266,-0.001973055071413432
9207,20230918,5,63.27170944213867,0.0009884175066374734
9208,20230919,5,63.13778305053711,-0.0021166867907059794
9209,20230920,5,63.057403564453125,-0.001273080589789588
9210,20230921,5,62.664527893066406,-0.006230444788059564
9211,20230922,5,62.92347717285156,0.00413231039140749
9212,20230925,5,62.45915603637695,-0.007379139827239922
9213,20230926,5,62.396663665771484,-0.0010005317806259795
9214,20230927,5,62.17343521118164,-0.0035775703615431587
9215,20230928,5,62.33414840698242,0.002584917420999755
9216,20230929,5,62.30735778808594,-0.00042979040511736954
9217,20231002,5,61.879390716552734,-0.006868644197508211
9218,20231003,5,61.37798309326172,-0.008102982551780213
9219,20231004,5,61.78089141845703,0.006564378705359308
9220,20231005,5,61.82564163208008,0.0007243374544394499
9221,20231006,5,61.583919525146484,-0.003909738751634251
9222,20231009,5,62.21066665649414,0.010177123122079523
9223,20231010,5,62.14800262451172,-0.0010072875818616378
9224,20231011,5,62.43451690673828,0.004610192928606871
9225,20231012,5,61.89729690551758,-0.008604535244873923
9226,20231013,5,62.18381118774414,0.0046288658237194635
9227,20231016,5,61.8614616394043,-0.005183817816611702
9228,20231017,5,61.45857238769531,-0.006512766446700846
9229,20231018,5,61.1899528503418,-0.00437074157302253
9230,20231019,5,60.921321868896484,-0.0043901158430752485
9231,20231020,5,61.14518356323242,0.0036746033649384113
9232,20231023,5,61.37798309326172,0.0038073240844644918
9233,20231024,5,61.583919525146484,0.0033552166673813666
9234,20231025,5,61.11831283569336,-0.0075605238030197475
9235,20231026,5,61.53020095825195,0.006739193270368649
9236,20231027,5,61.53020095825195,0.0
9237,20231030,5,61.37798309326172,-0.0024738723849369038
9238,20231031,5,61.36006164550781,-0.0002919849569946731
9239,20231101,5,61.95545959472656,0.009703346659892809
9240,20231102,5,62.314666748046875,0.00579782888659075
9241,20231103,5,62.682865142822266,0.005908695560615129
9242,20231106,5,62.41345977783203,-0.004297910830597718
9243,20231107,5,62.72777557373047,0.0050360258350887754
9244,20231108,5,62.92533874511719,0.003149532556825596
9245,20231109,5,62.45839309692383,-0.007420629868752138
9246,20231110,5,62.57513427734375,0.0018691031682285253
9247,20231113,5,62.55713653564453,-0.0002876181075289752
9248,20231114,5,63.320491790771484,0.01220252871855787
9249,20231115,5,62.970252990722656,-0.005531207830888563
9250,20231116,5,63.3474235534668,0.005989662496666659
9251,20231117,5,63.43723678588867,0.001417788244316931
9252,20231120,5,63.52700424194336,0.0014150593658053268
9253,20231121,5,63.616825103759766,0.0014139004804054611
9254,20231122,5,63.67070388793945,0.0008469266438839718
9255,20231124,5,63.365386962890625,-0.0047952497209107214
9256,20231127,5,63.75153350830078,0.006093966499980397
9257,20231128,5,64.02092742919922,0.004225685345488284
9258,20231129,5,64.35321807861328,0.005190344200832531
9259,20231130,5,64.14667510986328,-0.0032095204391751064
9260,20231201,5,64.66990661621094,0.00815679854725948
9261,20231204,5,64.40873718261719,-0.004038500243145227
9262,20231205,5,64.82300567626953,0.006431867969678873
9263,20231206,5,65.01211547851562,0.0029173254197825127
9264,20231207,5,64.99409484863281,-0.0002771887939682083
9265,20231208,5,64.67890167236328,-0.004849566364507396
9266,20231211,5,64.68792724609375,0.0001395443258480622
9267,20231212,5,64.87703704833984,0.002923417247961302
9268,20231213,5,65.70555114746094,0.012770529247563722
9269,20231214,5,66.20086669921875,0.007538412555830876
9270,20231215,5,66.101806640625,-0.0014963559169675067
9271,20231218,5,65.96671295166016,-0.002043721583878999
9272,20231219,5,66.09281921386719,0.0019116650893222786
9273,20231220,5,66.30894470214844,0.0032700297982735105
9274,20231221,5,66.2999267578125,-0.00013599891200866132
9275,20231222,5,66.25566864013672,-0.0006675439904700875
9276,20231226,5,66.31891632080078,0.0009546002925060471
9277,20231227,5,66.74337005615234,0.0064001910600948175
9278,20231228,5,66.58080291748047,-0.002435704678009243
9279,20231229,5,66.42728424072266,-0.002305749856277406
9280,20240102,5,66.14729309082031,-0.004215002210352203
9281,20240103,5,66.20149993896484,0.0008194870207327565
9282,20240104,5,65.9034423828125,-0.004502277991089931
9283,20240105,5,65.70474243164062,-0.0030150162721044316
9284,20240108,5,65.99378204345703,0.004399067725090466
9285,20240109,5,65.98472595214844,-0.00013722643297864323
9286,20240110,5,65.86732482910156,-0.001779216649804849
9287,20240111,5,66.21051788330078,0.0052103687995475045
9288,20240112,5,66.34600067138672,0.0020462426879779283
9289,20240116,5,65.8763656616211,-0.007078573011382261
9290,20240117,5,65.72281646728516,-0.0023308692395791475
9291,20240118,5,65.63249206542969,-0.0013743233584706527
9292,20240119,5,65.63249206542969,0.0
9293,20240122,5,65.74088287353516,0.001651480915845882
9294,20240123,5,65.58733367919922,-0.0023356728359020806
9295,20240124,5,65.4518814086914,-0.0020652199580232233
9296,20240125,5,65.75894927978516,0.004691505644832006
9297,20240126,5,65.65957641601562,-0.001511168667655105
9298,20240129,5,65.92150115966797,0.003989132400014306
9299,20240130,5,66.03893280029297,0.0017813860206334908
9300,20240131,5,66.31891632080078,0.00423967360821087
9301,20240201,5,66.71924591064453,0.006036431414338184
9302,20240202,5,66.1214370727539,-0.008960065866020939
9303,20240205,5,65.59609985351562,-0.007945036322490218
9304,20240206,5,65.90409088134766,0.004695264330041082
9305,20240207,5,65.77725219726562,-0.0019245950044344262
9306,20240208,5,65.60515594482422,-0.0026163490673841716
9307,20240209,5,65.5508041381836,-0.0008284685229059674
9308,20240212,5,65.56891632080078,0.00027630755801255624
9309,20240213,5,64.99828338623047,-0.008702796486347975
9310,20240214,5,65.24284362792969,0.0037625646241454813
9311,20240215,5,65.42398071289062,0.002776351778808639
9312,20240216,5,65.21566009521484,-0.0031841629843647468
9313,20240220,5,65.29717254638672,0.0012498907632441103
9314,20240221,5,65.11603546142578,-0.002774041783084269
9315,20240222,5,65.14321899414062,0.0004174629570461441
9316,20240223,5,65.3786849975586,0.003614589623505582
9317,20240226,5,65.26094818115234,-0.001800844058130635
9318,20240227,5,65.16132354736328,-0.0015265581724697164
9319,20240228,5,65.30624389648438,0.0022240240257820343
9320,20240229,5,65.41493225097656,0.0016642873331449426
9321,20240301,5,65.68925476074219,0.0041935763032381335
9322,20240304,5,65.53484344482422,-0.0023506327858395792
9323,20240305,5,65.88907623291016,0.0054052587824395815
9324,20240306,5,66.00714874267578,0.001791989150800255
9325,20240307,5,66.11615753173828,0.0016514694414004882
9326,20240308,5,66.17974090576172,0.0009616919130988055
9327,20240311,5,66.15250396728516,-0.00041156006511644527
9328,20240312,5,65.95267486572266,-0.0030207337527438094
9329,20240313,5,65.84366607666016,-0.0016528334792248467
9330,20240314,5,65.45308685302734,-0.005931917933884034
9331,20240315,5,65.41674041748047,-0.0005553051398246023
9332,20240318,5,65.33502197265625,-0.001249197748201758
9333,20240319,5,65.5075912475586,0.0026412981842198757
9334,20240320,5,65.62571716308594,0.001803240102066006
9335,20240321,5,65.68017578125,0.0008298365414998177
9336,20240322,5,65.89817810058594,0.003319149450238923
9337,20240325,5,65.77103424072266,-0.0019293987106777655
9338,20240326,5,65.82551574707031,0.0008283510663411597
9339,20240327,5,66.0525894165039,0.003449629932351872
9340,20240328,5,65.97083282470703,-0.0012377499885939391
9341,20240401,5,65.5207748413086,-0.006822075213061218
9342,20240402,5,65.44789123535156,-0.001112373993341076
9343,20240403,5,65.49343872070312,0.0006959351094717459
9344,20240404,5,65.63013458251953,0.0020871687986845355
9345,20240405,5,65.30213928222656,-0.004997632602452895
9346,20240408,5,65.24748992919922,-0.0008368692607627626
9347,20240409,5,65.48433685302734,0.003629977552931596
9348,20240410,5,64.71907043457031,-0.011686251327162278
9349,20240411,5,64.71907043457031,0.0
9350,20240412,5,64.86486053466797,0.0022526606009436456
9351,20240415,5,64.43667602539062,-0.006601178292035215
9352,20240416,5,64.2726821899414,-0.0025450387196354063
9353,20240417,5,64.58242797851562,0.0048192447867485555
9354,20240418,5,64.40933227539062,-0.0026802291047741678
9355,20240419,5,64.49132537841797,0.0012730003577241522
9356,20240422,5,64.5186767578125,0.0004241094323003125
9357,20240423,5,64.6370849609375,0.0018352546746964737
9358,20240424,5,64.47311401367188,-0.002536793659007386
9359,20240425,5,64.29087829589844,-0.0028265381711637394
9360,20240426,5,64.43667602539062,0.0022677825121808493
9361,20240429,5,64.62799072265625,0.00296903423743089
9362,20240430,5,64.38201141357422,-0.0038060800951962293
9363,20240501,5,64.61410522460938,0.003604948120434548
9364,20240502,5,64.8699722290039,0.003959924903472523
9365,20240503,5,65.19892120361328,0.005070897416883824
9366,20240506,5,65.26290130615234,0.0009813061528924916
9367,20240507,5,65.39083862304688,0.0019603375629038133
9368,20240508,5,65.2354736328125,-0.0023759442990171076
9369,20240509,5,65.40910339355469,0.002661585040671044
9370,20240510,5,65.22635650634766,-0.0027939060119426262
9371,20240513,5,65.28117370605469,0.0008404148666758537
9372,20240514,5,65.47306060791016,0.002939391113270906
9373,20240515,5,65.89341735839844,0.0064203009082715035
9374,20240516,5,65.78373718261719,-0.0016645088413717035
9375,20240517,5,65.6192626953125,-0.0025002302141652333
9376,20240520,5,65.55530548095703,-0.0009746713347335012
9377,20240521,5,65.6923599243164,0.0020906689756665653
9378,20240522,5,65.61011505126953,-0.001251970139931502
9379,20240523,5,65.41825103759766,-0.002924305398976146
9380,20240524,5,65.4913558959961,0.001117499432328417
9381,20240528,5,65.1806640625,-0.004744012843305501
9382,20240529,5,64.94305419921875,-0.003645404150123599
9383,20240530,5,65.22635650634766,0.004362318813338373
9384,20240531,5,65.46392059326172,0.0036421486595061836
9385,20240603,5,65.82965850830078,0.00558686237739181
9386,20240604,5,66.0771255493164,0.003759202867267275
9387,20240605,5,66.26043701171875,0.002774204550794579
9388,20240606,5,66.26961517333984,0.00013851646676377172
9389,20240607,5,65.73799133300781,-0.00802213561888776
9390,20240610,5,65.63716888427734,-0.0015337013907184005
9391,20240611,5,65.90296936035156,0.004049542059665123
9392,20240612,5,66.20545196533203,0.004589817544131014
9393,20240613,5,66.4987564086914,0.0044302158606659425
9394,20240614,5,66.59957885742188,0.0015161554016263068
9395,20240617,5,66.35211181640625,-0.00371574483294268
9396,20240618,5,66.58126068115234,0.0034535278301335293
9397,20240620,5,66.45294189453125,-0.001927250780600187
9398,20240621,5,66.47126770019531,0.0002757711719241218
9399,20240624,5,66.50794219970703,0.0005517346182883909
9400,20240625,5,66.54458618164062,0.00055097151891359
9401,20240626,5,66.23294830322266,-0.004683143983604032
9402,20240627,5,66.35211181640625,0.0017991576131874965
9403,20240628,5,66.04046630859375,-0.004696843842360465
9404,20240701,5,65.69200897216797,-0.005276421501894113
9405,20240702,5,65.88508605957031,0.002939125936674447
9406,20240703,5,66.26203918457031,0.005721372582850881
9407,20240705,5,66.56544494628906,0.004578877521013602
9408,20240708,5,66.56544494628906,0.0
9409,20240709,5,66.53788757324219,-0.0004139891661373296
9410,20240710,5,66.59302520751953,0.0008286652355269375
9411,20240711,5,66.92401123046875,0.004970280625002266
9412,20240712,5,67.09870147705078,0.002610277587522969
9413,20240715,5,66.88724517822266,-0.003151421624760453
9414,20240716,5,67.1446762084961,0.0038487312429673626
9415,20240717,5,67.20903015136719,0.0009584370125081954
9416,20240718,5,67.03435516357422,-0.0025989809315737356
9417,20240719,5,66.85966491699219,-0.0026059808609445456
9418,20240722,5,66.83209228515625,-0.0004123956030914755
9419,20240723,5,66.84127044677734,0.0001373316517150336
9420,20240724,5,66.64820861816406,-0.002888362643660547
9421,20240725,5,66.79529571533203,0.002206917488370097
9422,20240726,5,67.06192779541016,0.003991779319526545
9423,20240729,5,67.1446762084961,0.0012339104437675275
9424,20240730,5,67.22743225097656,0.0012325034113427336
9425,20240731,5,67.59517669677734,0.005470154570650587
9426,20240801,5,67.84788513183594,0.0037385572078938445
9427,20240802,5,68.62256622314453,0.011417910665944886
9428,20240805,5,68.55799102783203,-0.0009410198257889801
9429,20240806,5,68.13378143310547,-0.006187602471524389
9430,20240807,5,67.96778106689453,-0.0024363885684800524
9431,20240808,5,67.8663101196289,-0.0014929271733287175
9432,20240809,5,68.1061019897461,0.003533297591905349
9433,20240812,5,68.22598266601562,0.0017602046331703924
9434,20240813,5,68.48422241210938,0.0037850645165187213
9435,20240814,5,68.61331176757812,0.001884950298361332
9436,20240815,5,68.32742309570312,-0.004166664813431864
9437,20240816,5,68.4749755859375,0.002159491512327305
9438,20240819,5,68.55799102783203,0.001212347155791882
9439,20240820,5,68.7608871459961,0.002959481675618214
9440,20240821,5,68.90845489501953,0.0021461001326250617
9441,20240822,5,68.63177490234375,-0.004015182071594792
9442,20240823,5,68.93611145019531,0.004434338879981015
9443,20240826,5,68.8623275756836,-0.0010703225487997958
9444,20240827,5,68.8623275756836,0.0
9445,20240828,5,68.81620788574219,-0.000669737599135245
9446,20240829,5,68.71478271484375,-0.0014738558548130776
9447,20240830,5,68.57642364501953,-0.0020135269931419453
9448,20240903,5,68.86873626708984,0.004262581898167195
9449,20240904,5,69.17401885986328,0.00443281827605313
9450,20240905,5,69.34052276611328,0.0024070295321039215
9451,20240906,5,69.42376708984375,0.0012005147987022013
9452,20240909,5,69.51628112792969,0.0013325989349759482
9453,20240910,5,69.74750518798828,0.003326185697895445
9454,20240911,5,69.71054077148438,-0.0005299747482619965
9455,20240912,5,69.63653564453125,-0.0010616059800155897
9456,20240913,5,69.7845458984375,0.0021254683699629684
9457,20240916,5,69.96954345703125,0.0026509817641142686
9458,20240917,5,69.87702941894531,-0.0013222043980142262
9459,20240918,5,69.6642837524414,-0.003044572276082236
9460,20240919,5,69.6642837524414,0.0
9461,20240920,5,69.655029296875,-0.00013284361896681585
9462,20240923,5,69.60877227783203,-0.0006640872814196452
9463,20240924,5,69.69203186035156,0.0011961076139543891
9464,20240925,5,69.43302917480469,-0.0037163887840989673
9465,20240926,5,69.43302917480469,0.0
9466,20240927,5,69.63653564453125,0.0029309749573824817
9467,20240930,5,69.47926330566406,-0.0022584744834235337
9468,20241001,5,69.6843032836914,0.0029510960288294807
9469,20241002,5,69.55441284179688,-0.001863984222755799
9470,20241003,5,69.2482681274414,-0.004401513891746922
9471,20241004,5,68.79363250732422,-0.006565299500061128
9472,20241007,5,68.58956146240234,-0.0029664234535100586
9473,20241008,5,68.69159698486328,0.001487624651411057
9474,20241009,5,68.50603485107422,-0.002701380400719988
9475,20241010,5,68.47821044921875,-0.00040615986483460986
9476,20241011,5,68.48749542236328,0.00013559018385000954
9477,20241014,5,68.44110107421875,-0.0006774134147907729
9478,20241015,5,68.71015167236328,0.003931126091217818
9479,20241016,5,68.80290985107422,0.0013499923439732608
9480,20241017,5,68.46894073486328,-0.004853996973875452
9481,20241018,5,68.50603485107422,0.0005417655920014752
9482,20241021,5,68.04216003417969,-0.006771298585634855
9483,20241022,5,68.06999969482422,0.00040915309905731334
9484,20241023,5,67.90299224853516,-0.0024534662411899166
9485,20241024,5,68.0143051147461,0.0016392925042760798
9486,20241025,5,67.87516784667969,-0.002045705941296716
9487,20241028,5,67.79167938232422,-0.0012300295823070018
9488,20241029,5,67.8473129272461,0.0008206544730677834
9489,20241030,5,67.78238677978516,-0.000956945008722121
9490,20241031,5,67.77311706542969,-0.00013675697767301376
9491,20241101,5,67.51066589355469,-0.003872496695431993
9492,20241104,5,67.78055572509766,0.003997736179472966
9493,20241105,5,67.94805908203125,0.002471259716620544
9494,20241106,5,67.38967895507812,-0.008217749476537861
9495,20241107,5,67.8922348022461,0.007457460177291653
9496,20241108,5,68.02252197265625,0.0019190290434487611
9497,20241111,5,67.8922348022461,-0.001915353424598587
9498,20241112,5,67.48274993896484,-0.006031394672365464
9499,20241113,5,67.45481872558594,-0.00041390152897102794
9500,20241114,5,67.43621063232422,-0.0002758601032999408
9501,20241115,5,67.45481872558594,0.00027593622309485255
9502,20241118,5,67.51997375488281,0.0009659062247566741
9503,20241119,5,67.64095306396484,0.0017917558665117017
9504,20241120,5,67.56649780273438,-0.0011007423440657638
9505,20241121,5,67.52926635742188,-0.0005510341148833309
9506,20241122,5,67.55718994140625,0.0004135034406649307
9507,20241125,5,68.18073272705078,0.009229850829872266
9508,20241126,5,68.05973815917969,-0.0017746152473232524
9509,20241127,5,68.24589538574219,0.002735203390396679
9510,20241129,5,68.49716186523438,0.003681781564619735
9511,20241202,5,68.53731536865234,0.0005862068197362014
9512,20241203,5,68.37860870361328,-0.0023156241849480175
9513,20241204,5,68.61197662353516,0.0034128790325846925
9514,20241205,5,68.6213150024414,0.00013610421045706644
9515,20241206,5,68.80802154541016,0.0027208243234935203
9516,20241209,5,68.60267639160156,-0.0029843199847430224
9517,20241210,5,68.52798461914062,-0.0010887588704933115
9518,20241211,5,68.37860870361328,-0.0021797797842375566
9519,20241212,5,68.10790252685547,-0.003958930751738254
9520,20241213,5,67.8371810913086,-0.0039748902183579515
9521,20241216,5,67.91184997558594,0.0011007073565871828
9522,20241217,5,67.92120361328125,0.00013773204085398838
9523,20241218,5,67.38910675048828,-0.00783403170860364
9524,20241219,5,67.20240020751953,-0.0027705745330627307
9525,20241220,5,67.40778350830078,0.0030561899596894815
9526,20241223,5,67.19305419921875,-0.0031855269214657866
9527,20241224,5,67.28955841064453,0.001436223022987848
9528,20241226,5,67.33634948730469,0.0006953690552493619
9529,20241227,5,67.19588470458984,-0.002086017192561407
9530,20241230,5,67.45809936523438,0.0039022428500985473
9531,20241231,5,67.34573364257812,-0.0016657113632548848
9532,20250102,5,67.37383270263672,0.00041723593372267054
9533,20250103,5,67.28955841064453,-0.0012508460423223955
9534,20250106,5,67.2239761352539,-0.0009746278165536637
9535,20250107,5,66.98985290527344,-0.003482734039852331
9536,20250108,5,67.06476593017578,0.001118274210995418
9537,20250110,5,66.71825408935547,-0.005166823979988022
9538,20250113,5,66.65269470214844,-0.0009826304375295525
9539,20250114,5,66.69954681396484,0.0007029289967310781
9540,20250115,5,67.23334503173828,0.008003026156418791
9541,20250116,5,67.36445617675781,0.0019500910590963816
9542,20250117,5,67.38318634033203,0.00027804222934824097
9543,20250121,5,67.57986450195312,0.002918801741249366
9544,20250122,5,67.43939208984375,-0.002078613402743845
9545,20250123,5,67.33634948730469,-0.0015279289944041263
9546,20250124,5,67.46746826171875,0.001947221306358271
9547,20250127,5,67.82334899902344,0.005274849441869733
9548,20250128,5,67.785888671875,-0.0005523219908969423
9549,20250129,5,67.74842834472656,-0.0005526272190627957
9550,20250130,5,67.84207916259766,0.001382331961924832
9551,20250131,5,67.74842834472656,-0.0013804237580431478
9552,20250203,5,67.80951690673828,0.0009016971095017201
9553,20250204,5,67.90347290039062,0.0013855871260897157
9554,20250205,5,68.2511215209961,0.005119747278838682
9555,20250206,5,68.17594146728516,-0.001101521147719331
9556,20250207,5,67.96923828125,-0.0030319080541680865
9557,20250210,5,67.98802947998047,0.0002764662250989147
9558,20250211,5,67.87527465820312,-0.001658451092637514
9559,20250212,5,67.52764892578125,-0.005121537027620193
9560,20250213,5,67.93164825439453,0.0059827246326509265
9561,20250214,5,68.14775848388672,0.003181289355483896
9562,20250218,5,67.89407348632812,-0.0037225728799074043
9563,20250219,5,67.98802947998047,0.0013838614893428858
9564,20250220,5,68.07257080078125,0.0012434736150968018
9565,20250221,5,68.37325286865234,0.004417081128771594
9566,20250224,5,68.46722412109375,0.0013743861597741436
9567,20250225,5,68.89942169189453,0.006312473980782052
9568,20250226,5,69.00277709960938,0.0015000910773537157
9569,20250227,5,68.9182357788086,-0.001225187222229307
9570,20250228,5,69.20948028564453,0.004225942575934116
9571,20250303,5,69.36874389648438,0.0023011820083393975
9572,20250304,5,69.17084503173828,-0.0028528535134124677
9573,20250305,5,68.92583465576172,-0.0035421047099272185
9574,20250306,5,68.86930847167969,-0.0008201015535661549
9575,20250307,5,68.79390716552734,-0.0010948462795056235
9576,20250310,5,69.11428833007812,0.0046571154009307225
9577,20250311,5,68.85042572021484,-0.003817772218142723
9578,20250312,5,68.70907592773438,-0.0020529980897266986
9579,20250313,5,68.9163818359375,0.0030171546539377037
9580,20250314,5,68.74678039550781,-0.0024609742402530443
9581,20250317,5,68.84101104736328,0.0013706918536890988
9582,20250318,5,68.9163818359375,0.001094853016065711
9583,20250319,5,69.12371826171875,0.003008521635317951
9584,20250320,5,69.15201568603516,0.00040937358446591077
9585,20250321,5,69.09548950195312,-0.0008174191818018928
9586,20250324,5,68.79390716552734,-0.004364718140064117
9587,20250325,5,68.87871551513672,0.0012327886742253824
9588,20250326,5,68.7279281616211,-0.0021891719726173653
9589,20250327,5,68.69965362548828,-0.00041139805737078206
9590,20250328,5,69.09548950195312,0.005761832201115924
9591,20250331,5,69.21797943115234,0.0017727630281243467
9592,20250401,5,69.4354248046875,0.0031414579755457694
9593,20250402,5,69.37870788574219,-0.0008168297249545597
9594,20250403,5,69.73797607421875,0.005178363786598972
9595,20250404,5,69.7947006225586,0.0008133953913356251
9596,20250407,5,68.9532241821289,-0.012056451749543173
9597,20250408,5,68.55614471435547,-0.00575867876351388
9598,20250409,5,68.71685028076172,0.0023441453289978487
9599,20250410,5,68.16849517822266,-0.007979921959440861
9600,20250411,5,68.09284973144531,-0.0011096833893659008
9601,20250414,5,68.48051452636719,0.00569317918769463
9602,20250415,5,68.65068817138672,0.002484993668586011
9603,20250416,5,68.83979034423828,0.002754556114273221
9604,20250417,5,68.68850708007812,-0.0021976136679623393
9605,20250421,5,68.310302734375,-0.005506078990218932
9606,20250422,5,68.43321228027344,0.0017992826993662447
9607,20250423,5,68.57505798339844,0.0020727611403663637
9608,20250424,5,68.96269226074219,0.005652700686561429
9609,20250425,5,69.1895980834961,0.0032902692066603123
9610,20250428,5,69.35978698730469,0.0024597469637446245
9611,20250429,5,69.53943634033203,0.0025901082000183706
9612,20250430,5,69.49214935302734,-0.0006800024531873339
9613,20250501,5,69.29864501953125,-0.002784549554123994
9614,20250502,5,68.95719146728516,-0.004927276026102101
9615,20250505,5,68.86233520507812,-0.0013755818673681919
9616,20250506,5,69.01409912109375,0.0022038740853567163
9617,20250507,5,69.14688873291016,0.001924093967863083
9618,20250508,5,68.77698516845703,-0.005349533019221364
9619,20250509,5,68.83389282226562,0.0008274229187164028
9620,20250512,5,68.59675598144531,-0.0034450592738175523
9621,20250513,5,68.56829833984375,-0.00041485404367025414
9622,20250514,5,68.33116912841797,-0.0034582922016017648
9623,20250515,5,68.70110321044922,0.005413840956475013
9624,20250516,5,68.74851989746094,0.0006901881453995617
9625,20250519,5,68.72955322265625,-0.0002758848457098395
9626,20250520,5,68.60624694824219,-0.001794079382628877
9627,20250521,5,68.17940521240234,-0.0062216161767580935
9628,20250522,5,68.36910247802734,0.0027823250295895274
9629,20250523,5,68.47344970703125,0.0015262337111627833
9630,20250527,5,68.79595184326172,0.00470988591359589
9631,20250528,5,68.64418029785156,-0.002206111571156688
9632,20250529,5,68.89080047607422,0.003592732510644847
9633,20250530,5,69.02359008789062,0.0019275376523244514
9634,20250602,5,68.8713150024414,-0.002206131052518767
9635,20250603,5,68.79520416259766,-0.0011051166925017952
9636,20250604,5,69.22343444824219,0.0062247113131956855
9637,20250605,5,69.0901870727539,-0.0019248882484718122
9638,20250606,5,68.71905517578125,-0.005371702012933355
9639,20250609,5,68.82374572753906,0.001523457380052884
9640,20250610,5,68.95698547363281,0.0019359560379237362
9641,20250611,5,69.17585754394531,0.0031740376817399607
9642,20250612,5,69.43279266357422,0.0037142310735458484
9643,20250613,5,69.18537902832031,-0.003563354227341997
9644,20250616,5,69.05213165283203,-0.001925947033313724
9645,20250617,5,69.2710189819336,0.0031698851847477005
9646,20250618,5,69.30909729003906,0.0005497004182282161
9647,20250620,5,69.35665893554688,0.0006862251474546444
9648,20250623,5,69.5279541015625,0.002469772457966979
9649,20250624,5,69.73731994628906,0.0030112470218919274
9650,20250625,5,69.75637817382812,0.00027328591855457773
9651,20250626,5,69.95621490478516,0.0028647807725774577
9652,20250627,5,69.79442596435547,-0.0023127171853121187
9653,20250630,5,70.0704116821289,0.00395426588814396
9654,20250701,5,70.01789855957031,-0.0007494336239498578
9655,20250702,5,69.94151306152344,-0.0010909424535483492
9656,20250703,5,69.76969146728516,-0.0024566467998360375
9657,20250707,5,69.54053497314453,-0.0032844705103515226
9658,20250708,5,69.50237274169922,-0.000548776788387495
9659,20250709,5,69.77922821044922,0.003983395930652778
9660,20250710,5,69.78877258300781,0.0001367795661169069
9661,20250711,5,69.50237274169922,-0.004103809691851867
9662,20250714,5,69.4928207397461,-0.00013743418499712057
9663,20250715,5,69.28279113769531,-0.0030223208644437616
9664,20250716,5,69.41644287109375,0.001929075477528297
9665,20250717,5,69.4355239868164,0.00027487890380806235
9666,20250718,5,69.55008697509766,0.00164991897091471
9667,20250721,5,69.75056457519531,0.002882492442740414
9668,20250722,5,69.86515045166016,0.0016427949675061893
9669,20250723,5,69.7219467163086,-0.0020497162666334168
9670,20250724,5,69.6360092163086,-0.0012325745916084152
9671,20250725,5,69.807861328125,0.0024678627300795952
9672,20250728,5,69.69330596923828,-0.0016410094322796276
9673,20250729,5,70.05609130859375,0.0052054545886457415
9674,20250730,5,69.87469482421875,-0.0025893035278824472
9675,20250731,5,69.88422393798828,0.00013637431681812195
9676,20250801,5,70.4896240234375,0.008662900599517576
9677,20250804,5,70.53750610351562,0.0006792784149651787
9678,20250805,5,70.56623840332031,0.00040733364973988273
9679,20250806,5,70.50877380371094,-0.0008143355931903296
9680,20250807,5,70.48004150390625,-0.0004074996380546425
9681,20250808,5,70.32677459716797,-0.0021746143087867376
9682,20250811,5,70.37467193603516,0.0006810683291185171
9683,20250812,5,70.38423919677734,0.00013594750041434622
9684,20250813,5,70.64287567138672,0.0036746362191439896
9685,20250814,5,70.44173431396484,-0.00284729854936161
9686,20250815,5,70.34593963623047,-0.0013599136742915574
9687,20250818,5,70.26929473876953,-0.0010895425927535118
9688,20250819,5,70.40341186523438,0.0019086163731034667
9689,20250820,5,70.45130920410156,0.0006803269557287273
9690,20250821,5,70.27887725830078,-0.00244753359091221
9691,20250822,5,70.63330078125,0.005043101665477501
9692,20250825,5,70.53750610351562,-0.0013562254159840137
9693,20250826,5,70.62371826171875,0.0012222172708602486
9694,20250827,5,70.69075775146484,0.0009492489406697224
9695,20250828,5,70.77698516845703,0.001219783458756396
9696,20250829,5,70.69075775146484,-0.0012182973997403312
9697,20250902,5,70.53987884521484,-0.0021343512369814688
9698,20250903,5,70.7705307006836,0.003269807933394153
9699,20250904,5,71.03961944580078,0.003802271121227996
9700,20250905,5,71.37599182128906,0.004734996866712082
9701,20250908,5,71.60664367675781,0.0032315047340603087
9702,20250909,5,71.47207641601562,-0.0018792566420183787
9703,20250910,5,71.59703063964844,0.00174829429755885
9704,20250911,5,71.75078582763672,0.0021475078870538677
9705,20250912,5,71.66429138183594,-0.0012054842996223059
9706,20250915,5,71.7988510131836,0.0018776384828911308
9707,20250916,5,71.80845642089844,0.00013378219260196111
9708,20250917,5,71.68351745605469,-0.0017398920833422427
9709,20250918,5,71.50092315673828,-0.002547228509375832
9710,20250919,5,71.52975463867188,0.0004032323033142937
9711,20250922,5,71.39520263671875,-0.0018810633789085873
9712,20250923,5,71.53936767578125,0.0020192538677430427
9713,20250924,5,71.39520263671875,-0.002015184698247019
9714,20250925,5,71.31832885742188,-0.0010767359214320926
9715,20250926,5,71.31832885742188,0.0
9716,20250929,5,71.50092315673828,0.002560271703525796
9717,20250930,5,71.47207641601562,-0.00040344571019623743
9718,20251001,5,71.65237426757812,0.0025226334619556923
9719,20251002,5,71.72950744628906,0.001076491595699114
9720,20251003,5,71.64274597167969,-0.0012095646226811807
9721,20251006,5,71.47883605957031,-0.0022878786942946983
9722,20251007,5,71.61381530761719,0.0018883806100924438
9723,20251008,5,71.61381530761719,0.0
9724,20251009,5,71.56561279296875,-0.0006730896048672275
9725,20251010,5,71.84520721435547,0.00390682634403694
9726,20251013,5,71.96089935302734,0.0016102972370404256
9727,20251014,5,72.06694793701172,0.0014736973125379915
9728,20251015,5,72.01873779296875,-0.0006689633101307768
9729,20251016,5,72.2886962890625,0.00374844803403529
9730,20251017,5,72.19227600097656,-0.0013338224789720687
9731,20251020,5,72.2886962890625,0.0013356039375269635
9732,20251021,5,72.37545776367188,0.001200208041689299
9733,20251022,5,72.37545776367188,0.0
9734,20251023,5,72.23084259033203,-0.0019981244721388736
9735,20251024,5,72.32723999023438,0.0013345739360826059
9736,20251027,5,72.36581420898438,0.0005333290576994276
9737,20251028,5,72.40438079833984,0.0005329393412765171
9738,20251029,5,72.04766082763672,-0.004926773308049692
9739,20251030,5,71.9223403930664,-0.0017394101783557714
9740,20251031,5,71.90304565429688,-0.00026827184243560787
9741,20251103,5,71.81985473632812,-0.0011569874017398618
9742,20251104,5,71.8585433959961,0.0005386903079935834
9743,20251105,5,71.65542602539062,-0.0028266279972603003
9744,20251106,5,71.93594360351562,0.00391481278787742
9745,20251107,5,71.89724731445312,-0.0005379270379183287
9746,20251110,5,71.87789154052734,-0.00026921439483107434
9747,20251111,5,72.08102416992188,0.0028260794110801513
9748,20251112,5,72.05199432373047,-0.00040273909153920595
9749,20251113,5,71.83919525146484,-0.0029534098849438584
9750,20251114,5,71.73280334472656,-0.0014809729753495482
9751,20251117,5,71.77149200439453,0.0005393440359782176
9752,20251118,5,71.82954406738281,0.0008088457041512953
9753,20251119,5,71.8005142211914,-0.0004041491083971449
9754,20251120,5,71.90691375732422,0.0014818770768831868
9755,20251121,5,72.08102416992188,0.00242133062733374
9756,20251124,5,72.20677185058594,0.001744532380222985
9757,20251125,5,72.37120819091797,0.002277298044458975
9758,20251126,5,72.44859313964844,0.001069278110244154
9759,20251128,5,72.33251190185547,-0.0016022566175883934
9760,20251201,5,72.05012512207031,-0.0039040090321805776
9761,20251202,5,72.11807250976562,0.0009430571783213271
9762,20251203,5,72.22480773925781,0.0014800066859486094
9763,20251204,5,72.08894348144531,-0.001881130072412085
9764,20251205,5,72.00161743164062,-0.0012113653715449813
9765,20251208,5,71.89488220214844,-0.0014824004418168002
9766,20251209,5,71.84635925292969,-0.000674915205818416
9767,20251210,5,72.0598373413086,0.0029713139343272577
9768,20251211,5,72.0598373413086,0.0
9769,20251212,5,71.8366470336914,-0.003097291304725802
9770,20251215,5,71.92398834228516,0.0012158321998629873
9771,20251216,5,72.0598373413086,0.001888785677136351
9772,20251217,5,72.0404281616211,-0.00026934809185830133
9773,20251218,5,72.19329071044922,0.00212189950461128
9774,20251219,5,72.08619689941406,-0.0014834316316828522
9775,20251222,5,72.06671142578125,-0.00027030797116400773
9776,20251223,5,72.0569839477539,-0.00013497879721291461
9777,20251224,5,72.23223876953125,0.002432169821379393
9778,20251226,5,72.23223876953125,0.0
9779,20251229,5,72.33934020996094,0.0014827373795156529
9780,20251230,5,72.31011199951172,-0.000404043088648387
9781,20251231,5,72.11540985107422,-0.002692599182239075
9782,20260102,5,72.08619689941406,-0.0004050861212671064
9783,20260105,5,72.22249603271484,0.001890779915757923
9784,20260106,5,72.22249603271484,0.0
9785,20260107,5,72.3003921508789,0.0010785575470664277
9786,20260108,5,72.17382049560547,-0.0017506358058100302
9787,20260109,5,72.32958984375,0.0021582527719177236
9788,20260112,5,72.26144409179688,-0.0009421559295488269
9789,20260113,5,72.31985473632812,0.0008083237923814934
9790,20260114,5,72.46591186523438,0.0020195993125091682
9791,20260115,5,72.35881042480469,-0.0014779561544587816
9792,20260116,5,72.24197387695312,-0.0016146830934012923
9793,20260120,5,71.9791030883789,-0.003638754237556663
9794,20260121,5,72.18354797363281,0.002840336659973186
9795,20260122,5,72.21277618408203,0.00040491512636497973
9796,20260123,5,72.29064178466797,0.0010782801146911325
9797,20260126,5,72.37828063964844,0.0012123125873126916
9798,20260127,5,72.31985473632812,-0.0008072297767226511
9799,20260128,5,72.29064178466797,-0.000403940961533511
9800,20260129,5,72.3003921508789,0.00013487729490613276
9801,20260130,5,72.27117919921875,-0.0004040496986404962
9802,20260202,5,72.19792938232422,-0.001013541188979561
9803,20260203,5,72.21746063232422,0.00027052368630364754
9804,20260204,5,72.18814086914062,-0.00040599271875352283
9805,20260205,5,72.500732421875,0.004330234148861578
9806,20260206,5,72.51050567626953,0.00013480214706884652
9807,20260209,5,72.530029296875,0.00026925230245433696
9808,20260210,5,72.74494934082031,0.002963187055469385
9809,20260211,5,72.59842681884766,-0.002014195120078721
9810,20260212,5,72.9305419921875,0.004574688294121776
9811,20260213,5,73.14543151855469,0.002946495672419447
9812,20260217,5,73.13569641113281,-0.00013309248738802015
9813,20260218,5,73.05753326416016,-0.0010687414054726396
9814,20260219,5,73.08683776855469,0.0004011154371796888
9815,20260220,5,73.07706451416016,-0.0001337211280844075
9816,20260223,5,73.23336029052734,0.002138780168665644
9817,20260224,5,73.19427490234375,-0.000533710156526146
9818,20260225,5,73.17474365234375,-0.0002668412253015173
9819,20260226,5,73.28219604492188,0.0014684355177059238
9820,20260227,5,73.4287338256836,0.0019996368650292418
9821,20260302,5,73.13282775878906,-0.004029840247511296
9822,20260303,5,73.05443572998047,-0.0010719130000982346
9823,20260304,5,73.00545501708984,-0.0006704687046199531
9824,20260305,5,72.83888244628906,-0.0022816455395255897
9825,20260306,5,72.74089813232422,-0.001345219897313732
9826,20260309,5,72.94666290283203,0.0028287356327867386
9827,20260310,5,72.72130584716797,-0.0030893401657625663
9828,20260311,5,72.39796447753906,-0.00444630862801676
9829,20260312,5,72.1334228515625,-0.0036539925933778417
9830,20260313,5,72.06482696533203,-0.0009509584256334191
9831,20260316,5,72.33917999267578,0.0038070309594406826
9832,20260317,5,72.48616027832031,0.0020318212849441686
9833,20260318,5,72.19222259521484,-0.004055086956970211
9834,20260319,5,72.27059173583984,0.0010855620980727565
9835,20260320,5,71.69251251220703,-0.007998816804292708
9836,20260323,5,71.96685791015625,0.0038266952619703254
9837,20260324,5,71.78070068359375,-0.002586707714749781
9838,20260325,5,72.05504608154297,0.0038219938693342392
9839,20260326,5,71.63372039794922,-0.0058472751945359835
9840,20260327,5,71.63372039794922,0.0
9841,20260330,5,71.99624633789062,0.005060828028021547
9842,20260331,5,72.15301513671875,0.002177457948187689
9843,20260401,5,72.18251037597656,0.00040878734176152953
9844,20260402,5,72.3398208618164,0.00217934351438398
9845,20260406,5,72.2316665649414,-0.0014950866008031083
9846,20260407,5,72.3398208618164,0.0014973252316941021
9847,20260408,5,72.47746276855469,0.0019027128502462354
9848,20260409,5,72.5069580078125,0.0004069573924241343
9849,20260410,5,72.3988037109375,-0.0014916402486965241
9850,20260413,5,72.55610656738281,0.0021727272880553983
9851,20260414,5,72.73308563232422,0.0024392028915862785
9852,20260415,5,72.63475799560547,-0.001351896951214293
9853,20260416,5,72.526611328125,-0.0014889106877318259
9854,20260417,5,72.81172180175781,0.003931115330108481
9855,20260420,5,72.7625732421875,-0.0006750088907954144
9856,20260421,5,72.53643798828125,-0.0031078512459086216
9857,20260422,5,72.61509704589844,0.0010844075033005218
9858,20260423,5,72.4872817993164,-0.0017601745612381148
9859,20260424,5,72.61509704589844,0.0017632782387384527
9860,20260427,5,72.49712371826172,-0.0016246391237644264
9861,20260428,5,72.47746276855469,-0.00027119627232985444
9862,20260429,5,72.15302276611328,-0.004476426050915361
9863,20260430,5,72.26116180419922,0.0014987457758557365
9864,20260501,5,72.36177062988281,0.0013922946043436468
9865,20260504,5,72.11518096923828,-0.003407733924944867
9866,20260505,5,72.243408203125,0.001778089331030186
9867,20260506,5,72.5491943359375,0.004232720194384143
9868,20260507,5,72.36177062988281,-0.0025834016183119424
9869,20260508,5,72.5491943359375,0.0025900928684197133
9870,20260511,5,72.37165069580078,-0.0024472172539174997
9871,20260512,5,72.15463256835938,-0.002998662119143791
9872,20260513,5,72.1842269897461,0.0004101527557316409
9873,20260514,5,72.16449737548828,-0.0002733230662789188
9874,20260515,5,71.75021362304688,-0.005740825024884377
9875,20260518,5,71.70089721679688,-0.0006873346260555246
9876,20260519,5,71.46414947509766,-0.0033018797656517718
9877,20260520,5,71.85871124267578,0.005521114719424736
9878,20260521,5,71.9376220703125,0.0010981386427906248
9879,20260522,5,72.00666809082031,0.0009598040430127686
9880,20260526,5,72.21382141113281,0.002876863015675468
9881,20260527,5,72.28286743164062,0.0009561330387810596
9882,20260528,5,72.42095947265625,0.0019104394432916116
9883,20260529,5,72.46041870117188,0.000544859234163031
9884,20260601,5,72.4277572631836,-0.0004507486787094228
9885,20260602,5,72.44754791259766,0.0002732467518240522
9886,20260603,5,72.3089828491211,-0.0019126259958961445
9887,20260604,5,72.40796661376953,0.001368899972704396
9888,20260605,5,72.08135986328125,-0.004510646628573811
9889,20260608,5,72.06155395507812,-0.00027477156702770955
9890,20260609,5,72.21991729736328,0.002197612091239032
9891,20260610,5,72.16053009033203,-0.0008223106485532039
9892,20260611,5,72.57621002197266,0.005760488886656923
9893,20260612,5,72.48712921142578,-0.0012274106145788721
9894,20260615,5,72.54652404785156,0.0008193845869179928
9895,20260616,5,72.6553955078125,0.0015007122862169542
9896,20260617,5,72.3881607055664,-0.003678113653890369
9897,20260618,5,72.58610534667969,0.002734489164856857
9898,20260622,5,72.3881607055664,-0.002727032125058537
9899,20260623,5,72.46733856201172,0.0010937956659426984
9900,20260624,5,72.7939453125,0.004506951089542133
9901,20260625,5,72.84343719482422,0.0006798900940421237
9902,20260626,5,72.9127197265625,0.0009511156310895164
9903,20260629,5,72.95230102539062,0.0005428586257181234
9904,20260630,5,72.6553955078125,-0.004069858159440165
9905,20260701,5,72.55012512207031,-0.0014488997686464833
9906,20260702,5,72.59978485107422,0.0006844885369989839
9907,20260706,5,72.62957000732422,0.0004102650760067217
9908,20260707,5,72.34159088134766,-0.003965039665628223
9909,20260708,5,72.19263458251953,-0.0020590686078834075
9910,20260709,5,72.32173919677734,0.0017883349874181498
9911,20260710,5,72.26214599609375,-0.0008240012110528605
9912,20260713,5,71.9940414428711,-0.003710165945488897
9913,20260714,5,72.19263458251953,0.0027584663351067906
9914,20260715,5,72.31179809570312,0.0016506325593006466
9915,20260716,5,72.30187225341797,-0.00013726449274598096
9916,20260717,5,72.35152435302734,0.0006867332485573918
9917,20260720,5,72.17277526855469,-0.002470564180520607
9918,20260721,5,72.0138931274414,-0.0022014137674778445
9919,20260722,5,71.89473724365234,-0.0016546235540716436
9920,20260723,5,71.74578094482422,-0.00207186651678426
9921,20260724,5,71.80535888671875,0.0008304034203816535
9922,20260727,5,71.95431518554688,0.0020744454332874973
9923,20260728,5,72.13306427001953,0.002484202427772697
9924,20260729,5,71.87487030029297,-0.003579412192445508
9925,20260730,5,71.91458892822266,0.0005526079944735418
9926,20260731,5,71.72592163085938,-0.0026234912856358816
9927,20260803,5,71.8973159790039,0.0023895733125134377
9928,20260804,5,72.1863021850586,0.0040194296841218335
9929,20260805,5,72.20623016357422,0.0002760631575855488
9930,20260806,5,71.99696350097656,-0.002898180144893181
9931,20260807,5,72.14644622802734,0.0020762365491810986
9932,20260810,5,71.8973159790039,-0.003453118788914855
9933,20260811,5,71.95710754394531,0.0008316244372581494
9934,20260812,5,72.02686309814453,0.0009694046436847792
9935,20260813,5,72.22616577148438,0.0027670602989924298
9936,20260814,5,72.05675506591797,-0.0023455586179447208
9937,20260817,5,71.90728759765625,-0.002074301959961722
9938,20260818,5,71.96707153320312,0.0008314030127429817
9939,20260819,5,72.30587768554688,0.004707794066449278
9940,20260820,5,72.0866470336914,-0.0030319893606559623
9941,20260821,5,71.97704315185547,-0.0015204463842618532
9942,20260824,5,72.11654663085938,0.0019381662943500633
9943,20260825,5,72.41549682617188,0.0041453759127254575
9944,20260826,5,72.32581329345703,-0.0012384577424100485
9945,20260827,5,72.28594970703125,-0.0005511667910879092
9946,20260828,5,72.05675506591797,-0.0031706665270663237
9947,20260831,5,71.98699951171875,-0.0009680640508361593
